Contact Name,Part Group,Material,Material Desc,Score,Reason,Recommendation Type,Rank
A M AUTO SALES,LUBES,ZF04N65832AST,GREEN COOLANT BOTTLE (1 LTR),0.9999999999999755,Personal Repeat Purchase,1,1
A M AUTO SALES,LUBES,ZF04N445957GM,Engine Oil 2W 20W40 4T,0.852,Cross-State Trending,1,2
A M AUTO SALES,BRAKE PARTS,ZF04N491707GM,SHOE KIT LH; IAM BAJAJ REGC,0.6380157170923222,Personal Repeat Purchase,1,3
A M AUTO SALES,BRAKE PARTS,ZF04N491717GM,SHOE KIT RH; IAM BAJAJ REGC,0.6178781925343659,Personal Repeat Purchase,1,4
A M AUTO SALES,AC GAS,ZF04N260123AC,R134A GAS CAN,0.61,Cross-State Trending,1,5
A M AUTO SALES,LUBES,ZF04N65848AST,2W ENGINE OIL BOTTLE 20W40 (4T) (900 ml),0.587,Cross-State Trending,1,6
A M AUTO SALES,LUBES,ZF04N65833AST,RED COOLANT BOTTLE (1 LTR),0.4557956777995959,Personal Repeat Purchase,1,7
A M AUTO SALES,BRAKE FLUID,ZF86AB70097GM,BRAKE FLUID 1/4 Lt  DOT4 (Non Petroleum),0.3988212180746464,Personal Repeat Purchase,1,8
A S ENTERPRISES,BRAKE FLUID,ZF86AB70007GM,BRAKE FLUID 100ml DOT3 (Non Petroleum),0.999999999999946,Personal Repeat Purchase,1,1
A S ENTERPRISES,BRAKE FLUID,ZF86AB70097GM,BRAKE FLUID 1/4 Lt  DOT4 (Non Petroleum),0.9374999999999495,Personal Repeat Purchase,1,2
A S ENTERPRISES,LUBES,ZF04N216677GM,EP - 90 Gear Fluid 26 ltr,0.929,Cross-State Trending,1,3
A S ENTERPRISES,BRAKE FLUID,ZF04L708617GM,BRAKE FLUID 100 ml  DOT4 (Non Petroleum),0.6874999999999629,Personal Repeat Purchase,1,4
A S ENTERPRISES,BRAKE FLUID,ZF86AB70057GM,BRAKE FLUID 1/4 LTR DOT3 (Non Petroleum),0.6249999999999664,Personal Repeat Purchase,1,5
A S ENTERPRISES,OTHERS,ZF04L952157GM,POWER STEERING OIL BOTTLE(500ml),0.6249999999999664,Personal Repeat Purchase,1,6
A S ENTERPRISES,AC GAS,ZF04N260123AC,R134A GAS CAN,0.61,Cross-State Trending,1,7
A S ENTERPRISES,LUBES,ZF04N65848AST,2W ENGINE OIL BOTTLE 20W40 (4T) (900 ml),0.587,Cross-State Trending,1,8
AGARWAL AUTO AGENCIES,BRAKE PARTS,ZF04L71188KIT,MINOR KIT TMC PIAGGIO,0.9999999999982142,Personal Repeat Purchase,1,1
AGARWAL AUTO AGENCIES,BRAKE PARTS,ZF86AB73617GM,SHOE KIT  RH(A.A.),0.9999999999982142,Personal Repeat Purchase,1,2
AGARWAL AUTO AGENCIES,BRAKE PARTS,ZF86AB77527GM,SHOE KIT,0.9999999999982142,Personal Repeat Purchase,1,3
AGARWAL AUTO AGENCIES,LUBES,ZF04N216677GM,EP - 90 Gear Fluid 26 ltr,0.929,Cross-State Trending,1,4
AGARWAL AUTO AGENCIES,AC GAS,ZF04N260123AC,R134A GAS CAN,0.61,Cross-State Trending,1,5
AGARWAL AUTO AGENCIES,LUBES,ZF04N65848AST,2W ENGINE OIL BOTTLE 20W40 (4T) (900 ml),0.587,Cross-State Trending,1,6
AGGARWAL AUTO AGENCIES,BRAKE PARTS,ZF86AB73627GM,SHOE KIT LH (A.A.),0.9999999999999891,Personal Repeat Purchase,1,1
AGGARWAL AUTO AGENCIES,BRAKE PARTS,ZF043189847GM,W/C ASSY. LH(19.05 mm),0.976635514018681,Personal Repeat Purchase,1,2
AGGARWAL AUTO AGENCIES,LUBES,ZF04N216677GM,EP - 90 Gear Fluid 26 ltr,0.929,Cross-State Trending,1,3
AGGARWAL AUTO AGENCIES,BRAKE PARTS,ZF86AB77527GM,SHOE KIT,0.9263203651380034,Personal Repeat Purchase,1,4
AGGARWAL AUTO AGENCIES,BRAKE PARTS,ZF86AB70567GM,SHOE KIT  (1 LEADING- 1 TRAILING),0.8228645946533273,Personal Repeat Purchase,1,5
AGGARWAL AUTO AGENCIES,BRAKE PARTS,ZF86AB73617GM,SHOE KIT  RH(A.A.),0.7212562486415918,Personal Repeat Purchase,1,6
AGGARWAL AUTO AGENCIES,AC GAS,ZF04N260123AC,R134A GAS CAN,0.61,Cross-State Trending,1,7
AGGARWAL AUTO AGENCIES,LUBES,ZF04N65848AST,2W ENGINE OIL BOTTLE 20W40 (4T) (900 ml),0.587,Cross-State Trending,1,8
ANKIT SALES,LUBES,ZF04N65848AST,2W ENGINE OIL BOTTLE 20W40 (4T) (900 ml),0.999999999999972,Personal Repeat Purchase,1,1
ANKIT SALES,LUBES,ZF04N216677GM,EP - 90 Gear Fluid 26 ltr,0.929,Cross-State Trending,1,2
ANKIT SALES,LUBES,ZF04N187507GM,EP - 90 Gear Fluid 500 ml,0.75,Cross-State Trending,1,3
ANKIT SALES,BRAKE PARTS,ZF86AB73627GM,SHOE KIT LH (A.A.),0.732551647124491,Personal Repeat Purchase,1,4
ANKIT SALES,BRAKE FLUID,ZF86AB70057GM,BRAKE FLUID 1/4 LTR DOT3 (Non Petroleum),0.6800670016750229,Personal Repeat Purchase,1,5
ANKIT SALES,AC GAS,ZF04N260123AC,R134A GAS CAN,0.61,Cross-State Trending,1,6
ANKIT SALES,BRAKE PARTS,ZF86AB73617GM,SHOE KIT  RH(A.A.),0.5650474595198055,Personal Repeat Purchase,1,7
ANKIT SALES,BRAKE PARTS,ZF04L82030KIT,MINOR KIT (Only Seals),0.45449469570071316,Personal Repeat Purchase,1,8
ARIHANT AGENCIES,LUBES,ZF04N65832AST,GREEN COOLANT BOTTLE (1 LTR),0.999999999999837,Personal Repeat Purchase,1,1
ARIHANT AGENCIES,LUBES,ZF04N65848AST,2W ENGINE OIL BOTTLE 20W40 (4T) (900 ml),0.9446254071659699,Personal Repeat Purchase,1,2
ARIHANT AGENCIES,LUBES,ZF04N65849AST,2W ENGINE OIL BOTTLE 20W40 (4T) (1 ltr),0.9446254071659699,Personal Repeat Purchase,1,3
ARIHANT AGENCIES,LUBES,ZF04N216677GM,EP - 90 Gear Fluid 26 ltr,0.929,Cross-State Trending,1,4
ARIHANT AGENCIES,LUBES,ZF04N187507GM,EP - 90 Gear Fluid 500 ml,0.75,Cross-State Trending,1,5
ARIHANT AGENCIES,LUBES,ZF04N65846AST,2W ENGINE OIL BOTTLE 10W30 (4T) (900 ml),0.6107491856676529,Personal Repeat Purchase,1,6
ARIHANT AGENCIES,AC GAS,ZF04N260123AC,R134A GAS CAN,0.61,Cross-State Trending,1,7
ARIHANT AGENCIES,OTHERS,ZF04L927677GM,SHOCK ABS OIl 175ml,0.2605863192181986,Personal Repeat Purchase,1,8
ARORA AUTOMOBILES,OTHERS,ZF04L927677GM,SHOCK ABS OIl 175ml,0.9999999999999425,Personal Repeat Purchase,1,1
ARORA AUTOMOBILES,LUBES,ZF04N216677GM,EP - 90 Gear Fluid 26 ltr,0.929,Cross-State Trending,1,2
ARORA AUTOMOBILES,AC GAS,ZF04N260123AC,R134A GAS CAN,0.61,Cross-State Trending,1,3
ARORA AUTOMOBILES,LUBES,ZF04N65848AST,2W ENGINE OIL BOTTLE 20W40 (4T) (900 ml),0.587,Cross-State Trending,1,4
AS ACCESSORIES,BRAKE FLUID,ZF86AB70007GM,BRAKE FLUID 100ml DOT3 (Non Petroleum),0.9999999999997127,Personal Repeat Purchase,1,1
AS ACCESSORIES,LUBES,ZF04N216677GM,EP - 90 Gear Fluid 26 ltr,0.929,Cross-State Trending,1,2
AS ACCESSORIES,AC GAS,ZF04N260123AC,R134A GAS CAN,0.61,Cross-State Trending,1,3
AS ACCESSORIES,LUBES,ZF04N65848AST,2W ENGINE OIL BOTTLE 20W40 (4T) (900 ml),0.587,Cross-State Trending,1,4
ASHER AGENCIES BANGALORE,BRAKE PARTS,ZF047138407GM,"W/C ASSLY RR, Ø 15.87MM",0.9999999999999662,Personal Repeat Purchase,1,1
ASHER AGENCIES BANGALORE,BRAKE PARTS,ZF86AB75257GM,PAD KIT,0.9351351351351035,Personal Repeat Purchase,1,2
ASHER AGENCIES BANGALORE,LUBES,ZF04N216677GM,EP - 90 Gear Fluid 26 ltr,0.929,Cross-State Trending,1,3
ASHER AGENCIES BANGALORE,BRAKE PARTS,ZF043189417GM,W/C ASSY. LH.omni (k26/40),0.8902027027026727,Personal Repeat Purchase,1,4
ASHER AGENCIES BANGALORE,BRAKE PARTS,ZF043189317GM,W /C ASSY RH SANTRO,0.885472972972943,Personal Repeat Purchase,1,5
ASHER AGENCIES BANGALORE,BRAKE PARTS,ZF043189947GM,W/C ASSY LH SANTRO,0.8591216216215926,Personal Repeat Purchase,1,6
ASHER AGENCIES BANGALORE,AC GAS,ZF04N260123AC,R134A GAS CAN,0.61,Cross-State Trending,1,7
ASHER AGENCIES BANGALORE,LUBES,ZF04N65848AST,2W ENGINE OIL BOTTLE 20W40 (4T) (900 ml),0.587,Cross-State Trending,1,8
AUTO & ALLIED SPARES,EMS,ZF04N261775IC,IGNITION COIL,0.9999999999999525,Personal Repeat Purchase,1,1
AUTO & ALLIED SPARES,LUBES,ZF04N216677GM,EP - 90 Gear Fluid 26 ltr,0.929,Cross-State Trending,1,2
AUTO & ALLIED SPARES,AC GAS,ZF04N260123AC,R134A GAS CAN,0.61,Cross-State Trending,1,3
AUTO & ALLIED SPARES,LUBES,ZF04N65848AST,2W ENGINE OIL BOTTLE 20W40 (4T) (900 ml),0.587,Cross-State Trending,1,4
AUTO & ALLIED SPARES,EMS,ZF04N261765IC,IGNITION COIL,0.20882771713335505,Personal Repeat Purchase,1,5
AUTO & ALLIED SPARES,SUSPENSION,ZF04N330975SK,SHOCK ABSORBER FORTU_NER FR/FL,0.18604651162789815,Personal Repeat Purchase,1,6
AUTO & ALLIED SPARES,SUSPENSION,ZF04N330985SK,SHOCK ABSORBER  FORTU_NER RR/ RL,0.14238253440910573,Personal Repeat Purchase,1,7
AUTO & ALLIED SPARES,EMS,ZF04N261825IC,IGNITION COIL,0.06739439962031005,Personal Repeat Purchase,1,8
AUTO AGENCIES,BRAKE PARTS,ZF04L699607GM,W/C ASSY. XYLO (Equlnt)(K62/25),0.9999999999999701,Personal Repeat Purchase,1,1
AUTO AGENCIES,LUBES,ZF04N216677GM,EP - 90 Gear Fluid 26 ltr,0.929,Cross-State Trending,1,2
AUTO AGENCIES,AC GAS,ZF04N260123AC,R134A GAS CAN,0.61,Cross-State Trending,1,3
AUTO AGENCIES,LUBES,ZF04N65848AST,2W ENGINE OIL BOTTLE 20W40 (4T) (900 ml),0.587,Cross-State Trending,1,4
AUTO AGENCIES,BRAKE PARTS,ZF043185987GM,W/C  ASSY(15.87)(K14/100),0.4886634844868589,Personal Repeat Purchase,1,5
AUTO AGENCIES,BRAKE FLUID,ZF86AB70097GM,BRAKE FLUID 1/4 Lt  DOT4 (Non Petroleum),0.4152744630071475,Personal Repeat Purchase,1,6
AUTO AGENCIES,LUBES,ZF04N187517GM,EP - 90 Gear Fluid 1   ltr,0.31145584725536063,Personal Repeat Purchase,1,7
AUTO AGENCIES,BRAKE PARTS,ZF86AB73287GM,KBX  PAD KIT,0.22673031026252308,Personal Repeat Purchase,1,8
AUTO COMPONANTS,BRAKE PARTS,ZF04L929837TG,Rotor (Bolero),0.9999999999998305,Personal Repeat Purchase,1,1
AUTO COMPONANTS,LUBES,ZF04N468677GM,RADIATOR COOLANT GREEN 1 LTR,0.9830508474574604,Personal Repeat Purchase,1,2
AUTO COMPONANTS,LUBES,ZF04N216677GM,EP - 90 Gear Fluid 26 ltr,0.929,Cross-State Trending,1,3
AUTO COMPONANTS,AC GAS,ZF04N260123AC,R134A GAS CAN,0.61,Cross-State Trending,1,4
AUTO COMPONANTS,LUBES,ZF04N65848AST,2W ENGINE OIL BOTTLE 20W40 (4T) (900 ml),0.587,Cross-State Trending,1,5
AUTO COMPONANTS,BRAKE PARTS,ZF86AB75887GM,SHOE KIT(INCRIMENTAL ADJ.)15,0.4576271186439902,Personal Repeat Purchase,1,6
AUTO COMPONANTS,BRAKE PARTS,ZF043189137GM,WC ASSLY RAUS PETROL 23(K25/25),0.4237288135592502,Personal Repeat Purchase,1,7
AUTO COMPONANTS,BRAKE PARTS,ZF86AB75957GM,SHOE HOLD DOWN KIT(J93/250),0.4237288135592502,Personal Repeat Purchase,1,8
AUTO POINT,BRAKE FLUID,ZF86AB70057GM,BRAKE FLUID 1/4 LTR DOT3 (Non Petroleum),0.9999999999999712,Personal Repeat Purchase,1,1
AUTO POINT,LUBES,ZF04N216677GM,EP - 90 Gear Fluid 26 ltr,0.929,Cross-State Trending,1,2
AUTO POINT,BRAKE PARTS,ZF86AB73817GM,MINOR KIT W/C FR(J54/250),0.7928160919540002,Personal Repeat Purchase,1,3
AUTO POINT,BRAKE PARTS,ZF86AB73837GM,MINOR KIT W/C FR(J56/250),0.7862068965517015,Personal Repeat Purchase,1,4
AUTO POINT,BRAKE FLUID,ZF86AB70007GM,BRAKE FLUID 100ml DOT3 (Non Petroleum),0.6666666666666475,Personal Repeat Purchase,1,5
AUTO POINT,AC GAS,ZF04N260123AC,R134A GAS CAN,0.61,Cross-State Trending,1,6
AUTO POINT,LUBES,ZF04N65848AST,2W ENGINE OIL BOTTLE 20W40 (4T) (900 ml),0.587,Cross-State Trending,1,7
AUTO POINT,LUBES,ZF04N65832AST,GREEN COOLANT BOTTLE (1 LTR),0.5666666666666503,Personal Repeat Purchase,1,8
AUTOLIFE ENTERPRISES,BRAKE FLUID,ZF86AB70087GM,BRAKE FLUID 1/2 Lt DOT4 (Non Petroleum),0.9999999999998922,Personal Repeat Purchase,1,1
AUTOLIFE ENTERPRISES,LUBES,ZF04N216677GM,EP - 90 Gear Fluid 26 ltr,0.929,Cross-State Trending,1,2
AUTOLIFE ENTERPRISES,OTHERS,ZF04L952167GM,POWER STEERING FLUID 1 Ltr,0.8749999999999056,Personal Repeat Purchase,1,3
AUTOLIFE ENTERPRISES,AC GAS,ZF04N260123AC,R134A GAS CAN,0.61,Cross-State Trending,1,4
AUTOLIFE ENTERPRISES,LUBES,ZF04N65848AST,2W ENGINE OIL BOTTLE 20W40 (4T) (900 ml),0.587,Cross-State Trending,1,5
AUTOLIFE ENTERPRISES,BRAKE FLUID,ZF86AB70007GM,BRAKE FLUID 100ml DOT3 (Non Petroleum),0.4999999999999461,Personal Repeat Purchase,1,6
AUTOLIFE ENTERPRISES,BRAKE FLUID,ZF86AB70057GM,BRAKE FLUID 1/4 LTR DOT3 (Non Petroleum),0.4999999999999461,Personal Repeat Purchase,1,7
AUTOLIFE ENTERPRISES,BRAKE FLUID,ZF86AB70097GM,BRAKE FLUID 1/4 Lt  DOT4 (Non Petroleum),0.4224137931034027,Personal Repeat Purchase,1,8
Ahuja Auto Parts,BRAKE FLUID,ZF04L708617GM,BRAKE FLUID 100 ml  DOT4 (Non Petroleum),0.9999999999998768,Personal Repeat Purchase,1,1
Ahuja Auto Parts,LUBES,ZF04N216677GM,EP - 90 Gear Fluid 26 ltr,0.929,Cross-State Trending,1,2
Ahuja Auto Parts,AC GAS,ZF04N260123AC,R134A GAS CAN,0.61,Cross-State Trending,1,3
Ahuja Auto Parts,LUBES,ZF04N65848AST,2W ENGINE OIL BOTTLE 20W40 (4T) (900 ml),0.587,Cross-State Trending,1,4
Ahuja Auto Parts,BRAKE FLUID,ZF86AB70007GM,BRAKE FLUID 100ml DOT3 (Non Petroleum),0.571428571428501,Personal Repeat Purchase,1,5
Ahuja Auto Parts,LUBES,ZF047494947GM,RADIATOR COOLANT 500ML,0.22167487684726334,Personal Repeat Purchase,1,6
Ahuja Auto Parts,BRAKE PARTS,ZF04L789077TW,FIXED CALIPER ASSEMBLY Ø30 2W VESPA,0.057881773399007644,Personal Repeat Purchase,1,7
Ajmani Agencies,BRAKE FLUID,ZF86AB70097GM,BRAKE FLUID 1/4 Lt  DOT4 (Non Petroleum),0.9999999999999712,Personal Repeat Purchase,1,1
Ajmani Agencies,LUBES,ZF04N216677GM,EP - 90 Gear Fluid 26 ltr,0.929,Cross-State Trending,1,2
Ajmani Agencies,BRAKE PARTS,ZF86AB75887GM,SHOE KIT(INCRIMENTAL ADJ.)15,0.831609195402275,Personal Repeat Purchase,1,3
Ajmani Agencies,BRAKE FLUID,ZF86AB70057GM,BRAKE FLUID 1/4 LTR DOT3 (Non Petroleum),0.7666666666666446,Personal Repeat Purchase,1,4
Ajmani Agencies,BRAKE PARTS,ZF04L69665KIT,"TMC ASSEMBLY,Ø19.05,IAM,MSIL OMNI VAVE",0.6635057471264177,Personal Repeat Purchase,1,5
Ajmani Agencies,BRAKE PARTS,ZF043186027GM,WC ASSLY PVPL RR(K17/40),0.6350574712643495,Personal Repeat Purchase,1,6
Ajmani Agencies,AC GAS,ZF04N260123AC,R134A GAS CAN,0.61,Cross-State Trending,1,7
Ajmani Agencies,LUBES,ZF04N65848AST,2W ENGINE OIL BOTTLE 20W40 (4T) (900 ml),0.587,Cross-State Trending,1,8
Alagu Automobiles,BRAKE PARTS,ZF86AB73837GM,MINOR KIT W/C FR(J56/250),0.9999999999997333,Personal Repeat Purchase,1,1
Alagu Automobiles,BRAKE PARTS,ZF047138407GM,"W/C ASSLY RR, Ø 15.87MM",0.9866666666664036,Personal Repeat Purchase,1,2
Alagu Automobiles,LUBES,ZF04N216677GM,EP - 90 Gear Fluid 26 ltr,0.929,Cross-State Trending,1,3
Alagu Automobiles,BRAKE PARTS,ZF86AB77527GM,SHOE KIT,0.7466666666664675,Personal Repeat Purchase,1,4
Alagu Automobiles,BRAKE PARTS,ZF86AB70567GM,SHOE KIT  (1 LEADING- 1 TRAILING),0.7359999999998038,Personal Repeat Purchase,1,5
Alagu Automobiles,BRAKE PARTS,ZF043189017GM,W/C ASSY. RH(K23/40),0.6399999999998294,Personal Repeat Purchase,1,6
Alagu Automobiles,AC GAS,ZF04N260123AC,R134A GAS CAN,0.61,Cross-State Trending,1,7
Alagu Automobiles,LUBES,ZF04N65848AST,2W ENGINE OIL BOTTLE 20W40 (4T) (900 ml),0.587,Cross-State Trending,1,8
Amrik Sons (India),BRAKE FLUID,ZF86AB70007GM,BRAKE FLUID 100ml DOT3 (Non Petroleum),0.9999999999999823,Personal Repeat Purchase,1,1
Amrik Sons (India),LUBES,ZF04N216677GM,EP - 90 Gear Fluid 26 ltr,0.929,Cross-State Trending,1,2
Amrik Sons (India),BRAKE FLUID,ZF86AB70057GM,BRAKE FLUID 1/4 LTR DOT3 (Non Petroleum),0.8571428571428421,Personal Repeat Purchase,1,3
Amrik Sons (India),BRAKE FLUID,ZF86AB70097GM,BRAKE FLUID 1/4 Lt  DOT4 (Non Petroleum),0.6530612244897844,Personal Repeat Purchase,1,4
Amrik Sons (India),AC GAS,ZF04N260123AC,R134A GAS CAN,0.61,Cross-State Trending,1,5
Amrik Sons (India),LUBES,ZF04N65848AST,2W ENGINE OIL BOTTLE 20W40 (4T) (900 ml),0.587,Cross-State Trending,1,6
Amrik Sons (India),BRAKE FLUID,ZF04L708617GM,BRAKE FLUID 100 ml  DOT4 (Non Petroleum),0.40816326530611524,Personal Repeat Purchase,1,7
Amrik Sons (India),BRAKE FLUID,ZF86AB70047GM,BRAKE FLUID 1/2 Lt DOT3 (Non Petroleum),0.2104152005629801,Personal Repeat Purchase,1,8
Anuj Automobiles,BRAKE FLUID,ZF86AB70057GM,BRAKE FLUID 1/4 LTR DOT3 (Non Petroleum),0.9999999999999901,Personal Repeat Purchase,1,1
Anuj Automobiles,LUBES,ZF04N216677GM,EP - 90 Gear Fluid 26 ltr,0.929,Cross-State Trending,1,2
Anuj Automobiles,BRAKE FLUID,ZF86AB70097GM,BRAKE FLUID 1/4 Lt  DOT4 (Non Petroleum),0.630994847403878,Personal Repeat Purchase,1,3
Anuj Automobiles,AC GAS,ZF04N260123AC,R134A GAS CAN,0.61,Cross-State Trending,1,4
Anuj Automobiles,LUBES,ZF04N65848AST,2W ENGINE OIL BOTTLE 20W40 (4T) (900 ml),0.587,Cross-State Trending,1,5
Anuj Automobiles,BRAKE FLUID,ZF86AB70007GM,BRAKE FLUID 100ml DOT3 (Non Petroleum),0.4482758620689611,Personal Repeat Purchase,1,6
Anuj Automobiles,OTHERS,ZF04L952157GM,POWER STEERING OIL BOTTLE(500ml),0.3804994054696752,Personal Repeat Purchase,1,7
Anuj Automobiles,BRAKE PARTS,ZF86AB75887GM,SHOE KIT(INCRIMENTAL ADJ.)15,0.23345223939754028,Personal Repeat Purchase,1,8
Arora Genuine Spares Pvt. Ltd,BRAKE FLUID,ZF86AB70097GM,BRAKE FLUID 1/4 Lt  DOT4 (Non Petroleum),0.9999999999999216,Personal Repeat Purchase,1,1
Arora Genuine Spares Pvt. Ltd,LUBES,ZF04N216677GM,EP - 90 Gear Fluid 26 ltr,0.929,Cross-State Trending,1,2
Arora Genuine Spares Pvt. Ltd,LUBES,ZF04N66574AST,GEAR OIL BOTTLE (80W90) (2.5 ltr),0.9278996865203034,Personal Repeat Purchase,1,3
Arora Genuine Spares Pvt. Ltd,OTHERS,ZF04L952167GM,POWER STEERING FLUID 1 Ltr,0.6951410658306665,Personal Repeat Purchase,1,4
Arora Genuine Spares Pvt. Ltd,AC GAS,ZF04N260123AC,R134A GAS CAN,0.61,Cross-State Trending,1,5
Arora Genuine Spares Pvt. Ltd,LUBES,ZF04N65848AST,2W ENGINE OIL BOTTLE 20W40 (4T) (900 ml),0.587,Cross-State Trending,1,6
Arora Genuine Spares Pvt. Ltd,OTHERS,ZF04L952157GM,POWER STEERING OIL BOTTLE(500ml),0.4545454545454189,Personal Repeat Purchase,1,7
Arora Genuine Spares Pvt. Ltd,BRAKE PARTS,ZF86AB74827GM,PAD FRICTION KING,0.28213166144198415,Personal Repeat Purchase,1,8
Auto Mark,BRAKE FLUID,ZF86AB70057GM,BRAKE FLUID 1/4 LTR DOT3 (Non Petroleum),0.9999999999999958,Personal Repeat Purchase,1,1
Auto Mark,LUBES,ZF04N216677GM,EP - 90 Gear Fluid 26 ltr,0.929,Cross-State Trending,1,2
Auto Mark,BRAKE FLUID,ZF86AB70007GM,BRAKE FLUID 100ml DOT3 (Non Petroleum),0.8084152440075841,Personal Repeat Purchase,1,3
Auto Mark,BRAKE PARTS,ZF86AB73837GM,MINOR KIT W/C FR(J56/250),0.7234005863079811,Personal Repeat Purchase,1,4
Auto Mark,AC GAS,ZF04N260123AC,R134A GAS CAN,0.61,Cross-State Trending,1,5
Auto Mark,LUBES,ZF04N65848AST,2W ENGINE OIL BOTTLE 20W40 (4T) (900 ml),0.587,Cross-State Trending,1,6
Auto Mark,BRAKE PARTS,ZF04L71189KIT,MINOR KIT BAL TMC IAM,0.15847559924124782,Personal Repeat Purchase,1,7
Auto Mark,BRAKE PARTS,ZF043186027GM,WC ASSLY PVPL RR(K17/40),0.15584583548887673,Personal Repeat Purchase,1,8
Auto Spares,BRAKE FLUID,ZF86AB70097GM,BRAKE FLUID 1/4 Lt  DOT4 (Non Petroleum),0.9999999999997845,Personal Repeat Purchase,1,1
Auto Spares,OTHERS,ZF04L952157GM,POWER STEERING OIL BOTTLE(500ml),0.9999999999997845,Personal Repeat Purchase,1,2
Auto Spares,BRAKE PARTS,ZF86AB75887GM,SHOE KIT(INCRIMENTAL ADJ.)15,0.9482758620687611,Personal Repeat Purchase,1,3
Auto Spares,LUBES,ZF04N216677GM,EP - 90 Gear Fluid 26 ltr,0.929,Cross-State Trending,1,4
Auto Spares,BRAKE PARTS,ZF04N134127GM,Shoe Kit_Manza_Vista D_TCIC,0.9051724137929084,Personal Repeat Purchase,1,5
Auto Spares,BRAKE FLUID,ZF04L708617GM,BRAKE FLUID 100 ml  DOT4 (Non Petroleum),0.8620689655170556,Personal Repeat Purchase,1,6
Auto Spares,AC GAS,ZF04N260123AC,R134A GAS CAN,0.61,Cross-State Trending,1,7
Auto Spares,LUBES,ZF04N65848AST,2W ENGINE OIL BOTTLE 20W40 (4T) (900 ml),0.587,Cross-State Trending,1,8
BABA AUTOMOBILES,BRAKE PARTS,ZF86AB73627GM,SHOE KIT LH (A.A.),0.9999999999999578,Personal Repeat Purchase,1,1
BABA AUTOMOBILES,LUBES,ZF04N216677GM,EP - 90 Gear Fluid 26 ltr,0.929,Cross-State Trending,1,2
BABA AUTOMOBILES,BRAKE PARTS,ZF04L71189KIT,MINOR KIT BAL TMC IAM,0.7774030354131206,Personal Repeat Purchase,1,3
BABA AUTOMOBILES,BRAKE PARTS,ZF86AB73617GM,SHOE KIT  RH(A.A.),0.7706576728498832,Personal Repeat Purchase,1,4
BABA AUTOMOBILES,BRAKE PARTS,ZF86AB77527GM,SHOE KIT,0.7639123102866456,Personal Repeat Purchase,1,5
BABA AUTOMOBILES,BRAKE FLUID,ZF86AB70057GM,BRAKE FLUID 1/4 LTR DOT3 (Non Petroleum),0.733558178752077,Personal Repeat Purchase,1,6
BABA AUTOMOBILES,AC GAS,ZF04N260123AC,R134A GAS CAN,0.61,Cross-State Trending,1,7
BABA AUTOMOBILES,LUBES,ZF04N65848AST,2W ENGINE OIL BOTTLE 20W40 (4T) (900 ml),0.587,Cross-State Trending,1,8
BANTEX LUBE INDIA CO,BRAKE FLUID,ZF86AB70057GM,BRAKE FLUID 1/4 LTR DOT3 (Non Petroleum),0.999999999999996,Personal Repeat Purchase,1,1
BANTEX LUBE INDIA CO,BRAKE FLUID,ZF86AB70007GM,BRAKE FLUID 100ml DOT3 (Non Petroleum),0.9427972929423102,Personal Repeat Purchase,1,2
BANTEX LUBE INDIA CO,LUBES,ZF04N216677GM,EP - 90 Gear Fluid 26 ltr,0.929,Cross-State Trending,1,3
BANTEX LUBE INDIA CO,LUBES,ZF04N187507GM,EP - 90 Gear Fluid 500 ml,0.75,Cross-State Trending,1,4
BANTEX LUBE INDIA CO,AC GAS,ZF04N260123AC,R134A GAS CAN,0.61,Cross-State Trending,1,5
BANTEX LUBE INDIA CO,BRAKE FLUID,ZF86AB70097GM,BRAKE FLUID 1/4 Lt  DOT4 (Non Petroleum),0.20093457943925155,Personal Repeat Purchase,1,6
BANTEX LUBE INDIA CO,BRAKE FLUID,ZF04L708617GM,BRAKE FLUID 100 ml  DOT4 (Non Petroleum),0.18111504995165897,Personal Repeat Purchase,1,7
BANTEX LUBE INDIA CO,LUBES,ZF04N65832AST,GREEN COOLANT BOTTLE (1 LTR),0.15194972607154306,Personal Repeat Purchase,1,8
BEST AUTO MAKETING,OTHERS,ZF04L952157GM,POWER STEERING OIL BOTTLE(500ml),0.9999999999993334,Personal Repeat Purchase,1,1
BEST AUTO MAKETING,LUBES,ZF04N216677GM,EP - 90 Gear Fluid 26 ltr,0.929,Cross-State Trending,1,2
BEST AUTO MAKETING,BRAKE PARTS,ZF043189317GM,W /C ASSY RH SANTRO,0.6666666666662223,Personal Repeat Purchase,1,3
BEST AUTO MAKETING,BRAKE PARTS,ZF043189947GM,W/C ASSY LH SANTRO,0.6666666666662223,Personal Repeat Purchase,1,4
BEST AUTO MAKETING,AC GAS,ZF04N260123AC,R134A GAS CAN,0.61,Cross-State Trending,1,5
BEST AUTO MAKETING,LUBES,ZF04N65848AST,2W ENGINE OIL BOTTLE 20W40 (4T) (900 ml),0.587,Cross-State Trending,1,6
BEST AUTO MAKETING,OTHERS,ZF04L952167GM,POWER STEERING FLUID 1 Ltr,0.4999999999996667,Personal Repeat Purchase,1,7
BEST AUTO MAKETING,BRAKE PARTS,ZF86AB75887GM,SHOE KIT(INCRIMENTAL ADJ.)15,0.39999999999973335,Personal Repeat Purchase,1,8
BEST BUY AUTO PVT. LTD,BRAKE PARTS,ZF04L726307GM,Wheel Cylinder Assy,0.9999999999999137,Personal Repeat Purchase,1,1
BEST BUY AUTO PVT. LTD,EMS,ZF04N261775IC,IGNITION COIL,0.9310344827585404,Personal Repeat Purchase,1,2
BEST BUY AUTO PVT. LTD,LUBES,ZF04N216677GM,EP - 90 Gear Fluid 26 ltr,0.929,Cross-State Trending,1,3
BEST BUY AUTO PVT. LTD,BRAKE PARTS,ZF047144987GM,HOSE ASSY FRONT BRAKE (437mm),0.8655172413792357,Personal Repeat Purchase,1,4
BEST BUY AUTO PVT. LTD,BRAKE PARTS,ZF04N222127GM,Shoe Kit,0.799999999999931,Personal Repeat Purchase,1,5
BEST BUY AUTO PVT. LTD,AC GAS,ZF04N260123AC,R134A GAS CAN,0.61,Cross-State Trending,1,6
BEST BUY AUTO PVT. LTD,BRAKE PARTS,ZF86AB71457GM,PAD WINGER NEW (NEW)(I31/8),0.6077586206896027,Personal Repeat Purchase,1,7
BEST BUY AUTO PVT. LTD,LUBES,ZF04N65848AST,2W ENGINE OIL BOTTLE 20W40 (4T) (900 ml),0.587,Cross-State Trending,1,8
BHARAT TRADING COMPANY,LUBES,ZF04N65832AST,GREEN COOLANT BOTTLE (1 LTR),0.9999999999999546,Personal Repeat Purchase,1,1
BHARAT TRADING COMPANY,LUBES,ZF04N216677GM,EP - 90 Gear Fluid 26 ltr,0.929,Cross-State Trending,1,2
BHARAT TRADING COMPANY,AC GAS,ZF04N260123AC,R134A GAS CAN,0.61,Cross-State Trending,1,3
BHARAT TRADING COMPANY,LUBES,ZF04N65848AST,2W ENGINE OIL BOTTLE 20W40 (4T) (900 ml),0.587,Cross-State Trending,1,4
BHARAT TRADING COMPANY,BRAKE FLUID,ZF86AB70097GM,BRAKE FLUID 1/4 Lt  DOT4 (Non Petroleum),0.5789473684210263,Personal Repeat Purchase,1,5
BHARAT TRADING COMPANY,BRAKE PARTS,ZF043185987GM,W/C  ASSY(15.87)(K14/100),0.5390199637023348,Personal Repeat Purchase,1,6
BHARAT TRADING COMPANY,BRAKE PARTS,ZF86AB75887GM,SHOE KIT(INCRIMENTAL ADJ.)15,0.5009074410163112,Personal Repeat Purchase,1,7
BHARAT TRADING COMPANY,BRAKE FLUID,ZF04L708617GM,BRAKE FLUID 100 ml  DOT4 (Non Petroleum),0.4446460980036096,Personal Repeat Purchase,1,8
BHAVANI AUTO DISTRIBUTORS,BRAKE FLUID,ZF86AB70057GM,BRAKE FLUID 1/4 LTR DOT3 (Non Petroleum),0.9999999999999883,Personal Repeat Purchase,1,1
BHAVANI AUTO DISTRIBUTORS,LUBES,ZF04N216677GM,EP - 90 Gear Fluid 26 ltr,0.929,Cross-State Trending,1,2
BHAVANI AUTO DISTRIBUTORS,BRAKE FLUID,ZF86AB70007GM,BRAKE FLUID 100ml DOT3 (Non Petroleum),0.8108108108108013,Personal Repeat Purchase,1,3
BHAVANI AUTO DISTRIBUTORS,BRAKE FLUID,ZF04L708617GM,BRAKE FLUID 100 ml  DOT4 (Non Petroleum),0.7702702702702613,Personal Repeat Purchase,1,4
BHAVANI AUTO DISTRIBUTORS,BRAKE FLUID,ZF86AB70097GM,BRAKE FLUID 1/4 Lt  DOT4 (Non Petroleum),0.6621621621621544,Personal Repeat Purchase,1,5
BHAVANI AUTO DISTRIBUTORS,BRAKE PARTS,ZF86AB77527GM,SHOE KIT,0.6367660764212414,Personal Repeat Purchase,1,6
BHAVANI AUTO DISTRIBUTORS,AC GAS,ZF04N260123AC,R134A GAS CAN,0.61,Cross-State Trending,1,7
BHAVANI AUTO DISTRIBUTORS,LUBES,ZF04N65848AST,2W ENGINE OIL BOTTLE 20W40 (4T) (900 ml),0.587,Cross-State Trending,1,8
BK Sales,BRAKE FLUID,ZF86AB70057GM,BRAKE FLUID 1/4 LTR DOT3 (Non Petroleum),0.9999999999999871,Personal Repeat Purchase,1,1
BK Sales,LUBES,ZF04N216677GM,EP - 90 Gear Fluid 26 ltr,0.929,Cross-State Trending,1,2
BK Sales,LUBES,ZF04N65832AST,GREEN COOLANT BOTTLE (1 LTR),0.7014925373134238,Personal Repeat Purchase,1,3
BK Sales,BRAKE FLUID,ZF86AB70047GM,BRAKE FLUID 1/2 Lt DOT3 (Non Petroleum),0.6850231600617513,Personal Repeat Purchase,1,4
BK Sales,OTHERS,ZF04L952167GM,POWER STEERING FLUID 1 Ltr,0.6178589809572747,Personal Repeat Purchase,1,5
BK Sales,AC GAS,ZF04N260123AC,R134A GAS CAN,0.61,Cross-State Trending,1,6
BK Sales,LUBES,ZF04N65848AST,2W ENGINE OIL BOTTLE 20W40 (4T) (900 ml),0.587,Cross-State Trending,1,7
BK Sales,OTHERS,ZF04L952157GM,POWER STEERING OIL BOTTLE(500ml),0.4590838908903698,Personal Repeat Purchase,1,8
Bansal Motors,BRAKE FLUID,ZF86AB70057GM,BRAKE FLUID 1/4 LTR DOT3 (Non Petroleum),0.9999999999999977,Personal Repeat Purchase,1,1
Bansal Motors,LUBES,ZF04N187507GM,EP - 90 Gear Fluid 500 ml,0.75,Cross-State Trending,1,2
Bansal Motors,AC GAS,ZF04N260123AC,R134A GAS CAN,0.61,Cross-State Trending,1,3
Bansal Motors,BRAKE PARTS,ZF04L707227GM,Shoe Kit M_HAWK / Safari,0.605,Cross-State Trending,1,4
Bansal Motors,BRAKE FLUID,ZF86AB70097GM,BRAKE FLUID 1/4 Lt  DOT4 (Non Petroleum),0.3177604071986904,Personal Repeat Purchase,1,5
Bansal Motors,BRAKE FLUID,ZF86AB70007GM,BRAKE FLUID 100ml DOT3 (Non Petroleum),0.23459371023450226,Personal Repeat Purchase,1,6
Bansal Motors,LUBES,ZF04N438637GM,ENGINE OIL BOTTLE 20W40 (4T),0.10061806944191942,Personal Repeat Purchase,1,7
Bansal Motors,LUBES,ZF04N438657GM,2W ENGINE OIL BOTTLE 10W30 (4T) (1LTR),0.05953463006726036,Personal Repeat Purchase,1,8
British Auto Corporation,BRAKE PARTS,ZF86AB75887GM,SHOE KIT(INCRIMENTAL ADJ.)15,0.9999999999999756,Personal Repeat Purchase,1,1
British Auto Corporation,BRAKE PARTS,ZF043185987GM,W/C  ASSY(15.87)(K14/100),0.9401270772238284,Personal Repeat Purchase,1,2
British Auto Corporation,LUBES,ZF04N216677GM,EP - 90 Gear Fluid 26 ltr,0.929,Cross-State Trending,1,3
British Auto Corporation,BRAKE FLUID,ZF86AB70097GM,BRAKE FLUID 1/4 Lt  DOT4 (Non Petroleum),0.9071358748777881,Personal Repeat Purchase,1,4
British Auto Corporation,AC GAS,ZF04N260123AC,R134A GAS CAN,0.61,Cross-State Trending,1,5
British Auto Corporation,LUBES,ZF04N65848AST,2W ENGINE OIL BOTTLE 20W40 (4T) (900 ml),0.587,Cross-State Trending,1,6
British Auto Corporation,BRAKE PARTS,ZF86AB75957GM,SHOE HOLD DOWN KIT(J93/250),0.5559628543499375,Personal Repeat Purchase,1,7
British Auto Corporation,BRAKE FLUID,ZF86AB70057GM,BRAKE FLUID 1/4 LTR DOT3 (Non Petroleum),0.5102639296187559,Personal Repeat Purchase,1,8
CEL MARKETING PVT. LTD.,BRAKE FLUID,ZF86AB70057GM,BRAKE FLUID 1/4 LTR DOT3 (Non Petroleum),0.9999999999999918,Personal Repeat Purchase,1,1
CEL MARKETING PVT. LTD.,BRAKE PARTS,ZF043185987GM,W/C  ASSY(15.87)(K14/100),0.9684434270765127,Personal Repeat Purchase,1,2
CEL MARKETING PVT. LTD.,LUBES,ZF04N216677GM,EP - 90 Gear Fluid 26 ltr,0.929,Cross-State Trending,1,3
CEL MARKETING PVT. LTD.,LUBES,ZF04N445957GM,Engine Oil 2W 20W40 4T,0.852,Cross-State Trending,1,4
CEL MARKETING PVT. LTD.,BRAKE PARTS,ZF86AB73837GM,MINOR KIT W/C FR(J56/250),0.7681491170699741,Personal Repeat Purchase,1,5
CEL MARKETING PVT. LTD.,LUBES,ZF04N65832AST,GREEN COOLANT BOTTLE (1 LTR),0.7401896664486532,Personal Repeat Purchase,1,6
CEL MARKETING PVT. LTD.,BRAKE PARTS,ZF047138407GM,"W/C ASSLY RR, Ø 15.87MM",0.7323413996075807,Personal Repeat Purchase,1,7
CEL MARKETING PVT. LTD.,LUBES,ZF04N65848AST,2W ENGINE OIL BOTTLE 20W40 (4T) (900 ml),0.587,Cross-State Trending,1,8
COCHIN EXPORTS PVT. LTD.,BRAKE PARTS,ZF86AB73627GM,SHOE KIT LH (A.A.),0.9999999999999714,Personal Repeat Purchase,1,1
COCHIN EXPORTS PVT. LTD.,BRAKE PARTS,ZF86AB73617GM,SHOE KIT  RH(A.A.),0.9472174411933176,Personal Repeat Purchase,1,2
COCHIN EXPORTS PVT. LTD.,LUBES,ZF04N216677GM,EP - 90 Gear Fluid 26 ltr,0.929,Cross-State Trending,1,3
COCHIN EXPORTS PVT. LTD.,BRAKE PARTS,ZF047143677GM,SHOE RETURN SPRING(A.A),0.838209982788272,Personal Repeat Purchase,1,4
COCHIN EXPORTS PVT. LTD.,BRAKE PARTS,ZF86AB77527GM,SHOE KIT,0.8072289156626274,Personal Repeat Purchase,1,5
COCHIN EXPORTS PVT. LTD.,BRAKE PARTS,ZF86AB73637GM,SHOE KIT FRONT (A.A.),0.7799770510613661,Personal Repeat Purchase,1,6
COCHIN EXPORTS PVT. LTD.,AC GAS,ZF04N260123AC,R134A GAS CAN,0.61,Cross-State Trending,1,7
COCHIN EXPORTS PVT. LTD.,LUBES,ZF04N65848AST,2W ENGINE OIL BOTTLE 20W40 (4T) (900 ml),0.587,Cross-State Trending,1,8
CYBER AUTOMOBILES PVT. LTD.,BRAKE FLUID,ZF86AB70057GM,BRAKE FLUID 1/4 LTR DOT3 (Non Petroleum),0.9999999999999637,Personal Repeat Purchase,1,1
CYBER AUTOMOBILES PVT. LTD.,LUBES,ZF04N216677GM,EP - 90 Gear Fluid 26 ltr,0.929,Cross-State Trending,1,2
CYBER AUTOMOBILES PVT. LTD.,AC GAS,ZF04N260123AC,R134A GAS CAN,0.61,Cross-State Trending,1,3
CYBER AUTOMOBILES PVT. LTD.,LUBES,ZF04N65848AST,2W ENGINE OIL BOTTLE 20W40 (4T) (900 ml),0.587,Cross-State Trending,1,4
CYBER AUTOMOBILES PVT. LTD.,BRAKE FLUID,ZF86AB70007GM,BRAKE FLUID 100ml DOT3 (Non Petroleum),0.4629898403483141,Personal Repeat Purchase,1,5
CYBER AUTOMOBILES PVT. LTD.,BRAKE PARTS,ZF86AB70567GM,SHOE KIT  (1 LEADING- 1 TRAILING),0.32801161103046705,Personal Repeat Purchase,1,6
CYBER AUTOMOBILES PVT. LTD.,BRAKE PARTS,ZF04L71190KIT,MINOR KIT TMC,0.283018867924518,Personal Repeat Purchase,1,7
CYBER AUTOMOBILES PVT. LTD.,BRAKE PARTS,ZF043186027GM,WC ASSLY PVPL RR(K17/40),0.24673439767778496,Personal Repeat Purchase,1,8
Cochin Exports Pvt Ltd,BRAKE FLUID,ZF86AB70007GM,BRAKE FLUID 100ml DOT3 (Non Petroleum),0.9999999999999913,Personal Repeat Purchase,1,1
Cochin Exports Pvt Ltd,BRAKE FLUID,ZF86AB70057GM,BRAKE FLUID 1/4 LTR DOT3 (Non Petroleum),0.9595959595959512,Personal Repeat Purchase,1,2
Cochin Exports Pvt Ltd,LUBES,ZF04N216677GM,EP - 90 Gear Fluid 26 ltr,0.929,Cross-State Trending,1,3
Cochin Exports Pvt Ltd,BRAKE FLUID,ZF86AB70097GM,BRAKE FLUID 1/4 Lt  DOT4 (Non Petroleum),0.7885754092650575,Personal Repeat Purchase,1,4
Cochin Exports Pvt Ltd,BRAKE PARTS,ZF86AB77527GM,SHOE KIT,0.6827760362243062,Personal Repeat Purchase,1,5
Cochin Exports Pvt Ltd,BRAKE PARTS,ZF86AB73837GM,MINOR KIT W/C FR(J56/250),0.6408916753744284,Personal Repeat Purchase,1,6
Cochin Exports Pvt Ltd,AC GAS,ZF04N260123AC,R134A GAS CAN,0.61,Cross-State Trending,1,7
Cochin Exports Pvt Ltd,LUBES,ZF04N65848AST,2W ENGINE OIL BOTTLE 20W40 (4T) (900 ml),0.587,Cross-State Trending,1,8
Cyber Automobiles Pvt Lltd,BRAKE PARTS,ZF86AB73627GM,SHOE KIT LH (A.A.),0.9999999999999801,Personal Repeat Purchase,1,1
Cyber Automobiles Pvt Lltd,BRAKE PARTS,ZF86AB73617GM,SHOE KIT  RH(A.A.),0.9773494933439106,Personal Repeat Purchase,1,2
Cyber Automobiles Pvt Lltd,LUBES,ZF04N216677GM,EP - 90 Gear Fluid 26 ltr,0.929,Cross-State Trending,1,3
Cyber Automobiles Pvt Lltd,BRAKE PARTS,ZF043186027GM,WC ASSLY PVPL RR(K17/40),0.8736340154976977,Personal Repeat Purchase,1,4
Cyber Automobiles Pvt Lltd,BRAKE PARTS,ZF86AB73637GM,SHOE KIT FRONT (A.A.),0.6701768329028279,Personal Repeat Purchase,1,5
Cyber Automobiles Pvt Lltd,AC GAS,ZF04N260123AC,R134A GAS CAN,0.61,Cross-State Trending,1,6
Cyber Automobiles Pvt Lltd,BRAKE PARTS,ZF86AB77527GM,SHOE KIT,0.6060003973772977,Personal Repeat Purchase,1,7
Cyber Automobiles Pvt Lltd,LUBES,ZF04N65848AST,2W ENGINE OIL BOTTLE 20W40 (4T) (900 ml),0.587,Cross-State Trending,1,8
D.K.ENTERPRISES,BRAKE FLUID,ZF86AB70097GM,BRAKE FLUID 1/4 Lt  DOT4 (Non Petroleum),0.9999999999999768,Personal Repeat Purchase,1,1
D.K.ENTERPRISES,LUBES,ZF04N216677GM,EP - 90 Gear Fluid 26 ltr,0.929,Cross-State Trending,1,2
D.K.ENTERPRISES,BRAKE PARTS,ZF86AB70567GM,SHOE KIT  (1 LEADING- 1 TRAILING),0.6692200557102909,Personal Repeat Purchase,1,3
D.K.ENTERPRISES,AC GAS,ZF04N260123AC,R134A GAS CAN,0.61,Cross-State Trending,1,4
D.K.ENTERPRISES,BRAKE FLUID,ZF86AB70057GM,BRAKE FLUID 1/4 LTR DOT3 (Non Petroleum),0.6044568245125208,Personal Repeat Purchase,1,5
D.K.ENTERPRISES,LUBES,ZF04N65848AST,2W ENGINE OIL BOTTLE 20W40 (4T) (900 ml),0.587,Cross-State Trending,1,6
D.K.ENTERPRISES,BRAKE PARTS,ZF86AB73617GM,SHOE KIT  RH(A.A.),0.5598885793871736,Personal Repeat Purchase,1,7
D.K.ENTERPRISES,BRAKE PARTS,ZF86AB73627GM,SHOE KIT LH (A.A.),0.5324976787372206,Personal Repeat Purchase,1,8
DOKANIA AUTO AGENCY,BRAKE FLUID,ZF86AB70097GM,BRAKE FLUID 1/4 Lt  DOT4 (Non Petroleum),0.9999999999999196,Personal Repeat Purchase,1,1
DOKANIA AUTO AGENCY,LUBES,ZF04N216677GM,EP - 90 Gear Fluid 26 ltr,0.929,Cross-State Trending,1,2
DOKANIA AUTO AGENCY,BRAKE FLUID,ZF86AB70057GM,BRAKE FLUID 1/4 LTR DOT3 (Non Petroleum),0.8392282958198682,Personal Repeat Purchase,1,3
DOKANIA AUTO AGENCY,LUBES,ZF04N187507GM,EP - 90 Gear Fluid 500 ml,0.75,Cross-State Trending,1,4
DOKANIA AUTO AGENCY,LUBES,ZF04N65848AST,2W ENGINE OIL BOTTLE 20W40 (4T) (900 ml),0.587,Cross-State Trending,1,5
DOKANIA AUTO AGENCY,BRAKE PARTS,ZF86AB75867GM,MINOR KIT W/C(J91/250),0.46221864951764774,Personal Repeat Purchase,1,6
DOKANIA AUTO AGENCY,AC GAS,ZF04N260123AC,R134A GAS CAN,0.40192926045012844,Personal Repeat Purchase,1,7
DOKANIA AUTO AGENCY,BRAKE PARTS,ZF86AB73837GM,MINOR KIT W/C FR(J56/250),0.40192926045012844,Personal Repeat Purchase,1,8
Daulat Motor Company,BRAKE FLUID,ZF86AB70057GM,BRAKE FLUID 1/4 LTR DOT3 (Non Petroleum),0.999999999999998,Personal Repeat Purchase,1,1
Daulat Motor Company,BRAKE FLUID,ZF86AB70007GM,BRAKE FLUID 100ml DOT3 (Non Petroleum),0.6629507188436983,Personal Repeat Purchase,1,2
Daulat Motor Company,AC GAS,ZF04N260123AC,R134A GAS CAN,0.61,Cross-State Trending,1,3
Daulat Motor Company,BRAKE PARTS,ZF04N129287TG,ROTOR (MAX PASSENGER),0.598,Cross-State Trending,1,4
Daulat Motor Company,BRAKE FLUID,ZF86AB70097GM,BRAKE FLUID 1/4 Lt  DOT4 (Non Petroleum),0.556162066579533,Personal Repeat Purchase,1,5
Daulat Motor Company,SUSPENSION,ZF04N330985SK,SHOCK ABSORBER  FORTU_NER RR/ RL,0.516,Cross-State Trending,1,6
Daulat Motor Company,LUBES,ZF04N65832AST,GREEN COOLANT BOTTLE (1 LTR),0.22343737987237597,Personal Repeat Purchase,1,7
Daulat Motor Company,BRAKE PARTS,ZF86AB73837GM,MINOR KIT W/C FR(J56/250),0.2104635965249477,Personal Repeat Purchase,1,8
Devshi Motors Private Limited,BRAKE FLUID,ZF86AB70087GM,BRAKE FLUID 1/2 Lt DOT4 (Non Petroleum),0.9999999999999137,Personal Repeat Purchase,1,1
Devshi Motors Private Limited,LUBES,ZF04N216677GM,EP - 90 Gear Fluid 26 ltr,0.929,Cross-State Trending,1,2
Devshi Motors Private Limited,BRAKE FLUID,ZF86AB70057GM,BRAKE FLUID 1/4 LTR DOT3 (Non Petroleum),0.8999999999999224,Personal Repeat Purchase,1,3
Devshi Motors Private Limited,BRAKE FLUID,ZF86AB70097GM,BRAKE FLUID 1/4 Lt  DOT4 (Non Petroleum),0.8999999999999224,Personal Repeat Purchase,1,4
Devshi Motors Private Limited,AC GAS,ZF04N260123AC,R134A GAS CAN,0.61,Cross-State Trending,1,5
Devshi Motors Private Limited,LUBES,ZF04N65848AST,2W ENGINE OIL BOTTLE 20W40 (4T) (900 ml),0.587,Cross-State Trending,1,6
Devshi Motors Private Limited,LUBES,ZF04N187517GM,EP - 90 Gear Fluid 1   ltr,0.49999999999995687,Personal Repeat Purchase,1,7
Devshi Motors Private Limited,LUBES,ZF04N65833AST,RED COOLANT BOTTLE (1 LTR),0.49999999999995687,Personal Repeat Purchase,1,8
Diwakar Enterprises,BRAKE PARTS,ZF86AB75887GM,SHOE KIT(INCRIMENTAL ADJ.)15,0.999999999999958,Personal Repeat Purchase,1,1
Diwakar Enterprises,BRAKE FLUID,ZF86AB70057GM,BRAKE FLUID 1/4 LTR DOT3 (Non Petroleum),0.9739714525608323,Personal Repeat Purchase,1,2
Diwakar Enterprises,LUBES,ZF04N216677GM,EP - 90 Gear Fluid 26 ltr,0.929,Cross-State Trending,1,3
Diwakar Enterprises,BRAKE PARTS,ZF86AB73627GM,SHOE KIT LH (A.A.),0.6926952141057644,Personal Repeat Purchase,1,4
Diwakar Enterprises,BRAKE PARTS,ZF86AB77527GM,SHOE KIT,0.6834592779176875,Personal Repeat Purchase,1,5
Diwakar Enterprises,BRAKE PARTS,ZF043185987GM,W/C  ASSY(15.87)(K14/100),0.6364399664147508,Personal Repeat Purchase,1,6
Diwakar Enterprises,AC GAS,ZF04N260123AC,R134A GAS CAN,0.61,Cross-State Trending,1,7
Diwakar Enterprises,LUBES,ZF04N65848AST,2W ENGINE OIL BOTTLE 20W40 (4T) (900 ml),0.587,Cross-State Trending,1,8
EASTERN ENGINEERS,LUBES,ZF04N65833AST,RED COOLANT BOTTLE (1 LTR),0.9999999999999408,Personal Repeat Purchase,1,1
EASTERN ENGINEERS,LUBES,ZF04N216677GM,EP - 90 Gear Fluid 26 ltr,0.929,Cross-State Trending,1,2
EASTERN ENGINEERS,LUBES,ZF04N65832AST,GREEN COOLANT BOTTLE (1 LTR),0.8226950354609442,Personal Repeat Purchase,1,3
EASTERN ENGINEERS,AC GAS,ZF04N260123AC,R134A GAS CAN,0.61,Cross-State Trending,1,4
EASTERN ENGINEERS,LUBES,ZF04N65848AST,2W ENGINE OIL BOTTLE 20W40 (4T) (900 ml),0.587,Cross-State Trending,1,5
EASTERN ENGINEERS,LUBES,ZF04N66571AST,GEAR OIL BOTTLE (80W90) (1 ltr),0.5484633569739629,Personal Repeat Purchase,1,6
EASTERN ENGINEERS,BRAKE FLUID,ZF86AB70057GM,BRAKE FLUID 1/4 LTR DOT3 (Non Petroleum),0.3427895981087268,Personal Repeat Purchase,1,7
EASTERN ENGINEERS,LUBES,ZF04N66574AST,GEAR OIL BOTTLE (80W90) (2.5 ltr),0.3427895981087268,Personal Repeat Purchase,1,8
Emm-Aar Agencies,BRAKE FLUID,ZF86AB70097GM,BRAKE FLUID 1/4 Lt  DOT4 (Non Petroleum),0.9999999999999336,Personal Repeat Purchase,1,1
Emm-Aar Agencies,LUBES,ZF04N216677GM,EP - 90 Gear Fluid 26 ltr,0.929,Cross-State Trending,1,2
Emm-Aar Agencies,BRAKE FLUID,ZF86AB70007GM,BRAKE FLUID 100ml DOT3 (Non Petroleum),0.6153846153845746,Personal Repeat Purchase,1,3
Emm-Aar Agencies,AC GAS,ZF04N260123AC,R134A GAS CAN,0.61,Cross-State Trending,1,4
Emm-Aar Agencies,BRAKE PARTS,ZF86AB73837GM,MINOR KIT W/C FR(J56/250),0.5968169761272814,Personal Repeat Purchase,1,5
Emm-Aar Agencies,LUBES,ZF04N65848AST,2W ENGINE OIL BOTTLE 20W40 (4T) (900 ml),0.587,Cross-State Trending,1,6
Emm-Aar Agencies,BRAKE FLUID,ZF86AB70047GM,BRAKE FLUID 1/2 Lt DOT3 (Non Petroleum),0.5198938992042096,Personal Repeat Purchase,1,7
Emm-Aar Agencies,BRAKE PARTS,ZF86AB77527GM,SHOE KIT,0.4310344827585921,Personal Repeat Purchase,1,8
Etna Motors (I) pvt. Ltd.,BRAKE FLUID,ZF86AB70057GM,BRAKE FLUID 1/4 LTR DOT3 (Non Petroleum),0.9999999999999934,Personal Repeat Purchase,1,1
Etna Motors (I) pvt. Ltd.,LUBES,ZF04N216677GM,EP - 90 Gear Fluid 26 ltr,0.929,Cross-State Trending,1,2
Etna Motors (I) pvt. Ltd.,LUBES,ZF04N445957GM,Engine Oil 2W 20W40 4T,0.852,Cross-State Trending,1,3
Etna Motors (I) pvt. Ltd.,AC GAS,ZF04N260123AC,R134A GAS CAN,0.61,Cross-State Trending,1,4
Etna Motors (I) pvt. Ltd.,BRAKE FLUID,ZF86AB70097GM,BRAKE FLUID 1/4 Lt  DOT4 (Non Petroleum),0.6060606060606021,Personal Repeat Purchase,1,5
Etna Motors (I) pvt. Ltd.,BRAKE FLUID,ZF86AB70007GM,BRAKE FLUID 100ml DOT3 (Non Petroleum),0.5833333333333295,Personal Repeat Purchase,1,6
Etna Motors (I) pvt. Ltd.,OTHERS,ZF04L952167GM,POWER STEERING FLUID 1 Ltr,0.36748955067920347,Personal Repeat Purchase,1,7
Etna Motors (I) pvt. Ltd.,OTHERS,ZF04L952157GM,POWER STEERING OIL BOTTLE(500ml),0.31491640543364474,Personal Repeat Purchase,1,8
Excellent Traders,LUBES,ZF04N65847AST,2W ENGINE OIL BOTTLE 10W30 (4T) (1 ltr),0.9999999999999425,Personal Repeat Purchase,1,1
Excellent Traders,LUBES,ZF04N65848AST,2W ENGINE OIL BOTTLE 20W40 (4T) (900 ml),0.9333333333332797,Personal Repeat Purchase,1,2
Excellent Traders,LUBES,ZF04N187507GM,EP - 90 Gear Fluid 500 ml,0.75,Cross-State Trending,1,3
Excellent Traders,AC GAS,ZF04N260123AC,R134A GAS CAN,0.61,Cross-State Trending,1,4
Excellent Traders,BRAKE PARTS,ZF04L707227GM,Shoe Kit M_HAWK / Safari,0.605,Cross-State Trending,1,5
Excellent Traders,LUBES,ZF04N65846AST,2W ENGINE OIL BOTTLE 10W30 (4T) (900 ml),0.33333333333331416,Personal Repeat Purchase,1,6
Excellent Traders,OTHERS,ZF04L927677GM,SHOCK ABS OIl 175ml,0.13333333333332567,Personal Repeat Purchase,1,7
Excellent Traders,OTHERS,ZF04L927687GM,SHOCK ABS OIL 350ml,0.13333333333332567,Personal Repeat Purchase,1,8
FAIR DEAL DIESEL PVT LTD,LUBES,ZF04N65832AST,GREEN COOLANT BOTTLE (1 LTR),0.9999999999999567,Personal Repeat Purchase,1,1
FAIR DEAL DIESEL PVT LTD,LUBES,ZF04N187507GM,EP - 90 Gear Fluid 500 ml,0.75,Cross-State Trending,1,2
FAIR DEAL DIESEL PVT LTD,AC GAS,ZF04N260123AC,R134A GAS CAN,0.61,Cross-State Trending,1,3
FAIR DEAL DIESEL PVT LTD,BRAKE PARTS,ZF04L707227GM,Shoe Kit M_HAWK / Safari,0.605,Cross-State Trending,1,4
FAIR DEAL DIESEL PVT LTD,LUBES,ZF04N65833AST,RED COOLANT BOTTLE (1 LTR),0.5516645049718741,Personal Repeat Purchase,1,5
FAIR DEAL DIESEL PVT LTD,LUBES,ZF04N216677GM,EP - 90 Gear Fluid 26 ltr,0.4539559014266989,Personal Repeat Purchase,1,6
FAIR DEAL DIESEL PVT LTD,OTHERS,ZF04L952167GM,POWER STEERING FLUID 1 Ltr,0.3981841763942759,Personal Repeat Purchase,1,7
FAIR DEAL DIESEL PVT LTD,OTHERS,ZF04L952157GM,POWER STEERING OIL BOTTLE(500ml),0.35105923043664716,Personal Repeat Purchase,1,8
GADIA SALES CORPORATION,BRAKE FLUID,ZF86AB70097GM,BRAKE FLUID 1/4 Lt  DOT4 (Non Petroleum),0.9999999999999795,Personal Repeat Purchase,1,1
GADIA SALES CORPORATION,LUBES,ZF04N216677GM,EP - 90 Gear Fluid 26 ltr,0.929,Cross-State Trending,1,2
GADIA SALES CORPORATION,AC GAS,ZF04N260123AC,R134A GAS CAN,0.61,Cross-State Trending,1,3
GADIA SALES CORPORATION,LUBES,ZF04N65848AST,2W ENGINE OIL BOTTLE 20W40 (4T) (900 ml),0.587,Cross-State Trending,1,4
GADIA SALES CORPORATION,BRAKE PARTS,ZF04L92349KIT,TMC Assy Compact,0.49322660098521154,Personal Repeat Purchase,1,5
GADIA SALES CORPORATION,BRAKE PARTS,ZF04N491717GM,SHOE KIT RH; IAM BAJAJ REGC,0.3891625615763467,Personal Repeat Purchase,1,6
GADIA SALES CORPORATION,BRAKE FLUID,ZF86AB70057GM,BRAKE FLUID 1/4 LTR DOT3 (Non Petroleum),0.3809523809523731,Personal Repeat Purchase,1,7
GADIA SALES CORPORATION,BRAKE PARTS,ZF043185987GM,W/C  ASSY(15.87)(K14/100),0.34482758620688947,Personal Repeat Purchase,1,8
GARUDA AUTOMOTIVES,BRAKE FLUID,ZF86AB70057GM,BRAKE FLUID 1/4 LTR DOT3 (Non Petroleum),0.9999999999999608,Personal Repeat Purchase,1,1
GARUDA AUTOMOTIVES,LUBES,ZF04N216677GM,EP - 90 Gear Fluid 26 ltr,0.929,Cross-State Trending,1,2
GARUDA AUTOMOTIVES,OTHERS,ZF04L952167GM,POWER STEERING FLUID 1 Ltr,0.8315047021943248,Personal Repeat Purchase,1,3
GARUDA AUTOMOTIVES,BRAKE FLUID,ZF86AB70047GM,BRAKE FLUID 1/2 Lt DOT3 (Non Petroleum),0.761755485893387,Personal Repeat Purchase,1,4
GARUDA AUTOMOTIVES,AC GAS,ZF04N260123AC,R134A GAS CAN,0.61,Cross-State Trending,1,5
GARUDA AUTOMOTIVES,BRAKE FLUID,ZF86AB70097GM,BRAKE FLUID 1/4 Lt  DOT4 (Non Petroleum),0.5909090909090677,Personal Repeat Purchase,1,6
GARUDA AUTOMOTIVES,LUBES,ZF04N65848AST,2W ENGINE OIL BOTTLE 20W40 (4T) (900 ml),0.587,Cross-State Trending,1,7
GARUDA AUTOMOTIVES,BRAKE FLUID,ZF86AB70087GM,BRAKE FLUID 1/2 Lt DOT4 (Non Petroleum),0.5658307210031126,Personal Repeat Purchase,1,8
GAYATRY AUTO CORPORATION,BRAKE FLUID,ZF86AB70057GM,BRAKE FLUID 1/4 LTR DOT3 (Non Petroleum),0.9999999999999655,Personal Repeat Purchase,1,1
GAYATRY AUTO CORPORATION,LUBES,ZF04N216677GM,EP - 90 Gear Fluid 26 ltr,0.929,Cross-State Trending,1,2
GAYATRY AUTO CORPORATION,BRAKE FLUID,ZF86AB70097GM,BRAKE FLUID 1/4 Lt  DOT4 (Non Petroleum),0.7999999999999724,Personal Repeat Purchase,1,3
GAYATRY AUTO CORPORATION,OTHERS,ZF04L952157GM,POWER STEERING OIL BOTTLE(500ml),0.7834482758620419,Personal Repeat Purchase,1,4
GAYATRY AUTO CORPORATION,OTHERS,ZF04L952167GM,POWER STEERING FLUID 1 Ltr,0.7010344827585965,Personal Repeat Purchase,1,5
GAYATRY AUTO CORPORATION,BRAKE FLUID,ZF86AB70007GM,BRAKE FLUID 100ml DOT3 (Non Petroleum),0.6399999999999779,Personal Repeat Purchase,1,6
GAYATRY AUTO CORPORATION,AC GAS,ZF04N260123AC,R134A GAS CAN,0.61,Cross-State Trending,1,7
GAYATRY AUTO CORPORATION,LUBES,ZF04N65848AST,2W ENGINE OIL BOTTLE 20W40 (4T) (900 ml),0.587,Cross-State Trending,1,8
GLOBAL TRADERS,BRAKE FLUID,ZF86AB70057GM,BRAKE FLUID 1/4 LTR DOT3 (Non Petroleum),0.9999999999999569,Personal Repeat Purchase,1,1
GLOBAL TRADERS,LUBES,ZF04N216677GM,EP - 90 Gear Fluid 26 ltr,0.929,Cross-State Trending,1,2
GLOBAL TRADERS,AC GAS,ZF04N260123AC,R134A GAS CAN,0.61,Cross-State Trending,1,3
GLOBAL TRADERS,LUBES,ZF04N65848AST,2W ENGINE OIL BOTTLE 20W40 (4T) (900 ml),0.587,Cross-State Trending,1,4
GLOBAL TRADERS,BRAKE PARTS,ZF86AB73627GM,SHOE KIT LH (A.A.),0.4655172413792903,Personal Repeat Purchase,1,5
GLOBAL TRADERS,BRAKE PARTS,ZF86AB73637GM,SHOE KIT FRONT (A.A.),0.3232758620689516,Personal Repeat Purchase,1,6
GLOBAL TRADERS,BRAKE PARTS,ZF86AB77527GM,SHOE KIT,0.2693965517241263,Personal Repeat Purchase,1,7
GLOBAL TRADERS,BRAKE PARTS,ZF86AB73837GM,MINOR KIT W/C FR(J56/250),0.24999999999998923,Personal Repeat Purchase,1,8
GMC MARKETING,BRAKE FLUID,ZF86AB70057GM,BRAKE FLUID 1/4 LTR DOT3 (Non Petroleum),0.9999999999999736,Personal Repeat Purchase,1,1
GMC MARKETING,LUBES,ZF04N216677GM,EP - 90 Gear Fluid 26 ltr,0.929,Cross-State Trending,1,2
GMC MARKETING,AC GAS,ZF04N260123AC,R134A GAS CAN,0.61,Cross-State Trending,1,3
GMC MARKETING,LUBES,ZF04N65848AST,2W ENGINE OIL BOTTLE 20W40 (4T) (900 ml),0.587,Cross-State Trending,1,4
GMC MARKETING,BRAKE PARTS,ZF86AB77527GM,SHOE KIT,0.4156118143459806,Personal Repeat Purchase,1,5
GMC MARKETING,BRAKE FLUID,ZF86AB70097GM,BRAKE FLUID 1/4 Lt  DOT4 (Non Petroleum),0.3776371308016778,Personal Repeat Purchase,1,6
GMC MARKETING,BRAKE FLUID,ZF04L708617GM,BRAKE FLUID 100 ml  DOT4 (Non Petroleum),0.3059071729957725,Personal Repeat Purchase,1,7
GMC MARKETING,OTHERS,ZF04L952157GM,POWER STEERING OIL BOTTLE(500ml),0.28744725738395865,Personal Repeat Purchase,1,8
GMC Marketing-Goa,OTHERS,ZF04L952157GM,POWER STEERING OIL BOTTLE(500ml),0.9999999999996667,Personal Repeat Purchase,1,1
GMC Marketing-Goa,LUBES,ZF04N216677GM,EP - 90 Gear Fluid 26 ltr,0.929,Cross-State Trending,1,2
GMC Marketing-Goa,BRAKE PARTS,ZF86AB75097GM,MINOR KIT W/C FRT.(J77/500),0.8333333333330556,Personal Repeat Purchase,1,3
GMC Marketing-Goa,BRAKE PARTS,ZF043185987GM,W/C  ASSY(15.87)(K14/100),0.6666666666664445,Personal Repeat Purchase,1,4
GMC Marketing-Goa,AC GAS,ZF04N260123AC,R134A GAS CAN,0.61,Cross-State Trending,1,5
GMC Marketing-Goa,LUBES,ZF04N65848AST,2W ENGINE OIL BOTTLE 20W40 (4T) (900 ml),0.587,Cross-State Trending,1,6
GMC Marketing-Goa,BRAKE PARTS,ZF86AB75887GM,SHOE KIT(INCRIMENTAL ADJ.)15,0.49999999999983336,Personal Repeat Purchase,1,7
GMC Marketing-Goa,BRAKE PARTS,ZF043185777GM,W/C ASSY. FRT. RH. R1 ONE TUBE SEAT(25.4,0.33333333333322224,Personal Repeat Purchase,1,8
Gagan Automobiles,LUBES,ZF04N65832AST,GREEN COOLANT BOTTLE (1 LTR),0.9999999999999137,Personal Repeat Purchase,1,1
Gagan Automobiles,LUBES,ZF04N216677GM,EP - 90 Gear Fluid 26 ltr,0.929,Cross-State Trending,1,2
Gagan Automobiles,OTHERS,ZF04L952157GM,POWER STEERING OIL BOTTLE(500ml),0.758620689655107,Personal Repeat Purchase,1,3
Gagan Automobiles,LUBES,ZF04N187507GM,EP - 90 Gear Fluid 500 ml,0.75,Cross-State Trending,1,4
Gagan Automobiles,AC GAS,ZF04N260123AC,R134A GAS CAN,0.61,Cross-State Trending,1,5
Gagan Automobiles,BRAKE FLUID,ZF86AB70057GM,BRAKE FLUID 1/4 LTR DOT3 (Non Petroleum),0.5999999999999482,Personal Repeat Purchase,1,6
Gagan Automobiles,LUBES,ZF04N528967GM,3W ENGINE OIL 15W40 CH4 (1 LTR),0.5999999999999482,Personal Repeat Purchase,1,7
Gagan Automobiles,BRAKE PARTS,ZF04L82030KIT,MINOR KIT (Only Seals),0.4862068965516822,Personal Repeat Purchase,1,8
Globe Auto Line,BRAKE PARTS,ZF043185987GM,W/C  ASSY(15.87)(K14/100),0.9999999999999746,Personal Repeat Purchase,1,1
Globe Auto Line,LUBES,ZF04N216677GM,EP - 90 Gear Fluid 26 ltr,0.929,Cross-State Trending,1,2
Globe Auto Line,BRAKE PARTS,ZF047138407GM,"W/C ASSLY RR, Ø 15.87MM",0.8364652107668655,Personal Repeat Purchase,1,3
Globe Auto Line,BRAKE PARTS,ZF86AB77527GM,SHOE KIT,0.8103098019298931,Personal Repeat Purchase,1,4
Globe Auto Line,OTHERS,ZF04L952157GM,POWER STEERING OIL BOTTLE(500ml),0.7745048247841347,Personal Repeat Purchase,1,5
Globe Auto Line,LUBES,ZF04N65832AST,GREEN COOLANT BOTTLE (1 LTR),0.7361604875571169,Personal Repeat Purchase,1,6
Globe Auto Line,AC GAS,ZF04N260123AC,R134A GAS CAN,0.61,Cross-State Trending,1,7
Globe Auto Line,LUBES,ZF04N65848AST,2W ENGINE OIL BOTTLE 20W40 (4T) (900 ml),0.587,Cross-State Trending,1,8
Globe Auto Lines,BRAKE FLUID,ZF86AB70057GM,BRAKE FLUID 1/4 LTR DOT3 (Non Petroleum),0.9999999999999216,Personal Repeat Purchase,1,1
Globe Auto Lines,LUBES,ZF04N216677GM,EP - 90 Gear Fluid 26 ltr,0.929,Cross-State Trending,1,2
Globe Auto Lines,BRAKE FLUID,ZF86AB70097GM,BRAKE FLUID 1/4 Lt  DOT4 (Non Petroleum),0.8181818181817541,Personal Repeat Purchase,1,3
Globe Auto Lines,AC GAS,ZF04N260123AC,R134A GAS CAN,0.61,Cross-State Trending,1,4
Globe Auto Lines,LUBES,ZF04N65848AST,2W ENGINE OIL BOTTLE 20W40 (4T) (900 ml),0.587,Cross-State Trending,1,5
Globe Auto Lines,OTHERS,ZF04L952157GM,POWER STEERING OIL BOTTLE(500ml),0.5344827586206478,Personal Repeat Purchase,1,6
Globe Auto Lines,BRAKE PARTS,ZF047138407GM,"W/C ASSLY RR, Ø 15.87MM",0.49373040752347225,Personal Repeat Purchase,1,7
Globe Auto Lines,BRAKE PARTS,ZF043189417GM,W/C ASSY. LH.omni (k26/40),0.4780564263322509,Personal Repeat Purchase,1,8
Goa Motors,BRAKE FLUID,ZF86AB70097GM,BRAKE FLUID 1/4 Lt  DOT4 (Non Petroleum),0.9999999999998161,Personal Repeat Purchase,1,1
Goa Motors,LUBES,ZF04N216677GM,EP - 90 Gear Fluid 26 ltr,0.929,Cross-State Trending,1,2
Goa Motors,BRAKE PARTS,ZF043185987GM,W/C  ASSY(15.87)(K14/100),0.9191176470586545,Personal Repeat Purchase,1,3
Goa Motors,BRAKE PARTS,ZF86AB75887GM,SHOE KIT(INCRIMENTAL ADJ.)15,0.7904411764704429,Personal Repeat Purchase,1,4
Goa Motors,AC GAS,ZF04N260123AC,R134A GAS CAN,0.61,Cross-State Trending,1,5
Goa Motors,BRAKE FLUID,ZF86AB70057GM,BRAKE FLUID 1/4 LTR DOT3 (Non Petroleum),0.5882352941175388,Personal Repeat Purchase,1,6
Goa Motors,LUBES,ZF04N65848AST,2W ENGINE OIL BOTTLE 20W40 (4T) (900 ml),0.587,Cross-State Trending,1,7
Goa Motors,BRAKE PARTS,ZF043189017GM,W/C ASSY. RH(K23/40),0.47794117647050033,Personal Repeat Purchase,1,8
Hari Shankar Automobile,BRAKE PARTS,ZF86AB77527GM,SHOE KIT,0.9999999999999782,Personal Repeat Purchase,1,1
Hari Shankar Automobile,BRAKE PARTS,ZF043186027GM,WC ASSLY PVPL RR(K17/40),0.9978298611110894,Personal Repeat Purchase,1,2
Hari Shankar Automobile,LUBES,ZF04N216677GM,EP - 90 Gear Fluid 26 ltr,0.929,Cross-State Trending,1,3
Hari Shankar Automobile,BRAKE PARTS,ZF04L69678KIT,"TMC ASSLY WITH RESERVOIR, PVPL APE501",0.8815104166666475,Personal Repeat Purchase,1,4
Hari Shankar Automobile,BRAKE PARTS,ZF04L71188KIT,MINOR KIT TMC PIAGGIO,0.6597222222222079,Personal Repeat Purchase,1,5
Hari Shankar Automobile,BRAKE FLUID,ZF86AB70057GM,BRAKE FLUID 1/4 LTR DOT3 (Non Petroleum),0.655815972222208,Personal Repeat Purchase,1,6
Hari Shankar Automobile,AC GAS,ZF04N260123AC,R134A GAS CAN,0.61,Cross-State Trending,1,7
Hari Shankar Automobile,LUBES,ZF04N65848AST,2W ENGINE OIL BOTTLE 20W40 (4T) (900 ml),0.587,Cross-State Trending,1,8
IMPERIAL  MOTOR  STORES,BRAKE FLUID,ZF86AB70057GM,BRAKE FLUID 1/4 LTR DOT3 (Non Petroleum),0.9999999999999569,Personal Repeat Purchase,1,1
IMPERIAL  MOTOR  STORES,LUBES,ZF04N216677GM,EP - 90 Gear Fluid 26 ltr,0.929,Cross-State Trending,1,2
IMPERIAL  MOTOR  STORES,AC GAS,ZF04N260123AC,R134A GAS CAN,0.61,Cross-State Trending,1,3
IMPERIAL  MOTOR  STORES,LUBES,ZF04N65848AST,2W ENGINE OIL BOTTLE 20W40 (4T) (900 ml),0.587,Cross-State Trending,1,4
IMPERIAL  MOTOR  STORES,LUBES,ZF04N65832AST,GREEN COOLANT BOTTLE (1 LTR),0.411637931034465,Personal Repeat Purchase,1,5
IMPERIAL  MOTOR  STORES,BRAKE PARTS,ZF86AB73287GM,KBX  PAD KIT,0.3663793103448118,Personal Repeat Purchase,1,6
IMPERIAL  MOTOR  STORES,BRAKE PARTS,ZF86AB75887GM,SHOE KIT(INCRIMENTAL ADJ.)15,0.3663793103448118,Personal Repeat Purchase,1,7
IMPERIAL  MOTOR  STORES,LUBES,ZF04N65833AST,RED COOLANT BOTTLE (1 LTR),0.3232758620689516,Personal Repeat Purchase,1,8
J D Enterprises,BRAKE FLUID,ZF86AB70007GM,BRAKE FLUID 100ml DOT3 (Non Petroleum),0.9999999999999216,Personal Repeat Purchase,1,1
J D Enterprises,LUBES,ZF04N216677GM,EP - 90 Gear Fluid 26 ltr,0.929,Cross-State Trending,1,2
J D Enterprises,OTHERS,ZF04L952157GM,POWER STEERING OIL BOTTLE(500ml),0.8181818181817541,Personal Repeat Purchase,1,3
J D Enterprises,BRAKE FLUID,ZF04L708617GM,BRAKE FLUID 100 ml  DOT4 (Non Petroleum),0.7805642633228228,Personal Repeat Purchase,1,4
J D Enterprises,BRAKE FLUID,ZF86AB70057GM,BRAKE FLUID 1/4 LTR DOT3 (Non Petroleum),0.7272727272726702,Personal Repeat Purchase,1,5
J D Enterprises,AC GAS,ZF04N260123AC,R134A GAS CAN,0.61,Cross-State Trending,1,6
J D Enterprises,LUBES,ZF04N65848AST,2W ENGINE OIL BOTTLE 20W40 (4T) (900 ml),0.587,Cross-State Trending,1,7
J D Enterprises,LUBES,ZF04N187527GM,EP - 90 Gear Fluid 3   ltr,0.5172413793103042,Personal Repeat Purchase,1,8
JAGADAMBA AUTO PRIVATE LIMITED,BRAKE FLUID,ZF86AB70057GM,BRAKE FLUID 1/4 LTR DOT3 (Non Petroleum),0.999999999999968,Personal Repeat Purchase,1,1
JAGADAMBA AUTO PRIVATE LIMITED,LUBES,ZF04N216677GM,EP - 90 Gear Fluid 26 ltr,0.929,Cross-State Trending,1,2
JAGADAMBA AUTO PRIVATE LIMITED,AC GAS,ZF04N260123AC,R134A GAS CAN,0.61,Cross-State Trending,1,3
JAGADAMBA AUTO PRIVATE LIMITED,LUBES,ZF04N65848AST,2W ENGINE OIL BOTTLE 20W40 (4T) (900 ml),0.587,Cross-State Trending,1,4
JAGADAMBA AUTO PRIVATE LIMITED,BRAKE FLUID,ZF86AB70007GM,BRAKE FLUID 100ml DOT3 (Non Petroleum),0.518518518518502,Personal Repeat Purchase,1,5
JAGADAMBA AUTO PRIVATE LIMITED,BRAKE PARTS,ZF86AB73627GM,SHOE KIT LH (A.A.),0.45210727969347214,Personal Repeat Purchase,1,6
JAGADAMBA AUTO PRIVATE LIMITED,BRAKE PARTS,ZF04L82030KIT,MINOR KIT (Only Seals),0.44125159642399614,Personal Repeat Purchase,1,7
JAGADAMBA AUTO PRIVATE LIMITED,BRAKE PARTS,ZF86AB77527GM,SHOE KIT,0.4150702426564363,Personal Repeat Purchase,1,8
JAI AND SONS PRIVATE LIMITED,AC GAS,ZF04N260123AC,R134A GAS CAN,0.9999999999999589,Personal Repeat Purchase,1,1
JAI AND SONS PRIVATE LIMITED,LUBES,ZF04N216677GM,EP - 90 Gear Fluid 26 ltr,0.929,Cross-State Trending,1,2
JAI AND SONS PRIVATE LIMITED,LUBES,ZF04N187507GM,EP - 90 Gear Fluid 500 ml,0.75,Cross-State Trending,1,3
JAI AND SONS PRIVATE LIMITED,BRAKE FLUID,ZF86AB70057GM,BRAKE FLUID 1/4 LTR DOT3 (Non Petroleum),0.6190476190475936,Personal Repeat Purchase,1,4
JAI AND SONS PRIVATE LIMITED,LUBES,ZF04N65848AST,2W ENGINE OIL BOTTLE 20W40 (4T) (900 ml),0.587,Cross-State Trending,1,5
JAI AND SONS PRIVATE LIMITED,BRAKE FLUID,ZF86AB70007GM,BRAKE FLUID 100ml DOT3 (Non Petroleum),0.5238095238095023,Personal Repeat Purchase,1,6
JAI AND SONS PRIVATE LIMITED,BRAKE FLUID,ZF04L708617GM,BRAKE FLUID 100 ml  DOT4 (Non Petroleum),0.4761904761904566,Personal Repeat Purchase,1,7
JAI AND SONS PRIVATE LIMITED,BRAKE PARTS,ZF86AB73837GM,MINOR KIT W/C FR(J56/250),0.42857142857141095,Personal Repeat Purchase,1,8
JAI AND SONS PVT LTD,BRAKE FLUID,ZF86AB70057GM,BRAKE FLUID 1/4 LTR DOT3 (Non Petroleum),0.9999999999999546,Personal Repeat Purchase,1,1
JAI AND SONS PVT LTD,BRAKE FLUID,ZF86AB70007GM,BRAKE FLUID 100ml DOT3 (Non Petroleum),0.9981851179672868,Personal Repeat Purchase,1,2
JAI AND SONS PVT LTD,LUBES,ZF04N216677GM,EP - 90 Gear Fluid 26 ltr,0.929,Cross-State Trending,1,3
JAI AND SONS PVT LTD,AC GAS,ZF04N260123AC,R134A GAS CAN,0.61,Cross-State Trending,1,4
JAI AND SONS PVT LTD,BRAKE PARTS,ZF86AB77527GM,SHOE KIT,0.5880217785843653,Personal Repeat Purchase,1,5
JAI AND SONS PVT LTD,LUBES,ZF04N65848AST,2W ENGINE OIL BOTTLE 20W40 (4T) (900 ml),0.587,Cross-State Trending,1,6
JAI AND SONS PVT LTD,BRAKE PARTS,ZF86AB70567GM,SHOE KIT  (1 LEADING- 1 TRAILING),0.5789473684210263,Personal Repeat Purchase,1,7
JAI AND SONS PVT LTD,BRAKE PARTS,ZF86AB73817GM,MINOR KIT W/C FR(J54/250),0.36116152450089106,Personal Repeat Purchase,1,8
JAI AND SONS PVT LTD (DIV - JAI MOT,BRAKE PARTS,ZF86AB77527GM,SHOE KIT,0.9999999999999891,Personal Repeat Purchase,1,1
JAI AND SONS PVT LTD (DIV - JAI MOT,LUBES,ZF04N216677GM,EP - 90 Gear Fluid 26 ltr,0.929,Cross-State Trending,1,2
JAI AND SONS PVT LTD (DIV - JAI MOT,BRAKE PARTS,ZF86AB73627GM,SHOE KIT LH (A.A.),0.7300185366917378,Personal Repeat Purchase,1,3
JAI AND SONS PVT LTD (DIV - JAI MOT,BRAKE PARTS,ZF86AB73617GM,SHOE KIT  RH(A.A.),0.6800785083415039,Personal Repeat Purchase,1,4
JAI AND SONS PVT LTD (DIV - JAI MOT,BRAKE PARTS,ZF86AB73837GM,MINOR KIT W/C FR(J56/250),0.6324283066186824,Personal Repeat Purchase,1,5
JAI AND SONS PVT LTD (DIV - JAI MOT,AC GAS,ZF04N260123AC,R134A GAS CAN,0.61,Cross-State Trending,1,6
JAI AND SONS PVT LTD (DIV - JAI MOT,LUBES,ZF04N65848AST,2W ENGINE OIL BOTTLE 20W40 (4T) (900 ml),0.587,Cross-State Trending,1,7
JAI AND SONS PVT LTD (DIV - JAI MOT,BRAKE PARTS,ZF04L82030KIT,MINOR KIT (Only Seals),0.5044160942100043,Personal Repeat Purchase,1,8
JAI MITHILA AUTOMOBILES,EMS,ZF04N261775IC,IGNITION COIL,0.999999999999,Personal Repeat Purchase,1,1
JAI MITHILA AUTOMOBILES,LUBES,ZF04N216677GM,EP - 90 Gear Fluid 26 ltr,0.929,Cross-State Trending,1,2
JAI MITHILA AUTOMOBILES,AC GAS,ZF04N260123AC,R134A GAS CAN,0.61,Cross-State Trending,1,3
JAI MITHILA AUTOMOBILES,LUBES,ZF04N65848AST,2W ENGINE OIL BOTTLE 20W40 (4T) (900 ml),0.587,Cross-State Trending,1,4
Jain Automotive,BRAKE PARTS,ZF04L929897TG,Rotor (Alto),0.9999999999999754,Personal Repeat Purchase,1,1
Jain Automotive,LUBES,ZF04N216677GM,EP - 90 Gear Fluid 26 ltr,0.929,Cross-State Trending,1,2
Jain Automotive,BRAKE PARTS,ZF04N129307TG,ROTOR (SWIFT),0.9214814814814587,Personal Repeat Purchase,1,3
Jain Automotive,BRAKE FLUID,ZF86AB70057GM,BRAKE FLUID 1/4 LTR DOT3 (Non Petroleum),0.7733333333333142,Personal Repeat Purchase,1,4
Jain Automotive,LUBES,ZF04N187507GM,EP - 90 Gear Fluid 500 ml,0.75,Cross-State Trending,1,5
Jain Automotive,BRAKE PARTS,ZF043185987GM,W/C  ASSY(15.87)(K14/100),0.7427160493826978,Personal Repeat Purchase,1,6
Jain Automotive,BRAKE FLUID,ZF86AB70097GM,BRAKE FLUID 1/4 Lt  DOT4 (Non Petroleum),0.6587654320987492,Personal Repeat Purchase,1,7
Jain Automotive,LUBES,ZF04N65848AST,2W ENGINE OIL BOTTLE 20W40 (4T) (900 ml),0.587,Cross-State Trending,1,8
KIRTI  AGENCIES,BRAKE PARTS,ZF86AB70567GM,SHOE KIT  (1 LEADING- 1 TRAILING),0.9999999999999919,Personal Repeat Purchase,1,1
KIRTI  AGENCIES,LUBES,ZF04N216677GM,EP - 90 Gear Fluid 26 ltr,0.929,Cross-State Trending,1,2
KIRTI  AGENCIES,BRAKE PARTS,ZF86AB77527GM,SHOE KIT,0.8115719819238153,Personal Repeat Purchase,1,3
KIRTI  AGENCIES,BRAKE FLUID,ZF86AB70057GM,BRAKE FLUID 1/4 LTR DOT3 (Non Petroleum),0.7207876049063854,Personal Repeat Purchase,1,4
KIRTI  AGENCIES,AC GAS,ZF04N260123AC,R134A GAS CAN,0.61,Cross-State Trending,1,5
KIRTI  AGENCIES,LUBES,ZF04N65848AST,2W ENGINE OIL BOTTLE 20W40 (4T) (900 ml),0.587,Cross-State Trending,1,6
KIRTI  AGENCIES,BRAKE FLUID,ZF86AB70007GM,BRAKE FLUID 100ml DOT3 (Non Petroleum),0.5616526791478328,Personal Repeat Purchase,1,7
KIRTI  AGENCIES,BRAKE PARTS,ZF86AB73817GM,MINOR KIT W/C FR(J54/250),0.4499677211103902,Personal Repeat Purchase,1,8
KIRTI AGENCIE,BRAKE FLUID,ZF86AB70057GM,BRAKE FLUID 1/4 LTR DOT3 (Non Petroleum),0.9999999999999893,Personal Repeat Purchase,1,1
KIRTI AGENCIE,LUBES,ZF04N216677GM,EP - 90 Gear Fluid 26 ltr,0.929,Cross-State Trending,1,2
KIRTI AGENCIE,BRAKE FLUID,ZF86AB70007GM,BRAKE FLUID 100ml DOT3 (Non Petroleum),0.765432098765424,Personal Repeat Purchase,1,3
KIRTI AGENCIE,AC GAS,ZF04N260123AC,R134A GAS CAN,0.61,Cross-State Trending,1,4
KIRTI AGENCIE,LUBES,ZF04N65848AST,2W ENGINE OIL BOTTLE 20W40 (4T) (900 ml),0.587,Cross-State Trending,1,5
KIRTI AGENCIE,BRAKE PARTS,ZF86AB70567GM,SHOE KIT  (1 LEADING- 1 TRAILING),0.5776926351638934,Personal Repeat Purchase,1,6
KIRTI AGENCIE,BRAKE PARTS,ZF86AB77527GM,SHOE KIT,0.4392294593443972,Personal Repeat Purchase,1,7
KIRTI AGENCIE,BRAKE PARTS,ZF86AB73837GM,MINOR KIT W/C FR(J56/250),0.4320987654320942,Personal Repeat Purchase,1,8
KIRTI AGENCIES,BRAKE FLUID,ZF86AB70057GM,BRAKE FLUID 1/4 LTR DOT3 (Non Petroleum),0.9999999999999919,Personal Repeat Purchase,1,1
KIRTI AGENCIES,LUBES,ZF04N216677GM,EP - 90 Gear Fluid 26 ltr,0.929,Cross-State Trending,1,2
KIRTI AGENCIES,BRAKE PARTS,ZF86AB70567GM,SHOE KIT  (1 LEADING- 1 TRAILING),0.8242023847889073,Personal Repeat Purchase,1,3
KIRTI AGENCIES,BRAKE FLUID,ZF86AB70007GM,BRAKE FLUID 100ml DOT3 (Non Petroleum),0.6728971962616768,Personal Repeat Purchase,1,4
KIRTI AGENCIES,AC GAS,ZF04N260123AC,R134A GAS CAN,0.61,Cross-State Trending,1,5
KIRTI AGENCIES,LUBES,ZF04N65848AST,2W ENGINE OIL BOTTLE 20W40 (4T) (900 ml),0.587,Cross-State Trending,1,6
KIRTI AGENCIES,BRAKE PARTS,ZF86AB73627GM,SHOE KIT LH (A.A.),0.45963583628746,Personal Repeat Purchase,1,7
KIRTI AGENCIES,BRAKE PARTS,ZF86AB73837GM,MINOR KIT W/C FR(J56/250),0.4579439252336412,Personal Repeat Purchase,1,8
KODRIVE INDIA PRIVATE LIMITED,BRAKE PARTS,ZF04L699607GM,W/C ASSY. XYLO (Equlnt)(K62/25),0.9999999999999621,Personal Repeat Purchase,1,1
KODRIVE INDIA PRIVATE LIMITED,LUBES,ZF04N216677GM,EP - 90 Gear Fluid 26 ltr,0.929,Cross-State Trending,1,2
KODRIVE INDIA PRIVATE LIMITED,BRAKE PARTS,ZF047168007GM,W/C ALTO (K53/100),0.9015151515151173,Personal Repeat Purchase,1,3
KODRIVE INDIA PRIVATE LIMITED,BRAKE FLUID,ZF86AB70057GM,BRAKE FLUID 1/4 LTR DOT3 (Non Petroleum),0.8787878787878455,Personal Repeat Purchase,1,4
KODRIVE INDIA PRIVATE LIMITED,LUBES,ZF04N445957GM,Engine Oil 2W 20W40 4T,0.852,Cross-State Trending,1,5
KODRIVE INDIA PRIVATE LIMITED,BRAKE FLUID,ZF86AB70097GM,BRAKE FLUID 1/4 Lt  DOT4 (Non Petroleum),0.8348484848484532,Personal Repeat Purchase,1,6
KODRIVE INDIA PRIVATE LIMITED,BRAKE PARTS,ZF043185987GM,W/C  ASSY(15.87)(K14/100),0.7287878787878511,Personal Repeat Purchase,1,7
KODRIVE INDIA PRIVATE LIMITED,LUBES,ZF04N65848AST,2W ENGINE OIL BOTTLE 20W40 (4T) (900 ml),0.587,Cross-State Trending,1,8
KUMAON DIESELS,LUBES,ZF04N65832AST,GREEN COOLANT BOTTLE (1 LTR),0.9999999999999625,Personal Repeat Purchase,1,1
KUMAON DIESELS,LUBES,ZF04N187507GM,EP - 90 Gear Fluid 500 ml,0.75,Cross-State Trending,1,2
KUMAON DIESELS,OTHERS,ZF04L927677GM,SHOCK ABS OIl 175ml,0.641679160419766,Personal Repeat Purchase,1,3
KUMAON DIESELS,LUBES,ZF04N438637GM,ENGINE OIL BOTTLE 20W40 (4T),0.6311844077960783,Personal Repeat Purchase,1,4
KUMAON DIESELS,AC GAS,ZF04N260123AC,R134A GAS CAN,0.61,Cross-State Trending,1,5
KUMAON DIESELS,LUBES,ZF04N65848AST,2W ENGINE OIL BOTTLE 20W40 (4T) (900 ml),0.587,Cross-State Trending,1,6
KUMAON DIESELS,LUBES,ZF04N65833AST,RED COOLANT BOTTLE (1 LTR),0.5652173913043266,Personal Repeat Purchase,1,7
KUMAON DIESELS,OTHERS,ZF04L952157GM,POWER STEERING OIL BOTTLE(500ml),0.4167916041978854,Personal Repeat Purchase,1,8
Kirti Agencies,BRAKE FLUID,ZF86AB70057GM,BRAKE FLUID 1/4 LTR DOT3 (Non Petroleum),0.999999999999992,Personal Repeat Purchase,1,1
Kirti Agencies,LUBES,ZF04N216677GM,EP - 90 Gear Fluid 26 ltr,0.929,Cross-State Trending,1,2
Kirti Agencies,BRAKE PARTS,ZF86AB70567GM,SHOE KIT  (1 LEADING- 1 TRAILING),0.6132662835248993,Personal Repeat Purchase,1,3
Kirti Agencies,AC GAS,ZF04N260123AC,R134A GAS CAN,0.61,Cross-State Trending,1,4
Kirti Agencies,BRAKE FLUID,ZF86AB70007GM,BRAKE FLUID 100ml DOT3 (Non Petroleum),0.5925925925925879,Personal Repeat Purchase,1,5
Kirti Agencies,LUBES,ZF04N65848AST,2W ENGINE OIL BOTTLE 20W40 (4T) (900 ml),0.587,Cross-State Trending,1,6
Kirti Agencies,BRAKE PARTS,ZF86AB73637GM,SHOE KIT FRONT (A.A.),0.5222701149425245,Personal Repeat Purchase,1,7
Kirti Agencies,BRAKE PARTS,ZF86AB73627GM,SHOE KIT LH (A.A.),0.47150383141762076,Personal Repeat Purchase,1,8
Kohli Automobiles,LUBES,ZF04N528967GM,3W ENGINE OIL 15W40 CH4 (1 LTR),0.9999999999999603,Personal Repeat Purchase,1,1
Kohli Automobiles,LUBES,ZF04N216677GM,EP - 90 Gear Fluid 26 ltr,0.929,Cross-State Trending,1,2
Kohli Automobiles,LUBES,ZF04N65832AST,GREEN COOLANT BOTTLE (1 LTR),0.922098569157356,Personal Repeat Purchase,1,3
Kohli Automobiles,BRAKE FLUID,ZF86AB70057GM,BRAKE FLUID 1/4 LTR DOT3 (Non Petroleum),0.8759936406994883,Personal Repeat Purchase,1,4
Kohli Automobiles,BRAKE FLUID,ZF86AB70097GM,BRAKE FLUID 1/4 Lt  DOT4 (Non Petroleum),0.7837837837837526,Personal Repeat Purchase,1,5
Kohli Automobiles,AC GAS,ZF04N260123AC,R134A GAS CAN,0.61,Cross-State Trending,1,6
Kohli Automobiles,LUBES,ZF04N65848AST,2W ENGINE OIL BOTTLE 20W40 (4T) (900 ml),0.587,Cross-State Trending,1,7
Kohli Automobiles,LUBES,ZF04N65833AST,RED COOLANT BOTTLE (1 LTR),0.5504769475357492,Personal Repeat Purchase,1,8
Kushagra Agency,OTHERS,ZF04L927677GM,SHOCK ABS OIl 175ml,0.9999999999998718,Personal Repeat Purchase,1,1
Kushagra Agency,LUBES,ZF04N187507GM,EP - 90 Gear Fluid 500 ml,0.75,Cross-State Trending,1,2
Kushagra Agency,AC GAS,ZF04N260123AC,R134A GAS CAN,0.61,Cross-State Trending,1,3
Kushagra Agency,BRAKE PARTS,ZF04L707227GM,Shoe Kit M_HAWK / Safari,0.605,Cross-State Trending,1,4
L N Auto India Private Limited,LUBES,ZF04N65848AST,2W ENGINE OIL BOTTLE 20W40 (4T) (900 ml),0.999999999999986,Personal Repeat Purchase,1,1
L N Auto India Private Limited,LUBES,ZF04N187507GM,EP - 90 Gear Fluid 500 ml,0.75,Cross-State Trending,1,2
L N Auto India Private Limited,AC GAS,ZF04N260123AC,R134A GAS CAN,0.61,Cross-State Trending,1,3
L N Auto India Private Limited,BRAKE PARTS,ZF04L707227GM,Shoe Kit M_HAWK / Safari,0.605,Cross-State Trending,1,4
L N Auto India Private Limited,LUBES,ZF04N65846AST,2W ENGINE OIL BOTTLE 10W30 (4T) (900 ml),0.3030726256983198,Personal Repeat Purchase,1,5
L N Auto India Private Limited,BRAKE PARTS,ZF04L906277TW,SHOE KIT 2W,0.24385474860334855,Personal Repeat Purchase,1,6
L N Auto India Private Limited,LUBES,ZF04N445957GM,Engine Oil 2W 20W40 4T,0.12178770949720501,Personal Repeat Purchase,1,7
L N Auto India Private Limited,BRAKE FLUID,ZF04L708617GM,BRAKE FLUID 100 ml  DOT4 (Non Petroleum),0.11843575418994248,Personal Repeat Purchase,1,8
LABH SINGH SONS,BRAKE FLUID,ZF86AB70057GM,BRAKE FLUID 1/4 LTR DOT3 (Non Petroleum),0.9999999999999949,Personal Repeat Purchase,1,1
LABH SINGH SONS,LUBES,ZF04N216677GM,EP - 90 Gear Fluid 26 ltr,0.929,Cross-State Trending,1,2
LABH SINGH SONS,BRAKE FLUID,ZF86AB70007GM,BRAKE FLUID 100ml DOT3 (Non Petroleum),0.6385542168674666,Personal Repeat Purchase,1,3
LABH SINGH SONS,AC GAS,ZF04N260123AC,R134A GAS CAN,0.61,Cross-State Trending,1,4
LABH SINGH SONS,LUBES,ZF04N65848AST,2W ENGINE OIL BOTTLE 20W40 (4T) (900 ml),0.587,Cross-State Trending,1,5
LABH SINGH SONS,BRAKE FLUID,ZF86AB70097GM,BRAKE FLUID 1/4 Lt  DOT4 (Non Petroleum),0.41607810552554836,Personal Repeat Purchase,1,6
LABH SINGH SONS,LUBES,ZF04N65832AST,GREEN COOLANT BOTTLE (1 LTR),0.38865808059825313,Personal Repeat Purchase,1,7
LABH SINGH SONS,BRAKE PARTS,ZF86AB70567GM,SHOE KIT  (1 LEADING- 1 TRAILING),0.36352305774823246,Personal Repeat Purchase,1,8
LAXMI MARKETING CO.,BRAKE FLUID,ZF86AB70047GM,BRAKE FLUID 1/2 Lt DOT3 (Non Petroleum),0.9999999999999704,Personal Repeat Purchase,1,1
LAXMI MARKETING CO.,BRAKE FLUID,ZF86AB70097GM,BRAKE FLUID 1/4 Lt  DOT4 (Non Petroleum),0.9964454976303022,Personal Repeat Purchase,1,2
LAXMI MARKETING CO.,LUBES,ZF04N216677GM,EP - 90 Gear Fluid 26 ltr,0.929,Cross-State Trending,1,3
LAXMI MARKETING CO.,BRAKE FLUID,ZF86AB70087GM,BRAKE FLUID 1/2 Lt DOT4 (Non Petroleum),0.7760663507108775,Personal Repeat Purchase,1,4
LAXMI MARKETING CO.,LUBES,ZF04N65832AST,GREEN COOLANT BOTTLE (1 LTR),0.7559241706160913,Personal Repeat Purchase,1,5
LAXMI MARKETING CO.,BRAKE FLUID,ZF86AB70057GM,BRAKE FLUID 1/4 LTR DOT3 (Non Petroleum),0.687203791469174,Personal Repeat Purchase,1,6
LAXMI MARKETING CO.,AC GAS,ZF04N260123AC,R134A GAS CAN,0.61,Cross-State Trending,1,7
LAXMI MARKETING CO.,LUBES,ZF04N65848AST,2W ENGINE OIL BOTTLE 20W40 (4T) (900 ml),0.587,Cross-State Trending,1,8
LIQUID ENGINEER,OTHERS,ZF04L952157GM,POWER STEERING OIL BOTTLE(500ml),0.9999999999999545,Personal Repeat Purchase,1,1
LIQUID ENGINEER,LUBES,ZF04N438637GM,ENGINE OIL BOTTLE 20W40 (4T),0.91,Cross-State Trending,1,2
LIQUID ENGINEER,OTHERS,ZF04L952167GM,POWER STEERING FLUID 1 Ltr,0.8975876194810697,Personal Repeat Purchase,1,3
LIQUID ENGINEER,LUBES,ZF04N445957GM,Engine Oil 2W 20W40 4T,0.852,Cross-State Trending,1,4
LIQUID ENGINEER,BRAKE FLUID,ZF86AB70057GM,BRAKE FLUID 1/4 LTR DOT3 (Non Petroleum),0.7919890760127086,Personal Repeat Purchase,1,5
LIQUID ENGINEER,LUBES,ZF04N65832AST,GREEN COOLANT BOTTLE (1 LTR),0.739189804278528,Personal Repeat Purchase,1,6
LIQUID ENGINEER,LUBES,ZF04N65833AST,RED COOLANT BOTTLE (1 LTR),0.6863905325443475,Personal Repeat Purchase,1,7
LIQUID ENGINEER,AC GAS,ZF04N260123AC,R134A GAS CAN,0.61,Cross-State Trending,1,8
Lakshmi Motor Co.,LUBES,ZF04N65832AST,GREEN COOLANT BOTTLE (1 LTR),0.9999999999999843,Personal Repeat Purchase,1,1
Lakshmi Motor Co.,LUBES,ZF04N187507GM,EP - 90 Gear Fluid 500 ml,0.75,Cross-State Trending,1,2
Lakshmi Motor Co.,AC GAS,ZF04N260123AC,R134A GAS CAN,0.61,Cross-State Trending,1,3
Lakshmi Motor Co.,EMS,ZF04N261775IC,IGNITION COIL,0.561,Cross-State Trending,1,4
Lakshmi Motor Co.,BRAKE PARTS,ZF04L768967GM,"SHOE KIT WITH HBL, OMNI UPG.",0.42507836990594944,Personal Repeat Purchase,1,5
Lakshmi Motor Co.,BRAKE PARTS,ZF043185987GM,W/C  ASSY(15.87)(K14/100),0.2907523510971741,Personal Repeat Purchase,1,6
Lakshmi Motor Co.,LUBES,ZF04N65833AST,RED COOLANT BOTTLE (1 LTR),0.2405956112852627,Personal Repeat Purchase,1,7
Lakshmi Motor Co.,BRAKE PARTS,ZF047139187GM,W/C ASSY. RR. LH. CULTUS (17.46 mm),0.2304075235109682,Personal Repeat Purchase,1,8
Lakshmi Motor company,BRAKE PARTS,ZF86AB75887GM,SHOE KIT(INCRIMENTAL ADJ.)15,0.9999999999999927,Personal Repeat Purchase,1,1
Lakshmi Motor company,LUBES,ZF04N216677GM,EP - 90 Gear Fluid 26 ltr,0.929,Cross-State Trending,1,2
Lakshmi Motor company,AC GAS,ZF04N260123AC,R134A GAS CAN,0.61,Cross-State Trending,1,3
Lakshmi Motor company,BRAKE PARTS,ZF043185987GM,W/C  ASSY(15.87)(K14/100),0.6099468713105032,Personal Repeat Purchase,1,4
Lakshmi Motor company,LUBES,ZF04N65848AST,2W ENGINE OIL BOTTLE 20W40 (4T) (900 ml),0.587,Cross-State Trending,1,5
Lakshmi Motor company,BRAKE PARTS,ZF04L699607GM,W/C ASSY. XYLO (Equlnt)(K62/25),0.4297520661156993,Personal Repeat Purchase,1,6
Lakshmi Motor company,BRAKE PARTS,ZF04L665887GM,SHOE KIT,0.4023022432113311,Personal Repeat Purchase,1,7
Lakshmi Motor company,BRAKE PARTS,ZF04L808607GM,Shoe Kit,0.40023612750885185,Personal Repeat Purchase,1,8
M MEHTA AUTOLINES,OTHERS,ZF04N21352AFL,AIR FILTER-IAM SUPER SPLENDOR HERO,0.9999999999999569,Personal Repeat Purchase,1,1
M MEHTA AUTOLINES,LUBES,ZF04N216677GM,EP - 90 Gear Fluid 26 ltr,0.929,Cross-State Trending,1,2
M MEHTA AUTOLINES,LUBES,ZF04N65846AST,2W ENGINE OIL BOTTLE 10W30 (4T) (900 ml),0.8051724137930687,Personal Repeat Purchase,1,3
M MEHTA AUTOLINES,LUBES,ZF04N187507GM,EP - 90 Gear Fluid 500 ml,0.75,Cross-State Trending,1,4
M MEHTA AUTOLINES,AC GAS,ZF04N260123AC,R134A GAS CAN,0.61,Cross-State Trending,1,5
M MEHTA AUTOLINES,BRAKE FLUID,ZF04L708617GM,BRAKE FLUID 100 ml  DOT4 (Non Petroleum),0.39999999999998276,Personal Repeat Purchase,1,6
M MEHTA AUTOLINES,BRAKE FLUID,ZF86AB70057GM,BRAKE FLUID 1/4 LTR DOT3 (Non Petroleum),0.39999999999998276,Personal Repeat Purchase,1,7
M MEHTA AUTOLINES,BRAKE PARTS,ZF04N229207GM,Shoes Assy W/O Spring,0.33793103448274403,Personal Repeat Purchase,1,8
M/S LUCKY AUTOMOBILES,LUBES,ZF04N65832AST,GREEN COOLANT BOTTLE (1 LTR),0.9999999999998691,Personal Repeat Purchase,1,1
M/S LUCKY AUTOMOBILES,LUBES,ZF04N216677GM,EP - 90 Gear Fluid 26 ltr,0.929,Cross-State Trending,1,2
M/S LUCKY AUTOMOBILES,AC GAS,ZF04N260123AC,R134A GAS CAN,0.61,Cross-State Trending,1,3
M/S LUCKY AUTOMOBILES,LUBES,ZF04N65848AST,2W ENGINE OIL BOTTLE 20W40 (4T) (900 ml),0.587,Cross-State Trending,1,4
M/S LUCKY AUTOMOBILES,BRAKE PARTS,ZF043185987GM,W/C  ASSY(15.87)(K14/100),0.4842931937172141,Personal Repeat Purchase,1,5
M/S LUCKY AUTOMOBILES,BRAKE PARTS,ZF86AB75257GM,PAD KIT,0.4581151832460133,Personal Repeat Purchase,1,6
M/S LUCKY AUTOMOBILES,BRAKE PARTS,ZF047138407GM,"W/C ASSLY RR, Ø 15.87MM",0.4057591623036118,Personal Repeat Purchase,1,7
M/S LUCKY AUTOMOBILES,BRAKE PARTS,ZF86AB75897GM,SHOE KIT(12),0.4057591623036118,Personal Repeat Purchase,1,8
MAHARAJA TRADE LINKS,BRAKE FLUID,ZF86AB70057GM,BRAKE FLUID 1/4 LTR DOT3 (Non Petroleum),0.9999999999999336,Personal Repeat Purchase,1,1
MAHARAJA TRADE LINKS,LUBES,ZF04N216677GM,EP - 90 Gear Fluid 26 ltr,0.929,Cross-State Trending,1,2
MAHARAJA TRADE LINKS,BRAKE FLUID,ZF86AB70007GM,BRAKE FLUID 100ml DOT3 (Non Petroleum),0.6153846153845746,Personal Repeat Purchase,1,3
MAHARAJA TRADE LINKS,AC GAS,ZF04N260123AC,R134A GAS CAN,0.61,Cross-State Trending,1,4
MAHARAJA TRADE LINKS,LUBES,ZF04N65848AST,2W ENGINE OIL BOTTLE 20W40 (4T) (900 ml),0.587,Cross-State Trending,1,5
MAHARAJA TRADE LINKS,BRAKE PARTS,ZF04L71189KIT,MINOR KIT BAL TMC IAM,0.34814323607424746,Personal Repeat Purchase,1,6
MAHARAJA TRADE LINKS,BRAKE PARTS,ZF86AB73837GM,MINOR KIT W/C FR(J56/250),0.3076923076922873,Personal Repeat Purchase,1,7
MAHARAJA TRADE LINKS,BRAKE PARTS,ZF04L906347TW,SHOE KIT 2W,0.30503978779838825,Personal Repeat Purchase,1,8
MANGLAM  VENTURE,LUBES,ZF04N65832AST,GREEN COOLANT BOTTLE (1 LTR),0.9999999999999327,Personal Repeat Purchase,1,1
MANGLAM  VENTURE,LUBES,ZF04N216677GM,EP - 90 Gear Fluid 26 ltr,0.929,Cross-State Trending,1,2
MANGLAM  VENTURE,LUBES,ZF04N65833AST,RED COOLANT BOTTLE (1 LTR),0.7020847343644451,Personal Repeat Purchase,1,3
MANGLAM  VENTURE,AC GAS,ZF04N260123AC,R134A GAS CAN,0.61,Cross-State Trending,1,4
MANGLAM  VENTURE,LUBES,ZF04N65848AST,2W ENGINE OIL BOTTLE 20W40 (4T) (900 ml),0.587,Cross-State Trending,1,5
MANGLAM  VENTURE,LUBES,ZF04N187517GM,EP - 90 Gear Fluid 1   ltr,0.3900470746469139,Personal Repeat Purchase,1,6
MANGLAM  VENTURE,BRAKE PARTS,ZF043185987GM,W/C  ASSY(15.87)(K14/100),0.36987222595828045,Personal Repeat Purchase,1,7
MANGLAM  VENTURE,BRAKE PARTS,ZF043189947GM,W/C ASSY LH SANTRO,0.36987222595828045,Personal Repeat Purchase,1,8
MEENAKSHI AUTO DISTRIBUTORS,BRAKE PARTS,ZF043185987GM,W/C  ASSY(15.87)(K14/100),0.9999999999999315,Personal Repeat Purchase,1,1
MEENAKSHI AUTO DISTRIBUTORS,LUBES,ZF04N216677GM,EP - 90 Gear Fluid 26 ltr,0.929,Cross-State Trending,1,2
MEENAKSHI AUTO DISTRIBUTORS,BRAKE PARTS,ZF047168007GM,W/C ALTO (K53/100),0.8876712328766515,Personal Repeat Purchase,1,3
MEENAKSHI AUTO DISTRIBUTORS,BRAKE PARTS,ZF047138407GM,"W/C ASSLY RR, Ø 15.87MM",0.7705479452054267,Personal Repeat Purchase,1,4
MEENAKSHI AUTO DISTRIBUTORS,BRAKE PARTS,ZF048086407GM,Wheel Cylinder Al FRT,0.6931506849314594,Personal Repeat Purchase,1,5
MEENAKSHI AUTO DISTRIBUTORS,BRAKE PARTS,ZF86AB73287GM,KBX  PAD KIT,0.6780821917807754,Personal Repeat Purchase,1,6
MEENAKSHI AUTO DISTRIBUTORS,AC GAS,ZF04N260123AC,R134A GAS CAN,0.61,Cross-State Trending,1,7
MEENAKSHI AUTO DISTRIBUTORS,LUBES,ZF04N65848AST,2W ENGINE OIL BOTTLE 20W40 (4T) (900 ml),0.587,Cross-State Trending,1,8
MEENAKSHI AUTO DISTRIBUTORS.,LUBES,ZF04N65832AST,GREEN COOLANT BOTTLE (1 LTR),0.9999999999999042,Personal Repeat Purchase,1,1
MEENAKSHI AUTO DISTRIBUTORS.,LUBES,ZF04N216677GM,EP - 90 Gear Fluid 26 ltr,0.929,Cross-State Trending,1,2
MEENAKSHI AUTO DISTRIBUTORS.,BRAKE PARTS,ZF043185987GM,W/C  ASSY(15.87)(K14/100),0.8620689655171587,Personal Repeat Purchase,1,3
MEENAKSHI AUTO DISTRIBUTORS.,BRAKE PARTS,ZF043189957GM,W/C Model K cr3 (19.05)(K31/100),0.8620689655171587,Personal Repeat Purchase,1,4
MEENAKSHI AUTO DISTRIBUTORS.,BRAKE PARTS,ZF047059867GM,W/C ASSLY YP8,0.8620689655171587,Personal Repeat Purchase,1,5
MEENAKSHI AUTO DISTRIBUTORS.,BRAKE PARTS,ZF047167857GM,WC S/A PENGUINE RR(K51/100),0.8620689655171587,Personal Repeat Purchase,1,6
MEENAKSHI AUTO DISTRIBUTORS.,AC GAS,ZF04N260123AC,R134A GAS CAN,0.61,Cross-State Trending,1,7
MEENAKSHI AUTO DISTRIBUTORS.,LUBES,ZF04N65848AST,2W ENGINE OIL BOTTLE 20W40 (4T) (900 ml),0.587,Cross-State Trending,1,8
MEENAKSHI TRADERS,BRAKE FLUID,ZF86AB70057GM,BRAKE FLUID 1/4 LTR DOT3 (Non Petroleum),0.9999999999999908,Personal Repeat Purchase,1,1
MEENAKSHI TRADERS,LUBES,ZF04N216677GM,EP - 90 Gear Fluid 26 ltr,0.929,Cross-State Trending,1,2
MEENAKSHI TRADERS,AC GAS,ZF04N260123AC,R134A GAS CAN,0.61,Cross-State Trending,1,3
MEENAKSHI TRADERS,LUBES,ZF04N65848AST,2W ENGINE OIL BOTTLE 20W40 (4T) (900 ml),0.587,Cross-State Trending,1,4
MEENAKSHI TRADERS,BRAKE FLUID,ZF86AB70007GM,BRAKE FLUID 100ml DOT3 (Non Petroleum),0.553191489361697,Personal Repeat Purchase,1,5
MEENAKSHI TRADERS,BRAKE PARTS,ZF043186027GM,WC ASSLY PVPL RR(K17/40),0.3827953044754184,Personal Repeat Purchase,1,6
MEENAKSHI TRADERS,BRAKE PARTS,ZF86AB73617GM,SHOE KIT  RH(A.A.),0.37307410124724527,Personal Repeat Purchase,1,7
MEENAKSHI TRADERS,BRAKE PARTS,ZF86AB77527GM,SHOE KIT,0.31639765223770805,Personal Repeat Purchase,1,8
MINDA AGENCIES PRIVATE LIMITED,BRAKE FLUID,ZF86AB70057GM,BRAKE FLUID 1/4 LTR DOT3 (Non Petroleum),0.9999999999999929,Personal Repeat Purchase,1,1
MINDA AGENCIES PRIVATE LIMITED,LUBES,ZF04N216677GM,EP - 90 Gear Fluid 26 ltr,0.929,Cross-State Trending,1,2
MINDA AGENCIES PRIVATE LIMITED,BRAKE FLUID,ZF86AB70007GM,BRAKE FLUID 100ml DOT3 (Non Petroleum),0.8611467693624243,Personal Repeat Purchase,1,3
MINDA AGENCIES PRIVATE LIMITED,AC GAS,ZF04N260123AC,R134A GAS CAN,0.61,Cross-State Trending,1,4
MINDA AGENCIES PRIVATE LIMITED,LUBES,ZF04N65848AST,2W ENGINE OIL BOTTLE 20W40 (4T) (900 ml),0.587,Cross-State Trending,1,5
MINDA AGENCIES PRIVATE LIMITED,BRAKE FLUID,ZF04L708617GM,BRAKE FLUID 100 ml  DOT4 (Non Petroleum),0.43845385822278965,Personal Repeat Purchase,1,6
MINDA AGENCIES PRIVATE LIMITED,BRAKE FLUID,ZF86AB70097GM,BRAKE FLUID 1/4 Lt  DOT4 (Non Petroleum),0.27841962630152417,Personal Repeat Purchase,1,7
MINDA AGENCIES PRIVATE LIMITED,BRAKE FLUID,ZF86AB70047GM,BRAKE FLUID 1/2 Lt DOT3 (Non Petroleum),0.24646983311938206,Personal Repeat Purchase,1,8
MIRJE AUTOMOBILES,OTHERS,ZF04L952157GM,POWER STEERING OIL BOTTLE(500ml),0.9999999999999625,Personal Repeat Purchase,1,1
MIRJE AUTOMOBILES,LUBES,ZF04N216677GM,EP - 90 Gear Fluid 26 ltr,0.929,Cross-State Trending,1,2
MIRJE AUTOMOBILES,AC GAS,ZF04N260123AC,R134A GAS CAN,0.61,Cross-State Trending,1,3
MIRJE AUTOMOBILES,LUBES,ZF04N65848AST,2W ENGINE OIL BOTTLE 20W40 (4T) (900 ml),0.587,Cross-State Trending,1,4
MIRJE AUTOMOBILES,OTHERS,ZF04L952167GM,POWER STEERING FLUID 1 Ltr,0.5652173913043266,Personal Repeat Purchase,1,5
MIRJE AUTOMOBILES,BRAKE PARTS,ZF86AB75887GM,SHOE KIT(INCRIMENTAL ADJ.)15,0.2998500749625075,Personal Repeat Purchase,1,6
MIRJE AUTOMOBILES,BRAKE FLUID,ZF86AB70097GM,BRAKE FLUID 1/4 Lt  DOT4 (Non Petroleum),0.2608695652173815,Personal Repeat Purchase,1,7
MIRJE AUTOMOBILES,BRAKE PARTS,ZF04L906277TW,SHOE KIT 2W,0.2608695652173815,Personal Repeat Purchase,1,8
MONGA MOTORS,BRAKE FLUID,ZF86AB70057GM,BRAKE FLUID 1/4 LTR DOT3 (Non Petroleum),0.999999999999968,Personal Repeat Purchase,1,1
MONGA MOTORS,LUBES,ZF04N216677GM,EP - 90 Gear Fluid 26 ltr,0.929,Cross-State Trending,1,2
MONGA MOTORS,BRAKE FLUID,ZF86AB70007GM,BRAKE FLUID 100ml DOT3 (Non Petroleum),0.7777777777777529,Personal Repeat Purchase,1,3
MONGA MOTORS,LUBES,ZF04N187507GM,EP - 90 Gear Fluid 500 ml,0.740740740740717,Personal Repeat Purchase,1,4
MONGA MOTORS,BRAKE FLUID,ZF86AB70047GM,BRAKE FLUID 1/2 Lt DOT3 (Non Petroleum),0.6296296296296096,Personal Repeat Purchase,1,5
MONGA MOTORS,AC GAS,ZF04N260123AC,R134A GAS CAN,0.61,Cross-State Trending,1,6
MONGA MOTORS,BRAKE FLUID,ZF86AB70097GM,BRAKE FLUID 1/4 Lt  DOT4 (Non Petroleum),0.5925925925925737,Personal Repeat Purchase,1,7
MONGA MOTORS,LUBES,ZF04N65848AST,2W ENGINE OIL BOTTLE 20W40 (4T) (900 ml),0.587,Cross-State Trending,1,8
MRV AUTOMATES,BRAKE PARTS,ZF047168007GM,W/C ALTO (K53/100),0.9999999999999766,Personal Repeat Purchase,1,1
MRV AUTOMATES,LUBES,ZF04N216677GM,EP - 90 Gear Fluid 26 ltr,0.929,Cross-State Trending,1,2
MRV AUTOMATES,BRAKE PARTS,ZF043185987GM,W/C  ASSY(15.87)(K14/100),0.8157524613220625,Personal Repeat Purchase,1,3
MRV AUTOMATES,LUBES,ZF04N187507GM,EP - 90 Gear Fluid 500 ml,0.75,Cross-State Trending,1,4
MRV AUTOMATES,BRAKE PARTS,ZF04L699607GM,W/C ASSY. XYLO (Equlnt)(K62/25),0.6706516643225346,Personal Repeat Purchase,1,5
MRV AUTOMATES,LUBES,ZF04N187517GM,EP - 90 Gear Fluid 1   ltr,0.6141584622597137,Personal Repeat Purchase,1,6
MRV AUTOMATES,LUBES,ZF04N65848AST,2W ENGINE OIL BOTTLE 20W40 (4T) (900 ml),0.587,Cross-State Trending,1,7
MRV AUTOMATES,BRAKE PARTS,ZF86AB75887GM,SHOE KIT(INCRIMENTAL ADJ.)15,0.5761837787154108,Personal Repeat Purchase,1,8
Marvin Motors,BRAKE PARTS,ZF86AB75887GM,SHOE KIT(INCRIMENTAL ADJ.)15,0.9999999999999674,Personal Repeat Purchase,1,1
Marvin Motors,LUBES,ZF04N216677GM,EP - 90 Gear Fluid 26 ltr,0.929,Cross-State Trending,1,2
Marvin Motors,BRAKE FLUID,ZF86AB70007GM,BRAKE FLUID 100ml DOT3 (Non Petroleum),0.7424836601306947,Personal Repeat Purchase,1,3
Marvin Motors,BRAKE PARTS,ZF04L688207GM,"PAD KIT,  Frt",0.69019607843135,Personal Repeat Purchase,1,4
Marvin Motors,BRAKE PARTS,ZF043185987GM,W/C  ASSY(15.87)(K14/100),0.6738562091503048,Personal Repeat Purchase,1,5
Marvin Motors,BRAKE PARTS,ZF86AB73287GM,KBX  PAD KIT,0.6307189542483453,Personal Repeat Purchase,1,6
Marvin Motors,AC GAS,ZF04N260123AC,R134A GAS CAN,0.61,Cross-State Trending,1,7
Marvin Motors,LUBES,ZF04N65848AST,2W ENGINE OIL BOTTLE 20W40 (4T) (900 ml),0.587,Cross-State Trending,1,8
Motor Oil Company,BRAKE FLUID,ZF86AB70057GM,BRAKE FLUID 1/4 LTR DOT3 (Non Petroleum),0.9999999999991379,Personal Repeat Purchase,1,1
Motor Oil Company,BRAKE FLUID,ZF86AB70097GM,BRAKE FLUID 1/4 Lt  DOT4 (Non Petroleum),0.9999999999991379,Personal Repeat Purchase,1,2
Motor Oil Company,LUBES,ZF04N216677GM,EP - 90 Gear Fluid 26 ltr,0.929,Cross-State Trending,1,3
Motor Oil Company,AC GAS,ZF04N260123AC,R134A GAS CAN,0.61,Cross-State Trending,1,4
Motor Oil Company,LUBES,ZF04N65848AST,2W ENGINE OIL BOTTLE 20W40 (4T) (900 ml),0.587,Cross-State Trending,1,5
NANDANI TRADERS,BRAKE PARTS,ZF86AB73837GM,MINOR KIT W/C FR(J56/250),0.9999999999999523,Personal Repeat Purchase,1,1
NANDANI TRADERS,BRAKE PARTS,ZF04N229207GM,Shoes Assy W/O Spring,0.9323164918970004,Personal Repeat Purchase,1,2
NANDANI TRADERS,LUBES,ZF04N216677GM,EP - 90 Gear Fluid 26 ltr,0.929,Cross-State Trending,1,3
NANDANI TRADERS,LUBES,ZF04N187507GM,EP - 90 Gear Fluid 500 ml,0.75,Cross-State Trending,1,4
NANDANI TRADERS,BRAKE PARTS,ZF86AB70567GM,SHOE KIT  (1 LEADING- 1 TRAILING),0.7187797902764195,Personal Repeat Purchase,1,5
NANDANI TRADERS,BRAKE FLUID,ZF86AB70007GM,BRAKE FLUID 100ml DOT3 (Non Petroleum),0.6101048617730882,Personal Repeat Purchase,1,6
NANDANI TRADERS,AC GAS,ZF04N260123AC,R134A GAS CAN,0.61,Cross-State Trending,1,7
NANDANI TRADERS,BRAKE PARTS,ZF043189847GM,W/C ASSY. LH(19.05 mm),0.5672068636796679,Personal Repeat Purchase,1,8
NANDINI  AUTOMOTIVES,BRAKE PARTS,ZF86AB70567GM,SHOE KIT  (1 LEADING- 1 TRAILING),0.9999999999999015,Personal Repeat Purchase,1,1
NANDINI  AUTOMOTIVES,LUBES,ZF04N216677GM,EP - 90 Gear Fluid 26 ltr,0.929,Cross-State Trending,1,2
NANDINI  AUTOMOTIVES,AC GAS,ZF04N260123AC,R134A GAS CAN,0.61,Cross-State Trending,1,3
NANDINI  AUTOMOTIVES,LUBES,ZF04N65848AST,2W ENGINE OIL BOTTLE 20W40 (4T) (900 ml),0.587,Cross-State Trending,1,4
NANDINI  AUTOMOTIVES,BRAKE FLUID,ZF86AB70007GM,BRAKE FLUID 100ml DOT3 (Non Petroleum),0.5708661417322273,Personal Repeat Purchase,1,5
NANDINI  AUTOMOTIVES,BRAKE FLUID,ZF86AB70057GM,BRAKE FLUID 1/4 LTR DOT3 (Non Petroleum),0.5708661417322273,Personal Repeat Purchase,1,6
NANDINI  AUTOMOTIVES,BRAKE PARTS,ZF86AB73617GM,SHOE KIT  RH(A.A.),0.49212598425192006,Personal Repeat Purchase,1,7
NANDINI  AUTOMOTIVES,BRAKE PARTS,ZF86AB73637GM,SHOE KIT FRONT (A.A.),0.49212598425192006,Personal Repeat Purchase,1,8
NATIONAL AUTOMOBILES,BRAKE PARTS,ZF043185987GM,W/C  ASSY(15.87)(K14/100),0.9999999999999591,Personal Repeat Purchase,1,1
NATIONAL AUTOMOBILES,LUBES,ZF04N216677GM,EP - 90 Gear Fluid 26 ltr,0.929,Cross-State Trending,1,2
NATIONAL AUTOMOBILES,BRAKE PARTS,ZF047138407GM,"W/C ASSLY RR, Ø 15.87MM",0.6546791990191805,Personal Repeat Purchase,1,3
NATIONAL AUTOMOBILES,AC GAS,ZF04N260123AC,R134A GAS CAN,0.61,Cross-State Trending,1,4
NATIONAL AUTOMOBILES,BRAKE PARTS,ZF047168007GM,W/C ALTO (K53/100),0.5872496935022237,Personal Repeat Purchase,1,5
NATIONAL AUTOMOBILES,LUBES,ZF04N65848AST,2W ENGINE OIL BOTTLE 20W40 (4T) (900 ml),0.587,Cross-State Trending,1,6
NATIONAL AUTOMOBILES,BRAKE PARTS,ZF86AB75887GM,SHOE KIT(INCRIMENTAL ADJ.)15,0.3882304863097512,Personal Repeat Purchase,1,7
NATIONAL AUTOMOBILES,BRAKE PARTS,ZF04L699607GM,W/C ASSY. XYLO (Equlnt)(K62/25),0.3473641193297774,Personal Repeat Purchase,1,8
Nandini Automoties,BRAKE FLUID,ZF86AB70057GM,BRAKE FLUID 1/4 LTR DOT3 (Non Petroleum),0.9999999999999812,Personal Repeat Purchase,1,1
Nandini Automoties,LUBES,ZF04N216677GM,EP - 90 Gear Fluid 26 ltr,0.929,Cross-State Trending,1,2
Nandini Automoties,AC GAS,ZF04N260123AC,R134A GAS CAN,0.61,Cross-State Trending,1,3
Nandini Automoties,LUBES,ZF04N65848AST,2W ENGINE OIL BOTTLE 20W40 (4T) (900 ml),0.587,Cross-State Trending,1,4
Nandini Automoties,OTHERS,ZF04L952167GM,POWER STEERING FLUID 1 Ltr,0.48744377811093537,Personal Repeat Purchase,1,5
Nandini Automoties,BRAKE FLUID,ZF86AB70047GM,BRAKE FLUID 1/2 Lt DOT3 (Non Petroleum),0.48425787106445867,Personal Repeat Purchase,1,6
Nandini Automoties,BRAKE FLUID,ZF86AB70007GM,BRAKE FLUID 100ml DOT3 (Non Petroleum),0.4565217391304262,Personal Repeat Purchase,1,7
Nandini Automoties,BRAKE FLUID,ZF86AB70097GM,BRAKE FLUID 1/4 Lt  DOT4 (Non Petroleum),0.4130434782608618,Personal Repeat Purchase,1,8
Nandini Automotives,BRAKE PARTS,ZF86AB73617GM,SHOE KIT  RH(A.A.),0.9999999999999818,Personal Repeat Purchase,1,1
Nandini Automotives,LUBES,ZF04N216677GM,EP - 90 Gear Fluid 26 ltr,0.929,Cross-State Trending,1,2
Nandini Automotives,BRAKE PARTS,ZF86AB73627GM,SHOE KIT LH (A.A.),0.8320276917471154,Personal Repeat Purchase,1,3
Nandini Automotives,BRAKE FLUID,ZF86AB70057GM,BRAKE FLUID 1/4 LTR DOT3 (Non Petroleum),0.7396611404627302,Personal Repeat Purchase,1,4
Nandini Automotives,AC GAS,ZF04N260123AC,R134A GAS CAN,0.61,Cross-State Trending,1,5
Nandini Automotives,BRAKE FLUID,ZF86AB70007GM,BRAKE FLUID 100ml DOT3 (Non Petroleum),0.5917289123701841,Personal Repeat Purchase,1,6
Nandini Automotives,LUBES,ZF04N65848AST,2W ENGINE OIL BOTTLE 20W40 (4T) (900 ml),0.587,Cross-State Trending,1,7
Nandini Automotives,BRAKE PARTS,ZF043186027GM,WC ASSLY PVPL RR(K17/40),0.5523774822371916,Personal Repeat Purchase,1,8
PARNAV AGENCIES PVT. LTD,BRAKE FLUID,ZF86AB70057GM,BRAKE FLUID 1/4 LTR DOT3 (Non Petroleum),0.9999999999999821,Personal Repeat Purchase,1,1
PARNAV AGENCIES PVT. LTD,LUBES,ZF04N216677GM,EP - 90 Gear Fluid 26 ltr,0.929,Cross-State Trending,1,2
PARNAV AGENCIES PVT. LTD,LUBES,ZF04N445957GM,Engine Oil 2W 20W40 4T,0.852,Cross-State Trending,1,3
PARNAV AGENCIES PVT. LTD,BRAKE PARTS,ZF043185987GM,W/C  ASSY(15.87)(K14/100),0.8136136849607838,Personal Repeat Purchase,1,4
PARNAV AGENCIES PVT. LTD,BRAKE PARTS,ZF043189417GM,W/C ASSY. LH.omni (k26/40),0.7984675694939273,Personal Repeat Purchase,1,5
PARNAV AGENCIES PVT. LTD,BRAKE PARTS,ZF043189017GM,W/C ASSY. RH(K23/40),0.7902708481824521,Personal Repeat Purchase,1,6
PARNAV AGENCIES PVT. LTD,BRAKE FLUID,ZF86AB70097GM,BRAKE FLUID 1/4 Lt  DOT4 (Non Petroleum),0.6963649322879419,Personal Repeat Purchase,1,7
PARNAV AGENCIES PVT. LTD,LUBES,ZF04N65848AST,2W ENGINE OIL BOTTLE 20W40 (4T) (900 ml),0.587,Cross-State Trending,1,8
PONMANI AUTO CENTRE,BRAKE PARTS,ZF043186027GM,WC ASSLY PVPL RR(K17/40),0.9999999999999769,Personal Repeat Purchase,1,1
PONMANI AUTO CENTRE,BRAKE PARTS,ZF86AB73617GM,SHOE KIT  RH(A.A.),0.9993087557603456,Personal Repeat Purchase,1,2
PONMANI AUTO CENTRE,BRAKE PARTS,ZF86AB73627GM,SHOE KIT LH (A.A.),0.9417050691244022,Personal Repeat Purchase,1,3
PONMANI AUTO CENTRE,LUBES,ZF04N216677GM,EP - 90 Gear Fluid 26 ltr,0.929,Cross-State Trending,1,4
PONMANI AUTO CENTRE,BRAKE PARTS,ZF86AB77527GM,SHOE KIT,0.7129032258064352,Personal Repeat Purchase,1,5
PONMANI AUTO CENTRE,BRAKE PARTS,ZF86AB73637GM,SHOE KIT FRONT (A.A.),0.6900921658986016,Personal Repeat Purchase,1,6
PONMANI AUTO CENTRE,AC GAS,ZF04N260123AC,R134A GAS CAN,0.61,Cross-State Trending,1,7
PONMANI AUTO CENTRE,LUBES,ZF04N65848AST,2W ENGINE OIL BOTTLE 20W40 (4T) (900 ml),0.587,Cross-State Trending,1,8
PRITHVI DISTRIBUTORS,EMS,ZF04N261905IC,IGNITION COIL,1.00000000005,Personal Repeat Purchase,1,1
PRITHVI DISTRIBUTORS,EMS,ZF04N263285FP,IN-TANK FUEL PUMP,1.00000000005,Personal Repeat Purchase,1,2
PRITHVI DISTRIBUTORS,EMS,ZF04N263355FP,IN-TANK FUEL PUMP,1.00000000005,Personal Repeat Purchase,1,3
PRITHVI DISTRIBUTORS,EMS,ZF04N591935FP,FUEL PUMP MODULE,1.00000000005,Personal Repeat Purchase,1,4
PRITHVI DISTRIBUTORS,SUSPENSION,ZF04N331005SK,SHOCK ABSORBER INNO_VA FR,1.00000000005,Personal Repeat Purchase,1,5
PRITHVI DISTRIBUTORS,LUBES,ZF04N187507GM,EP - 90 Gear Fluid 500 ml,0.75,Cross-State Trending,1,6
PRITHVI DISTRIBUTORS,AC GAS,ZF04N260123AC,R134A GAS CAN,0.61,Cross-State Trending,1,7
PRITHVI DISTRIBUTORS,BRAKE PARTS,ZF04L707227GM,Shoe Kit M_HAWK / Safari,0.605,Cross-State Trending,1,8
PUKHARAJ AUTOMOTIVE,BRAKE FLUID,ZF86AB70057GM,BRAKE FLUID 1/4 LTR DOT3 (Non Petroleum),0.999999999999946,Personal Repeat Purchase,1,1
PUKHARAJ AUTOMOTIVE,LUBES,ZF04N216677GM,EP - 90 Gear Fluid 26 ltr,0.929,Cross-State Trending,1,2
PUKHARAJ AUTOMOTIVE,LUBES,ZF04N65832AST,GREEN COOLANT BOTTLE (1 LTR),0.8124999999999563,Personal Repeat Purchase,1,3
PUKHARAJ AUTOMOTIVE,AC GAS,ZF04N260123AC,R134A GAS CAN,0.61,Cross-State Trending,1,4
PUKHARAJ AUTOMOTIVE,LUBES,ZF04N65848AST,2W ENGINE OIL BOTTLE 20W40 (4T) (900 ml),0.587,Cross-State Trending,1,5
PUKHARAJ AUTOMOTIVE,OTHERS,ZF04L952167GM,POWER STEERING FLUID 1 Ltr,0.5290948275861784,Personal Repeat Purchase,1,6
PUKHARAJ AUTOMOTIVE,BRAKE PARTS,ZF04L768967GM,"SHOE KIT WITH HBL, OMNI UPG.",0.3717672413792903,Personal Repeat Purchase,1,7
PUKHARAJ AUTOMOTIVE,BRAKE FLUID,ZF86AB70097GM,BRAKE FLUID 1/4 Lt  DOT4 (Non Petroleum),0.3124999999999832,Personal Repeat Purchase,1,8
Pawan Enterprises,BRAKE FLUID,ZF86AB70057GM,BRAKE FLUID 1/4 LTR DOT3 (Non Petroleum),0.999999999999964,Personal Repeat Purchase,1,1
Pawan Enterprises,BRAKE FLUID,ZF86AB70097GM,BRAKE FLUID 1/4 Lt  DOT4 (Non Petroleum),0.9454022988505407,Personal Repeat Purchase,1,2
Pawan Enterprises,LUBES,ZF04N216677GM,EP - 90 Gear Fluid 26 ltr,0.929,Cross-State Trending,1,3
Pawan Enterprises,LUBES,ZF04N187507GM,EP - 90 Gear Fluid 500 ml,0.75,Cross-State Trending,1,4
Pawan Enterprises,BRAKE PARTS,ZF04L699607GM,W/C ASSY. XYLO (Equlnt)(K62/25),0.6824712643677916,Personal Repeat Purchase,1,5
Pawan Enterprises,LUBES,ZF04N65848AST,2W ENGINE OIL BOTTLE 20W40 (4T) (900 ml),0.587,Cross-State Trending,1,6
Pawan Enterprises,BRAKE FLUID,ZF86AB70047GM,BRAKE FLUID 1/2 Lt DOT3 (Non Petroleum),0.46120689655170755,Personal Repeat Purchase,1,7
Pawan Enterprises,LUBES,ZF04N65832AST,GREEN COOLANT BOTTLE (1 LTR),0.3013649425287248,Personal Repeat Purchase,1,8
Philips Auto Agencies (India) Pvt L,BRAKE FLUID,ZF86AB70057GM,BRAKE FLUID 1/4 LTR DOT3 (Non Petroleum),0.9999999999999856,Personal Repeat Purchase,1,1
Philips Auto Agencies (India) Pvt L,LUBES,ZF04N216677GM,EP - 90 Gear Fluid 26 ltr,0.929,Cross-State Trending,1,2
Philips Auto Agencies (India) Pvt L,BRAKE FLUID,ZF86AB70007GM,BRAKE FLUID 100ml DOT3 (Non Petroleum),0.703639514731359,Personal Repeat Purchase,1,3
Philips Auto Agencies (India) Pvt L,BRAKE FLUID,ZF86AB70097GM,BRAKE FLUID 1/4 Lt  DOT4 (Non Petroleum),0.6943963027151835,Personal Repeat Purchase,1,4
Philips Auto Agencies (India) Pvt L,BRAKE PARTS,ZF043185987GM,W/C  ASSY(15.87)(K14/100),0.6172732524552192,Personal Repeat Purchase,1,5
Philips Auto Agencies (India) Pvt L,AC GAS,ZF04N260123AC,R134A GAS CAN,0.61,Cross-State Trending,1,6
Philips Auto Agencies (India) Pvt L,LUBES,ZF04N65848AST,2W ENGINE OIL BOTTLE 20W40 (4T) (900 ml),0.587,Cross-State Trending,1,7
Philips Auto Agencies (India) Pvt L,BRAKE PARTS,ZF86AB73837GM,MINOR KIT W/C FR(J56/250),0.5193529751588603,Personal Repeat Purchase,1,8
Prince Automobiles,BRAKE PARTS,ZF047484147GM,SHOE KIT RH RR APE CITY (I 11/20),0.9999999999998157,Personal Repeat Purchase,1,1
Prince Automobiles,LUBES,ZF04N216677GM,EP - 90 Gear Fluid 26 ltr,0.929,Cross-State Trending,1,2
Prince Automobiles,OTHERS,ZF04L927677GM,SHOCK ABS OIl 175ml,0.8545119705339126,Personal Repeat Purchase,1,3
Prince Automobiles,AC GAS,ZF04N260123AC,R134A GAS CAN,0.61,Cross-State Trending,1,4
Prince Automobiles,LUBES,ZF04N65848AST,2W ENGINE OIL BOTTLE 20W40 (4T) (900 ml),0.587,Cross-State Trending,1,5
R K Motors,OTHERS,ZF04L952167GM,POWER STEERING FLUID 1 Ltr,0.9999999999966668,Personal Repeat Purchase,1,1
R K Motors,LUBES,ZF04N216677GM,EP - 90 Gear Fluid 26 ltr,0.929,Cross-State Trending,1,2
R K Motors,LUBES,ZF04N498727GM,4W ENGINE OIL 5W30 (3.5 LTR),0.7999999999973334,Personal Repeat Purchase,1,3
R K Motors,AC GAS,ZF04N260123AC,R134A GAS CAN,0.61,Cross-State Trending,1,4
R K Motors,LUBES,ZF04N65848AST,2W ENGINE OIL BOTTLE 20W40 (4T) (900 ml),0.587,Cross-State Trending,1,5
R.A.TRADERS,LUBES,ZF04N65832AST,GREEN COOLANT BOTTLE (1 LTR),0.9999999999999687,Personal Repeat Purchase,1,1
R.A.TRADERS,LUBES,ZF04N216677GM,EP - 90 Gear Fluid 26 ltr,0.929,Cross-State Trending,1,2
R.A.TRADERS,LUBES,ZF04N187507GM,EP - 90 Gear Fluid 500 ml,0.75,Cross-State Trending,1,3
R.A.TRADERS,BRAKE FLUID,ZF86AB70097GM,BRAKE FLUID 1/4 Lt  DOT4 (Non Petroleum),0.6124999999999808,Personal Repeat Purchase,1,4
R.A.TRADERS,LUBES,ZF04N65848AST,2W ENGINE OIL BOTTLE 20W40 (4T) (900 ml),0.587,Cross-State Trending,1,5
R.A.TRADERS,LUBES,ZF04N66571AST,GEAR OIL BOTTLE (80W90) (1 ltr),0.5499999999999828,Personal Repeat Purchase,1,6
R.A.TRADERS,BRAKE FLUID,ZF86AB70057GM,BRAKE FLUID 1/4 LTR DOT3 (Non Petroleum),0.45249999999998586,Personal Repeat Purchase,1,7
R.A.TRADERS,BRAKE PARTS,ZF047816997GM,Service kit; BONDED SHOE U203(I18/2),0.4043749999999874,Personal Repeat Purchase,1,8
RAHUL MARKETING,BRAKE FLUID,ZF86AB70057GM,BRAKE FLUID 1/4 LTR DOT3 (Non Petroleum),0.9999999999999721,Personal Repeat Purchase,1,1
RAHUL MARKETING,LUBES,ZF04N216677GM,EP - 90 Gear Fluid 26 ltr,0.929,Cross-State Trending,1,2
RAHUL MARKETING,LUBES,ZF04N187507GM,EP - 90 Gear Fluid 500 ml,0.75,Cross-State Trending,1,3
RAHUL MARKETING,LUBES,ZF04N65848AST,2W ENGINE OIL BOTTLE 20W40 (4T) (900 ml),0.587,Cross-State Trending,1,4
RAHUL MARKETING,AC GAS,ZF04N260123AC,R134A GAS CAN,0.483870967741922,Personal Repeat Purchase,1,5
RAHUL MARKETING,BRAKE FLUID,ZF86AB70097GM,BRAKE FLUID 1/4 Lt  DOT4 (Non Petroleum),0.4516129032257939,Personal Repeat Purchase,1,6
RAHUL MARKETING,BRAKE PARTS,ZF04N491707GM,SHOE KIT LH; IAM BAJAJ REGC,0.4154616240266848,Personal Repeat Purchase,1,7
RAHUL MARKETING,BRAKE PARTS,ZF04L92349KIT,TMC Assy Compact,0.3937708565072193,Personal Repeat Purchase,1,8
RAJ AGENCIES,BRAKE FLUID,ZF86AB70057GM,BRAKE FLUID 1/4 LTR DOT3 (Non Petroleum),0.9999999999999979,Personal Repeat Purchase,1,1
RAJ AGENCIES,LUBES,ZF04N445957GM,Engine Oil 2W 20W40 4T,0.852,Cross-State Trending,1,2
RAJ AGENCIES,LUBES,ZF04N187507GM,EP - 90 Gear Fluid 500 ml,0.75,Cross-State Trending,1,3
RAJ AGENCIES,BRAKE FLUID,ZF86AB70007GM,BRAKE FLUID 100ml DOT3 (Non Petroleum),0.7066014669926636,Personal Repeat Purchase,1,4
RAJ AGENCIES,LUBES,ZF04N65848AST,2W ENGINE OIL BOTTLE 20W40 (4T) (900 ml),0.587,Cross-State Trending,1,5
RAJ AGENCIES,BRAKE FLUID,ZF86AB70097GM,BRAKE FLUID 1/4 Lt  DOT4 (Non Petroleum),0.31051344743276216,Personal Repeat Purchase,1,6
RAJ AGENCIES,OTHERS,ZF04L952157GM,POWER STEERING OIL BOTTLE(500ml),0.1491442542787283,Personal Repeat Purchase,1,7
RAJ AGENCIES,OTHERS,ZF04L952167GM,POWER STEERING FLUID 1 Ltr,0.10342719838124925,Personal Repeat Purchase,1,8
RAMESWAR AUTO ELECTRICAL PVT. LTD.,BRAKE FLUID,ZF86AB70007GM,BRAKE FLUID 100ml DOT3 (Non Petroleum),0.9999999999999696,Personal Repeat Purchase,1,1
RAMESWAR AUTO ELECTRICAL PVT. LTD.,LUBES,ZF04N216677GM,EP - 90 Gear Fluid 26 ltr,0.929,Cross-State Trending,1,2
RAMESWAR AUTO ELECTRICAL PVT. LTD.,BRAKE FLUID,ZF86AB70057GM,BRAKE FLUID 1/4 LTR DOT3 (Non Petroleum),0.9183922046284738,Personal Repeat Purchase,1,3
RAMESWAR AUTO ELECTRICAL PVT. LTD.,BRAKE FLUID,ZF04L708617GM,BRAKE FLUID 100 ml  DOT4 (Non Petroleum),0.8830694275273787,Personal Repeat Purchase,1,4
RAMESWAR AUTO ELECTRICAL PVT. LTD.,BRAKE PARTS,ZF86AB73627GM,SHOE KIT LH (A.A.),0.7046285018270187,Personal Repeat Purchase,1,5
RAMESWAR AUTO ELECTRICAL PVT. LTD.,BRAKE PARTS,ZF86AB73617GM,SHOE KIT  RH(A.A.),0.6894031668696501,Personal Repeat Purchase,1,6
RAMESWAR AUTO ELECTRICAL PVT. LTD.,AC GAS,ZF04N260123AC,R134A GAS CAN,0.61,Cross-State Trending,1,7
RAMESWAR AUTO ELECTRICAL PVT. LTD.,LUBES,ZF04N65848AST,2W ENGINE OIL BOTTLE 20W40 (4T) (900 ml),0.587,Cross-State Trending,1,8
ROXY AUTOMOTIVES,BRAKE FLUID,ZF86AB70007GM,BRAKE FLUID 100ml DOT3 (Non Petroleum),0.999999999999569,Personal Repeat Purchase,1,1
ROXY AUTOMOTIVES,BRAKE FLUID,ZF86AB70057GM,BRAKE FLUID 1/4 LTR DOT3 (Non Petroleum),0.999999999999569,Personal Repeat Purchase,1,2
ROXY AUTOMOTIVES,LUBES,ZF04N216677GM,EP - 90 Gear Fluid 26 ltr,0.929,Cross-State Trending,1,3
ROXY AUTOMOTIVES,AC GAS,ZF04N260123AC,R134A GAS CAN,0.61,Cross-State Trending,1,4
ROXY AUTOMOTIVES,LUBES,ZF04N65848AST,2W ENGINE OIL BOTTLE 20W40 (4T) (900 ml),0.587,Cross-State Trending,1,5
Rajvir Auto Service Station,BRAKE FLUID,ZF86AB70097GM,BRAKE FLUID 1/4 Lt  DOT4 (Non Petroleum),0.9999999999999384,Personal Repeat Purchase,1,1
Rajvir Auto Service Station,LUBES,ZF04N216677GM,EP - 90 Gear Fluid 26 ltr,0.929,Cross-State Trending,1,2
Rajvir Auto Service Station,BRAKE PARTS,ZF04L699607GM,W/C ASSY. XYLO (Equlnt)(K62/25),0.7789408866994594,Personal Repeat Purchase,1,3
Rajvir Auto Service Station,BRAKE PARTS,ZF047138407GM,"W/C ASSLY RR, Ø 15.87MM",0.7032019704433065,Personal Repeat Purchase,1,4
Rajvir Auto Service Station,BRAKE FLUID,ZF86AB70057GM,BRAKE FLUID 1/4 LTR DOT3 (Non Petroleum),0.6428571428571033,Personal Repeat Purchase,1,5
Rajvir Auto Service Station,EMS,ZF04N261775IC,IGNITION COIL,0.6428571428571033,Personal Repeat Purchase,1,6
Rajvir Auto Service Station,AC GAS,ZF04N260123AC,R134A GAS CAN,0.61,Cross-State Trending,1,7
Rajvir Auto Service Station,LUBES,ZF04N65848AST,2W ENGINE OIL BOTTLE 20W40 (4T) (900 ml),0.587,Cross-State Trending,1,8
Ramesh Agencies,LUBES,ZF04N528967GM,3W ENGINE OIL 15W40 CH4 (1 LTR),0.9999999999999042,Personal Repeat Purchase,1,1
Ramesh Agencies,LUBES,ZF04N216677GM,EP - 90 Gear Fluid 26 ltr,0.929,Cross-State Trending,1,2
Ramesh Agencies,LUBES,ZF04N52895KIT,3W ENGINE OIL 15W40 CH4 (500 ml),0.8888888888888037,Personal Repeat Purchase,1,3
Ramesh Agencies,AC GAS,ZF04N260123AC,R134A GAS CAN,0.61,Cross-State Trending,1,4
Ramesh Agencies,LUBES,ZF04N65848AST,2W ENGINE OIL BOTTLE 20W40 (4T) (900 ml),0.587,Cross-State Trending,1,5
Ramesh Agencies,BRAKE FLUID,ZF86AB70007GM,BRAKE FLUID 100ml DOT3 (Non Petroleum),0.5555555555555023,Personal Repeat Purchase,1,6
Ramesh Agencies,BRAKE FLUID,ZF86AB70057GM,BRAKE FLUID 1/4 LTR DOT3 (Non Petroleum),0.5555555555555023,Personal Repeat Purchase,1,7
Ramesh Agencies,BRAKE PARTS,ZF86AB73617GM,SHOE KIT  RH(A.A.),0.5555555555555023,Personal Repeat Purchase,1,8
Rameswar Auto Electrical Pvt Ltd,BRAKE FLUID,ZF86AB70057GM,BRAKE FLUID 1/4 LTR DOT3 (Non Petroleum),0.9999999999999873,Personal Repeat Purchase,1,1
Rameswar Auto Electrical Pvt Ltd,BRAKE FLUID,ZF86AB70007GM,BRAKE FLUID 100ml DOT3 (Non Petroleum),0.9390120967741817,Personal Repeat Purchase,1,2
Rameswar Auto Electrical Pvt Ltd,LUBES,ZF04N216677GM,EP - 90 Gear Fluid 26 ltr,0.929,Cross-State Trending,1,3
Rameswar Auto Electrical Pvt Ltd,BRAKE PARTS,ZF86AB73837GM,MINOR KIT W/C FR(J56/250),0.9042338709677306,Personal Repeat Purchase,1,4
Rameswar Auto Electrical Pvt Ltd,BRAKE PARTS,ZF047143697GM,SHOE HOLD DOWN SPRING(A.A),0.8771421370967631,Personal Repeat Purchase,1,5
Rameswar Auto Electrical Pvt Ltd,BRAKE PARTS,ZF86AB73627GM,SHOE KIT LH (A.A.),0.6111391129032181,Personal Repeat Purchase,1,6
Rameswar Auto Electrical Pvt Ltd,AC GAS,ZF04N260123AC,R134A GAS CAN,0.61,Cross-State Trending,1,7
Rameswar Auto Electrical Pvt Ltd,LUBES,ZF04N65848AST,2W ENGINE OIL BOTTLE 20W40 (4T) (900 ml),0.587,Cross-State Trending,1,8
Royal Auto Mobile,LUBES,ZF04N65849AST,2W ENGINE OIL BOTTLE 20W40 (4T) (1 ltr),0.9999999999999447,Personal Repeat Purchase,1,1
Royal Auto Mobile,LUBES,ZF04N216677GM,EP - 90 Gear Fluid 26 ltr,0.929,Cross-State Trending,1,2
Royal Auto Mobile,AC GAS,ZF04N260123AC,R134A GAS CAN,0.61,Cross-State Trending,1,3
Royal Auto Mobile,LUBES,ZF04N65848AST,2W ENGINE OIL BOTTLE 20W40 (4T) (900 ml),0.587,Cross-State Trending,1,4
Royal Auto Mobile,BRAKE FLUID,ZF86AB70007GM,BRAKE FLUID 100ml DOT3 (Non Petroleum),0.4491150442477628,Personal Repeat Purchase,1,5
Royal Auto Mobile,BRAKE FLUID,ZF86AB70057GM,BRAKE FLUID 1/4 LTR DOT3 (Non Petroleum),0.12831858407078936,Personal Repeat Purchase,1,6
Royal Auto Mobile,OTHERS,ZF04L927677GM,SHOCK ABS OIl 175ml,0.06415929203539468,Personal Repeat Purchase,1,7
Royal Auto Mobile,BRAKE PARTS,ZF04L906277TW,SHOE KIT 2W,0.03539823008849362,Personal Repeat Purchase,1,8
S M AUTOMOBILES,BRAKE PARTS,ZF86AB73837GM,MINOR KIT W/C FR(J56/250),0.9999999999999835,Personal Repeat Purchase,1,1
S M AUTOMOBILES,BRAKE PARTS,ZF86AB73627GM,SHOE KIT LH (A.A.),0.9396551724137775,Personal Repeat Purchase,1,2
S M AUTOMOBILES,LUBES,ZF04N216677GM,EP - 90 Gear Fluid 26 ltr,0.929,Cross-State Trending,1,3
S M AUTOMOBILES,BRAKE PARTS,ZF86AB73817GM,MINOR KIT W/C FR(J54/250),0.8076923076922943,Personal Repeat Purchase,1,4
S M AUTOMOBILES,BRAKE PARTS,ZF86AB77527GM,SHOE KIT,0.7657493368700138,Personal Repeat Purchase,1,5
S M AUTOMOBILES,BRAKE PARTS,ZF86AB73617GM,SHOE KIT  RH(A.A.),0.6651193633952144,Personal Repeat Purchase,1,6
S M AUTOMOBILES,AC GAS,ZF04N260123AC,R134A GAS CAN,0.61,Cross-State Trending,1,7
S M AUTOMOBILES,LUBES,ZF04N65848AST,2W ENGINE OIL BOTTLE 20W40 (4T) (900 ml),0.587,Cross-State Trending,1,8
S.R.AUTO SALES,BRAKE PARTS,ZF043185987GM,W/C  ASSY(15.87)(K14/100),0.9999999999999374,Personal Repeat Purchase,1,1
S.R.AUTO SALES,LUBES,ZF04N216677GM,EP - 90 Gear Fluid 26 ltr,0.929,Cross-State Trending,1,2
S.R.AUTO SALES,BRAKE FLUID,ZF86AB70097GM,BRAKE FLUID 1/4 Lt  DOT4 (Non Petroleum),0.7259073842302424,Personal Repeat Purchase,1,3
S.R.AUTO SALES,AC GAS,ZF04N260123AC,R134A GAS CAN,0.61,Cross-State Trending,1,4
S.R.AUTO SALES,LUBES,ZF04N65848AST,2W ENGINE OIL BOTTLE 20W40 (4T) (900 ml),0.587,Cross-State Trending,1,5
S.R.AUTO SALES,BRAKE PARTS,ZF043185947GM,W/C ASSY. RR.(17.46 mm) YE2,0.45682102628282495,Personal Repeat Purchase,1,6
S.R.AUTO SALES,BRAKE PARTS,ZF043189317GM,W /C ASSY RH SANTRO,0.4380475594492842,Personal Repeat Purchase,1,7
S.R.AUTO SALES,BRAKE FLUID,ZF86AB70057GM,BRAKE FLUID 1/4 LTR DOT3 (Non Petroleum),0.43554443053814546,Personal Repeat Purchase,1,8
S.V.AUTO SALES,BRAKE FLUID,ZF86AB70057GM,BRAKE FLUID 1/4 LTR DOT3 (Non Petroleum),0.9999999999991379,Personal Repeat Purchase,1,1
S.V.AUTO SALES,BRAKE FLUID,ZF86AB70097GM,BRAKE FLUID 1/4 Lt  DOT4 (Non Petroleum),0.9999999999991379,Personal Repeat Purchase,1,2
S.V.AUTO SALES,LUBES,ZF04N216677GM,EP - 90 Gear Fluid 26 ltr,0.929,Cross-State Trending,1,3
S.V.AUTO SALES,AC GAS,ZF04N260123AC,R134A GAS CAN,0.61,Cross-State Trending,1,4
S.V.AUTO SALES,LUBES,ZF04N65848AST,2W ENGINE OIL BOTTLE 20W40 (4T) (900 ml),0.587,Cross-State Trending,1,5
SAGAR TEMPO HOUSE,BRAKE FLUID,ZF86AB70007GM,BRAKE FLUID 100ml DOT3 (Non Petroleum),0.9999999999999137,Personal Repeat Purchase,1,1
SAGAR TEMPO HOUSE,BRAKE FLUID,ZF86AB70057GM,BRAKE FLUID 1/4 LTR DOT3 (Non Petroleum),0.9999999999999137,Personal Repeat Purchase,1,2
SAGAR TEMPO HOUSE,LUBES,ZF04N216677GM,EP - 90 Gear Fluid 26 ltr,0.929,Cross-State Trending,1,3
SAGAR TEMPO HOUSE,AC GAS,ZF04N260123AC,R134A GAS CAN,0.61,Cross-State Trending,1,4
SAGAR TEMPO HOUSE,LUBES,ZF04N65848AST,2W ENGINE OIL BOTTLE 20W40 (4T) (900 ml),0.587,Cross-State Trending,1,5
SAGAR TEMPO HOUSE,BRAKE PARTS,ZF04L71189KIT,MINOR KIT BAL TMC IAM,0.2999999999999741,Personal Repeat Purchase,1,6
SAGAR TEMPO HOUSE,BRAKE PARTS,ZF04L82030KIT,MINOR KIT (Only Seals),0.2999999999999741,Personal Repeat Purchase,1,7
SAGAR TEMPO HOUSE,BRAKE PARTS,ZF04N229207GM,Shoes Assy W/O Spring,0.2999999999999741,Personal Repeat Purchase,1,8
SHEKHAR AUTO CENTRE,LUBES,ZF04N65832AST,GREEN COOLANT BOTTLE (1 LTR),0.9999999999998275,Personal Repeat Purchase,1,1
SHEKHAR AUTO CENTRE,LUBES,ZF04N216677GM,EP - 90 Gear Fluid 26 ltr,0.929,Cross-State Trending,1,2
SHEKHAR AUTO CENTRE,AC GAS,ZF04N260123AC,R134A GAS CAN,0.61,Cross-State Trending,1,3
SHEKHAR AUTO CENTRE,LUBES,ZF04N65848AST,2W ENGINE OIL BOTTLE 20W40 (4T) (900 ml),0.587,Cross-State Trending,1,4
SHEKHAR AUTO CENTRE,BRAKE PARTS,ZF04L768967GM,"SHOE KIT WITH HBL, OMNI UPG.",0.4965517241378454,Personal Repeat Purchase,1,5
SHEKHAR AUTO CENTRE,BRAKE PARTS,ZF86AB75347GM,BRAKE SHOE KIT (KBX type),0.3172413793102901,Personal Repeat Purchase,1,6
SHEKHAR AUTO CENTRE,BRAKE PARTS,ZF86AB77527GM,SHOE KIT,0.30172413793098246,Personal Repeat Purchase,1,7
SHEKHAR AUTO CENTRE,BRAKE PARTS,ZF043189957GM,W/C Model K cr3 (19.05)(K31/100),0.2586206896551278,Personal Repeat Purchase,1,8
SHREE AGENCIES,BRAKE FLUID,ZF86AB70007GM,BRAKE FLUID 100ml DOT3 (Non Petroleum),0.9999999999999282,Personal Repeat Purchase,1,1
SHREE AGENCIES,BRAKE FLUID,ZF86AB70057GM,BRAKE FLUID 1/4 LTR DOT3 (Non Petroleum),0.9999999999999282,Personal Repeat Purchase,1,2
SHREE AGENCIES,LUBES,ZF04N216677GM,EP - 90 Gear Fluid 26 ltr,0.929,Cross-State Trending,1,3
SHREE AGENCIES,AC GAS,ZF04N260123AC,R134A GAS CAN,0.61,Cross-State Trending,1,4
SHREE AGENCIES,LUBES,ZF04N65848AST,2W ENGINE OIL BOTTLE 20W40 (4T) (900 ml),0.587,Cross-State Trending,1,5
SHREE AGENCIES,BRAKE PARTS,ZF86AB77527GM,SHOE KIT,0.5028735632183546,Personal Repeat Purchase,1,6
SHREE AGENCIES,BRAKE PARTS,ZF043185987GM,W/C  ASSY(15.87)(K14/100),0.46695402298847216,Personal Repeat Purchase,1,7
SHREE AGENCIES,BRAKE PARTS,ZF86AB74827GM,PAD FRICTION KING,0.2873563218390598,Personal Repeat Purchase,1,8
SHREE BHARAT PETRO,BRAKE FLUID,ZF86AB70007GM,BRAKE FLUID 100ml DOT3 (Non Petroleum),0.9999999999998275,Personal Repeat Purchase,1,1
SHREE BHARAT PETRO,BRAKE FLUID,ZF86AB70057GM,BRAKE FLUID 1/4 LTR DOT3 (Non Petroleum),0.9999999999998275,Personal Repeat Purchase,1,2
SHREE BHARAT PETRO,LUBES,ZF04N216677GM,EP - 90 Gear Fluid 26 ltr,0.929,Cross-State Trending,1,3
SHREE BHARAT PETRO,AC GAS,ZF04N260123AC,R134A GAS CAN,0.61,Cross-State Trending,1,4
SHREE BHARAT PETRO,LUBES,ZF04N65848AST,2W ENGINE OIL BOTTLE 20W40 (4T) (900 ml),0.587,Cross-State Trending,1,5
SHREE TIRUPATI AUTO AGENCIES,BRAKE FLUID,ZF86AB70057GM,BRAKE FLUID 1/4 LTR DOT3 (Non Petroleum),0.9999999999999972,Personal Repeat Purchase,1,1
SHREE TIRUPATI AUTO AGENCIES,LUBES,ZF04N216677GM,EP - 90 Gear Fluid 26 ltr,0.929,Cross-State Trending,1,2
SHREE TIRUPATI AUTO AGENCIES,BRAKE FLUID,ZF86AB70007GM,BRAKE FLUID 100ml DOT3 (Non Petroleum),0.8910256410256385,Personal Repeat Purchase,1,3
SHREE TIRUPATI AUTO AGENCIES,AC GAS,ZF04N260123AC,R134A GAS CAN,0.61,Cross-State Trending,1,4
SHREE TIRUPATI AUTO AGENCIES,LUBES,ZF04N65848AST,2W ENGINE OIL BOTTLE 20W40 (4T) (900 ml),0.587,Cross-State Trending,1,5
SHREE TIRUPATI AUTO AGENCIES,BRAKE PARTS,ZF86AB73617GM,SHOE KIT  RH(A.A.),0.48577033598585184,Personal Repeat Purchase,1,6
SHREE TIRUPATI AUTO AGENCIES,BRAKE PARTS,ZF86AB70567GM,SHOE KIT  (1 LEADING- 1 TRAILING),0.4578083554376645,Personal Repeat Purchase,1,7
SHREE TIRUPATI AUTO AGENCIES,BRAKE PARTS,ZF86AB73627GM,SHOE KIT LH (A.A.),0.4182692307692296,Personal Repeat Purchase,1,8
SIDDHI VINAYAK ENTERPRISES,BRAKE FLUID,ZF86AB70057GM,BRAKE FLUID 1/4 LTR DOT3 (Non Petroleum),0.9999999999999625,Personal Repeat Purchase,1,1
SIDDHI VINAYAK ENTERPRISES,LUBES,ZF04N216677GM,EP - 90 Gear Fluid 26 ltr,0.929,Cross-State Trending,1,2
SIDDHI VINAYAK ENTERPRISES,BRAKE FLUID,ZF86AB70097GM,BRAKE FLUID 1/4 Lt  DOT4 (Non Petroleum),0.8155922038980203,Personal Repeat Purchase,1,3
SIDDHI VINAYAK ENTERPRISES,LUBES,ZF04N187507GM,EP - 90 Gear Fluid 500 ml,0.75,Cross-State Trending,1,4
SIDDHI VINAYAK ENTERPRISES,LUBES,ZF04N65848AST,2W ENGINE OIL BOTTLE 20W40 (4T) (900 ml),0.587,Cross-State Trending,1,5
SIDDHI VINAYAK ENTERPRISES,BRAKE PARTS,ZF86AB73837GM,MINOR KIT W/C FR(J56/250),0.5592203898050765,Personal Repeat Purchase,1,6
SIDDHI VINAYAK ENTERPRISES,OTHERS,ZF04L952157GM,POWER STEERING OIL BOTTLE(500ml),0.5254872563717944,Personal Repeat Purchase,1,7
SIDDHI VINAYAK ENTERPRISES,LUBES,ZF04N187517GM,EP - 90 Gear Fluid 1   ltr,0.47226386806594933,Personal Repeat Purchase,1,8
SNEHA SRI MARKETER,BRAKE FLUID,ZF86AB70057GM,BRAKE FLUID 1/4 LTR DOT3 (Non Petroleum),0.9999999999999692,Personal Repeat Purchase,1,1
SNEHA SRI MARKETER,LUBES,ZF04N216677GM,EP - 90 Gear Fluid 26 ltr,0.929,Cross-State Trending,1,2
SNEHA SRI MARKETER,LUBES,ZF04N187507GM,EP - 90 Gear Fluid 500 ml,0.75,Cross-State Trending,1,3
SNEHA SRI MARKETER,AC GAS,ZF04N260123AC,R134A GAS CAN,0.61,Cross-State Trending,1,4
SNEHA SRI MARKETER,BRAKE FLUID,ZF86AB70007GM,BRAKE FLUID 100ml DOT3 (Non Petroleum),0.6071428571428384,Personal Repeat Purchase,1,5
SNEHA SRI MARKETER,BRAKE PARTS,ZF86AB70567GM,SHOE KIT  (1 LEADING- 1 TRAILING),0.3386699507389058,Personal Repeat Purchase,1,6
SNEHA SRI MARKETER,BRAKE PARTS,ZF86AB73837GM,MINOR KIT W/C FR(J56/250),0.3214285714285615,Personal Repeat Purchase,1,7
SNEHA SRI MARKETER,LUBES,ZF04N65832AST,GREEN COOLANT BOTTLE (1 LTR),0.3214285714285615,Personal Repeat Purchase,1,8
SRI  BALAJI  AUTO  AGENCIES,BRAKE PARTS,ZF86AB70567GM,SHOE KIT  (1 LEADING- 1 TRAILING),0.9999999999999087,Personal Repeat Purchase,1,1
SRI  BALAJI  AUTO  AGENCIES,LUBES,ZF04N216677GM,EP - 90 Gear Fluid 26 ltr,0.929,Cross-State Trending,1,2
SRI  BALAJI  AUTO  AGENCIES,BRAKE FLUID,ZF86AB70097GM,BRAKE FLUID 1/4 Lt  DOT4 (Non Petroleum),0.7408759124086916,Personal Repeat Purchase,1,3
SRI  BALAJI  AUTO  AGENCIES,OTHERS,ZF04L952157GM,POWER STEERING OIL BOTTLE(500ml),0.7408759124086916,Personal Repeat Purchase,1,4
SRI  BALAJI  AUTO  AGENCIES,BRAKE FLUID,ZF04L708617GM,BRAKE FLUID 100 ml  DOT4 (Non Petroleum),0.635036496350307,Personal Repeat Purchase,1,5
SRI  BALAJI  AUTO  AGENCIES,AC GAS,ZF04N260123AC,R134A GAS CAN,0.61,Cross-State Trending,1,6
SRI  BALAJI  AUTO  AGENCIES,LUBES,ZF04N65848AST,2W ENGINE OIL BOTTLE 20W40 (4T) (900 ml),0.587,Cross-State Trending,1,7
SRI  BALAJI  AUTO  AGENCIES,BRAKE PARTS,ZF047139187GM,W/C ASSY. RR. LH. CULTUS (17.46 mm),0.48540145985397026,Personal Repeat Purchase,1,8
SUBHASH AUTO ENTERPRISES,BRAKE PARTS,ZF043185987GM,W/C  ASSY(15.87)(K14/100),0.9999999999999428,Personal Repeat Purchase,1,1
SUBHASH AUTO ENTERPRISES,BRAKE PARTS,ZF043189317GM,W /C ASSY RH SANTRO,0.9988571428570857,Personal Repeat Purchase,1,2
SUBHASH AUTO ENTERPRISES,BRAKE PARTS,ZF043189947GM,W/C ASSY LH SANTRO,0.9417142857142319,Personal Repeat Purchase,1,3
SUBHASH AUTO ENTERPRISES,LUBES,ZF04N216677GM,EP - 90 Gear Fluid 26 ltr,0.929,Cross-State Trending,1,4
SUBHASH AUTO ENTERPRISES,BRAKE PARTS,ZF047138407GM,"W/C ASSLY RR, Ø 15.87MM",0.6914285714285319,Personal Repeat Purchase,1,5
SUBHASH AUTO ENTERPRISES,BRAKE PARTS,ZF043185617GM,W/C ASSY. RH(19.05 mm),0.6285714285713926,Personal Repeat Purchase,1,6
SUBHASH AUTO ENTERPRISES,AC GAS,ZF04N260123AC,R134A GAS CAN,0.61,Cross-State Trending,1,7
SUBHASH AUTO ENTERPRISES,LUBES,ZF04N65848AST,2W ENGINE OIL BOTTLE 20W40 (4T) (900 ml),0.587,Cross-State Trending,1,8
SUKH AGENCY,BRAKE FLUID,ZF86AB70057GM,BRAKE FLUID 1/4 LTR DOT3 (Non Petroleum),0.9999999999998275,Personal Repeat Purchase,1,1
SUKH AGENCY,LUBES,ZF04N216677GM,EP - 90 Gear Fluid 26 ltr,0.929,Cross-State Trending,1,2
SUKH AGENCY,BRAKE FLUID,ZF04L708617GM,BRAKE FLUID 100 ml  DOT4 (Non Petroleum),0.799999999999862,Personal Repeat Purchase,1,3
SUKH AGENCY,AC GAS,ZF04N260123AC,R134A GAS CAN,0.61,Cross-State Trending,1,4
SUKH AGENCY,BRAKE FLUID,ZF86AB70097GM,BRAKE FLUID 1/4 Lt  DOT4 (Non Petroleum),0.5999999999998965,Personal Repeat Purchase,1,5
SUKH AGENCY,BRAKE PARTS,ZF04L71189KIT,MINOR KIT BAL TMC IAM,0.5999999999998965,Personal Repeat Purchase,1,6
SUKH AGENCY,OTHERS,ZF04L927677GM,SHOCK ABS OIl 175ml,0.5999999999998965,Personal Repeat Purchase,1,7
SUKH AGENCY,LUBES,ZF04N65848AST,2W ENGINE OIL BOTTLE 20W40 (4T) (900 ml),0.587,Cross-State Trending,1,8
SUNLITE AUTO AGENCIES,BRAKE PARTS,ZF86AB75097GM,MINOR KIT W/C FRT.(J77/500),0.9999999999999493,Personal Repeat Purchase,1,1
SUNLITE AUTO AGENCIES,LUBES,ZF04N216677GM,EP - 90 Gear Fluid 26 ltr,0.929,Cross-State Trending,1,2
SUNLITE AUTO AGENCIES,BRAKE PARTS,ZF043185987GM,W/C  ASSY(15.87)(K14/100),0.6374239350912455,Personal Repeat Purchase,1,3
SUNLITE AUTO AGENCIES,AC GAS,ZF04N260123AC,R134A GAS CAN,0.61,Cross-State Trending,1,4
SUNLITE AUTO AGENCIES,LUBES,ZF04N65848AST,2W ENGINE OIL BOTTLE 20W40 (4T) (900 ml),0.587,Cross-State Trending,1,5
SUNLITE AUTO AGENCIES,BRAKE PARTS,ZF043185777GM,W/C ASSY. FRT. RH. R1 ONE TUBE SEAT(25.4,0.5324543610547398,Personal Repeat Purchase,1,6
SUNLITE AUTO AGENCIES,BRAKE PARTS,ZF043189417GM,W/C ASSY. LH.omni (k26/40),0.5070993914807045,Personal Repeat Purchase,1,7
SUNLITE AUTO AGENCIES,BRAKE PARTS,ZF04L768967GM,"SHOE KIT WITH HBL, OMNI UPG.",0.45638945233263406,Personal Repeat Purchase,1,8
Sai Ganesh Diesel Works,BRAKE PARTS,ZF86AB73617GM,SHOE KIT  RH(A.A.),0.9999999999997127,Personal Repeat Purchase,1,1
Sai Ganesh Diesel Works,LUBES,ZF04N216677GM,EP - 90 Gear Fluid 26 ltr,0.929,Cross-State Trending,1,2
Sai Ganesh Diesel Works,BRAKE PARTS,ZF86AB73817GM,MINOR KIT W/C FR(J54/250),0.6666666666664751,Personal Repeat Purchase,1,3
Sai Ganesh Diesel Works,BRAKE PARTS,ZF86AB73837GM,MINOR KIT W/C FR(J56/250),0.6666666666664751,Personal Repeat Purchase,1,4
Sai Ganesh Diesel Works,BRAKE PARTS,ZF86AB77527GM,SHOE KIT,0.6666666666664751,Personal Repeat Purchase,1,5
Sai Ganesh Diesel Works,BRAKE PARTS,ZF86AB70557GM,MINOR KIT W/C(J29/250),0.6206896551722355,Personal Repeat Purchase,1,6
Sai Ganesh Diesel Works,AC GAS,ZF04N260123AC,R134A GAS CAN,0.61,Cross-State Trending,1,7
Sai Ganesh Diesel Works,LUBES,ZF04N65848AST,2W ENGINE OIL BOTTLE 20W40 (4T) (900 ml),0.587,Cross-State Trending,1,8
Sanjay Auto Parts,BRAKE PARTS,ZF047143057GM,SPRING SHOE RETURN UPPER(G46/400),0.9999999999998836,Personal Repeat Purchase,1,1
Sanjay Auto Parts,BRAKE PARTS,ZF86AB73837GM,MINOR KIT W/C FR(J56/250),0.9511627906975638,Personal Repeat Purchase,1,2
Sanjay Auto Parts,BRAKE PARTS,ZF86AB73567GM,MINOR KIT W/C FR.(J46/250),0.944186046511518,Personal Repeat Purchase,1,3
Sanjay Auto Parts,LUBES,ZF04N216677GM,EP - 90 Gear Fluid 26 ltr,0.929,Cross-State Trending,1,4
Sanjay Auto Parts,BRAKE PARTS,ZF04L71189KIT,MINOR KIT BAL TMC IAM,0.906976744185941,Personal Repeat Purchase,1,5
Sanjay Auto Parts,BRAKE PARTS,ZF04L82030KIT,MINOR KIT (Only Seals),0.906976744185941,Personal Repeat Purchase,1,6
Sanjay Auto Parts,AC GAS,ZF04N260123AC,R134A GAS CAN,0.61,Cross-State Trending,1,7
Sanjay Auto Parts,LUBES,ZF04N65848AST,2W ENGINE OIL BOTTLE 20W40 (4T) (900 ml),0.587,Cross-State Trending,1,8
Shiv Shakti Enterprises,BRAKE PARTS,ZF047138407GM,"W/C ASSLY RR, Ø 15.87MM",0.9999999999999707,Personal Repeat Purchase,1,1
Shiv Shakti Enterprises,LUBES,ZF04N216677GM,EP - 90 Gear Fluid 26 ltr,0.929,Cross-State Trending,1,2
Shiv Shakti Enterprises,BRAKE PARTS,ZF043185987GM,W/C  ASSY(15.87)(K14/100),0.887328065554554,Personal Repeat Purchase,1,3
Shiv Shakti Enterprises,BRAKE FLUID,ZF86AB70097GM,BRAKE FLUID 1/4 Lt  DOT4 (Non Petroleum),0.7808018729879783,Personal Repeat Purchase,1,4
Shiv Shakti Enterprises,BRAKE FLUID,ZF86AB70057GM,BRAKE FLUID 1/4 LTR DOT3 (Non Petroleum),0.7129060579455454,Personal Repeat Purchase,1,5
Shiv Shakti Enterprises,BRAKE PARTS,ZF04L71194KIT,MINOR KIT TMC,0.6262803628914069,Personal Repeat Purchase,1,6
Shiv Shakti Enterprises,AC GAS,ZF04N260123AC,R134A GAS CAN,0.61,Cross-State Trending,1,7
Shiv Shakti Enterprises,LUBES,ZF04N65848AST,2W ENGINE OIL BOTTLE 20W40 (4T) (900 ml),0.587,Cross-State Trending,1,8
Shree  Spaires,BRAKE PARTS,ZF04N491707GM,SHOE KIT LH; IAM BAJAJ REGC,0.9999999999999679,Personal Repeat Purchase,1,1
Shree  Spaires,LUBES,ZF04N216677GM,EP - 90 Gear Fluid 26 ltr,0.929,Cross-State Trending,1,2
Shree  Spaires,AC GAS,ZF04N260123AC,R134A GAS CAN,0.61,Cross-State Trending,1,3
Shree  Spaires,BRAKE FLUID,ZF86AB70057GM,BRAKE FLUID 1/4 LTR DOT3 (Non Petroleum),0.5952533675432778,Personal Repeat Purchase,1,4
Shree  Spaires,LUBES,ZF04N65848AST,2W ENGINE OIL BOTTLE 20W40 (4T) (900 ml),0.587,Cross-State Trending,1,5
Shree  Spaires,BRAKE PARTS,ZF04N491717GM,SHOE KIT RH; IAM BAJAJ REGC,0.5554842847979296,Personal Repeat Purchase,1,6
Shree  Spaires,BRAKE PARTS,ZF86AB77527GM,SHOE KIT,0.4259140474663109,Personal Repeat Purchase,1,7
Shree  Spaires,BRAKE FLUID,ZF86AB70007GM,BRAKE FLUID 100ml DOT3 (Non Petroleum),0.3348300192430938,Personal Repeat Purchase,1,8
Sonal Auto Parts,BRAKE PARTS,ZF86AB70567GM,SHOE KIT  (1 LEADING- 1 TRAILING),0.9999999999999649,Personal Repeat Purchase,1,1
Sonal Auto Parts,BRAKE PARTS,ZF86AB75867GM,MINOR KIT W/C(J91/250),0.9376750700279783,Personal Repeat Purchase,1,2
Sonal Auto Parts,LUBES,ZF04N216677GM,EP - 90 Gear Fluid 26 ltr,0.929,Cross-State Trending,1,3
Sonal Auto Parts,BRAKE PARTS,ZF86AB75897GM,SHOE KIT(12),0.9201680672268585,Personal Repeat Purchase,1,4
Sonal Auto Parts,BRAKE PARTS,ZF043189847GM,W/C ASSY. LH(19.05 mm),0.7962184873949301,Personal Repeat Purchase,1,5
Sonal Auto Parts,BRAKE FLUID,ZF86AB70097GM,BRAKE FLUID 1/4 Lt  DOT4 (Non Petroleum),0.7717086834733623,Personal Repeat Purchase,1,6
Sonal Auto Parts,AC GAS,ZF04N260123AC,R134A GAS CAN,0.61,Cross-State Trending,1,7
Sonal Auto Parts,LUBES,ZF04N65848AST,2W ENGINE OIL BOTTLE 20W40 (4T) (900 ml),0.587,Cross-State Trending,1,8
Stark Distribution Services,BRAKE FLUID,ZF86AB70097GM,BRAKE FLUID 1/4 Lt  DOT4 (Non Petroleum),0.9999999999999425,Personal Repeat Purchase,1,1
Stark Distribution Services,BRAKE FLUID,ZF86AB70087GM,BRAKE FLUID 1/2 Lt DOT4 (Non Petroleum),0.9448275862068423,Personal Repeat Purchase,1,2
Stark Distribution Services,BRAKE FLUID,ZF86AB70057GM,BRAKE FLUID 1/4 LTR DOT3 (Non Petroleum),0.9333333333332797,Personal Repeat Purchase,1,3
Stark Distribution Services,LUBES,ZF04N216677GM,EP - 90 Gear Fluid 26 ltr,0.929,Cross-State Trending,1,4
Stark Distribution Services,LUBES,ZF04N65832AST,GREEN COOLANT BOTTLE (1 LTR),0.7333333333332912,Personal Repeat Purchase,1,5
Stark Distribution Services,AC GAS,ZF04N260123AC,R134A GAS CAN,0.61,Cross-State Trending,1,6
Stark Distribution Services,LUBES,ZF04N65833AST,RED COOLANT BOTTLE (1 LTR),0.5999999999999654,Personal Repeat Purchase,1,7
Stark Distribution Services,LUBES,ZF04N65848AST,2W ENGINE OIL BOTTLE 20W40 (4T) (900 ml),0.587,Cross-State Trending,1,8
Sumit Enterprises,BRAKE FLUID,ZF86AB70057GM,BRAKE FLUID 1/4 LTR DOT3 (Non Petroleum),0.9999999999999754,Personal Repeat Purchase,1,1
Sumit Enterprises,LUBES,ZF04N216677GM,EP - 90 Gear Fluid 26 ltr,0.929,Cross-State Trending,1,2
Sumit Enterprises,BRAKE FLUID,ZF86AB70007GM,BRAKE FLUID 100ml DOT3 (Non Petroleum),0.7142857142856966,Personal Repeat Purchase,1,3
Sumit Enterprises,BRAKE PARTS,ZF86AB73617GM,SHOE KIT  RH(A.A.),0.6371921182265853,Personal Repeat Purchase,1,4
Sumit Enterprises,BRAKE PARTS,ZF86AB73627GM,SHOE KIT LH (A.A.),0.6231527093595906,Personal Repeat Purchase,1,5
Sumit Enterprises,AC GAS,ZF04N260123AC,R134A GAS CAN,0.61,Cross-State Trending,1,6
Sumit Enterprises,LUBES,ZF04N65848AST,2W ENGINE OIL BOTTLE 20W40 (4T) (900 ml),0.587,Cross-State Trending,1,7
Sumit Enterprises,BRAKE PARTS,ZF86AB73837GM,MINOR KIT W/C FR(J56/250),0.5674876847290501,Personal Repeat Purchase,1,8
Suresh Auto Centre,BRAKE PARTS,ZF86AB73837GM,MINOR KIT W/C FR(J56/250),0.9999999999999546,Personal Repeat Purchase,1,1
Suresh Auto Centre,LUBES,ZF04N216677GM,EP - 90 Gear Fluid 26 ltr,0.929,Cross-State Trending,1,2
Suresh Auto Centre,BRAKE PARTS,ZF86AB73627GM,SHOE KIT LH (A.A.),0.9101633393828988,Personal Repeat Purchase,1,3
Suresh Auto Centre,BRAKE PARTS,ZF86AB73617GM,SHOE KIT  RH(A.A.),0.8947368421052225,Personal Repeat Purchase,1,4
Suresh Auto Centre,BRAKE PARTS,ZF04L71188KIT,MINOR KIT TMC PIAGGIO,0.7368421052631244,Personal Repeat Purchase,1,5
Suresh Auto Centre,BRAKE PARTS,ZF04L71194KIT,MINOR KIT TMC,0.6170598911070501,Personal Repeat Purchase,1,6
Suresh Auto Centre,AC GAS,ZF04N260123AC,R134A GAS CAN,0.61,Cross-State Trending,1,7
Suresh Auto Centre,LUBES,ZF04N65848AST,2W ENGINE OIL BOTTLE 20W40 (4T) (900 ml),0.587,Cross-State Trending,1,8
Swami Traders,OTHERS,ZF04N260734RL,DUAL HEAD LAMP RELAY,0.99999999999975,Personal Repeat Purchase,1,1
Swami Traders,LUBES,ZF04N216677GM,EP - 90 Gear Fluid 26 ltr,0.929,Cross-State Trending,1,2
Swami Traders,LUBES,ZF04N65832AST,GREEN COOLANT BOTTLE (1 LTR),0.8699999999997825,Personal Repeat Purchase,1,3
Swami Traders,LUBES,ZF04N65833AST,RED COOLANT BOTTLE (1 LTR),0.8699999999997825,Personal Repeat Purchase,1,4
Swami Traders,AC GAS,ZF04N260123AC,R134A GAS CAN,0.61,Cross-State Trending,1,5
Swami Traders,LUBES,ZF04N65848AST,2W ENGINE OIL BOTTLE 20W40 (4T) (900 ml),0.587,Cross-State Trending,1,6
Swami Traders,SUSPENSION,ZF04N330975SK,SHOCK ABSORBER FORTU_NER FR/FL,0.579999999999855,Personal Repeat Purchase,1,7
Swami Traders,LUBES,ZF04N65834AST,BLUE COOLANT BOTTLE (1 LTR),0.5624999999998594,Personal Repeat Purchase,1,8
TOMAR TRACTOR,BRAKE FLUID,ZF04L708617GM,BRAKE FLUID 100 ml  DOT4 (Non Petroleum),0.999999999999569,Personal Repeat Purchase,1,1
TOMAR TRACTOR,OTHERS,ZF04L927677GM,SHOCK ABS OIl 175ml,0.999999999999569,Personal Repeat Purchase,1,2
TOMAR TRACTOR,LUBES,ZF04N216677GM,EP - 90 Gear Fluid 26 ltr,0.929,Cross-State Trending,1,3
TOMAR TRACTOR,BRAKE FLUID,ZF86AB70007GM,BRAKE FLUID 100ml DOT3 (Non Petroleum),0.8620689655168698,Personal Repeat Purchase,1,4
TOMAR TRACTOR,AC GAS,ZF04N260123AC,R134A GAS CAN,0.61,Cross-State Trending,1,5
TOMAR TRACTOR,LUBES,ZF04N65848AST,2W ENGINE OIL BOTTLE 20W40 (4T) (900 ml),0.587,Cross-State Trending,1,6
TOMAR TRACTOR,BRAKE PARTS,ZF04L789077TW,FIXED CALIPER ASSEMBLY Ø30 2W VESPA,0.5172413793101219,Personal Repeat Purchase,1,7
TOMAR TRACTOR,BRAKE FLUID,ZF86AB70097GM,BRAKE FLUID 1/4 Lt  DOT4 (Non Petroleum),0.3448275862067479,Personal Repeat Purchase,1,8
TVS SMART MOBILITY PRIVATE LIMITED,BRAKE FLUID,ZF86AB70057GM,BRAKE FLUID 1/4 LTR DOT3 (Non Petroleum),0.999999999999995,Personal Repeat Purchase,1,1
TVS SMART MOBILITY PRIVATE LIMITED,LUBES,ZF04N216677GM,EP - 90 Gear Fluid 26 ltr,0.929,Cross-State Trending,1,2
TVS SMART MOBILITY PRIVATE LIMITED,LUBES,ZF04N445957GM,Engine Oil 2W 20W40 4T,0.852,Cross-State Trending,1,3
TVS SMART MOBILITY PRIVATE LIMITED,LUBES,ZF04N65848AST,2W ENGINE OIL BOTTLE 20W40 (4T) (900 ml),0.587,Cross-State Trending,1,4
TVS SMART MOBILITY PRIVATE LIMITED,BRAKE PARTS,ZF86AB70567GM,SHOE KIT  (1 LEADING- 1 TRAILING),0.5733258701404409,Personal Repeat Purchase,1,5
TVS SMART MOBILITY PRIVATE LIMITED,BRAKE FLUID,ZF86AB70097GM,BRAKE FLUID 1/4 Lt  DOT4 (Non Petroleum),0.5350091593730891,Personal Repeat Purchase,1,6
TVS SMART MOBILITY PRIVATE LIMITED,BRAKE PARTS,ZF043185987GM,W/C  ASSY(15.87)(K14/100),0.44107469977610203,Personal Repeat Purchase,1,7
TVS SMART MOBILITY PRIVATE LIMITED,BRAKE PARTS,ZF86AB77527GM,SHOE KIT,0.30414207205373345,Personal Repeat Purchase,1,8
Trikut Auto Agencies,BRAKE FLUID,ZF86AB70097GM,BRAKE FLUID 1/4 Lt  DOT4 (Non Petroleum),0.999999999999957,Personal Repeat Purchase,1,1
Trikut Auto Agencies,LUBES,ZF04N216677GM,EP - 90 Gear Fluid 26 ltr,0.929,Cross-State Trending,1,2
Trikut Auto Agencies,AC GAS,ZF04N260123AC,R134A GAS CAN,0.61,Cross-State Trending,1,3
Trikut Auto Agencies,LUBES,ZF04N65848AST,2W ENGINE OIL BOTTLE 20W40 (4T) (900 ml),0.587,Cross-State Trending,1,4
Trikut Auto Agencies,BRAKE PARTS,ZF86AB73287GM,KBX  PAD KIT,0.4776632302405293,Personal Repeat Purchase,1,5
Trikut Auto Agencies,BRAKE PARTS,ZF86AB75817GM,SHOE KIT(15),0.4531786941580561,Personal Repeat Purchase,1,6
Trikut Auto Agencies,BRAKE PARTS,ZF86AB75887GM,SHOE KIT(INCRIMENTAL ADJ.)15,0.38144329896905577,Personal Repeat Purchase,1,7
Trikut Auto Agencies,BRAKE FLUID,ZF86AB70057GM,BRAKE FLUID 1/4 LTR DOT3 (Non Petroleum),0.2989690721649356,Personal Repeat Purchase,1,8
Twenty First Century Distributors P,BRAKE FLUID,ZF86AB70057GM,BRAKE FLUID 1/4 LTR DOT3 (Non Petroleum),0.999999999999946,Personal Repeat Purchase,1,1
Twenty First Century Distributors P,BRAKE FLUID,ZF86AB70047GM,BRAKE FLUID 1/2 Lt DOT3 (Non Petroleum),0.9741379310344302,Personal Repeat Purchase,1,2
Twenty First Century Distributors P,LUBES,ZF04N216677GM,EP - 90 Gear Fluid 26 ltr,0.929,Cross-State Trending,1,3
Twenty First Century Distributors P,BRAKE FLUID,ZF86AB70097GM,BRAKE FLUID 1/4 Lt  DOT4 (Non Petroleum),0.8124999999999563,Personal Repeat Purchase,1,4
Twenty First Century Distributors P,OTHERS,ZF04L952157GM,POWER STEERING OIL BOTTLE(500ml),0.6109913793103119,Personal Repeat Purchase,1,5
Twenty First Century Distributors P,AC GAS,ZF04N260123AC,R134A GAS CAN,0.61,Cross-State Trending,1,6
Twenty First Century Distributors P,LUBES,ZF04N65848AST,2W ENGINE OIL BOTTLE 20W40 (4T) (900 ml),0.587,Cross-State Trending,1,7
Twenty First Century Distributors P,OTHERS,ZF04L952167GM,POWER STEERING FLUID 1 Ltr,0.5091594827585932,Personal Repeat Purchase,1,8
VARDHMAN AUTO CENTRE,BRAKE FLUID,ZF86AB70057GM,BRAKE FLUID 1/4 LTR DOT3 (Non Petroleum),0.9999999999999485,Personal Repeat Purchase,1,1
VARDHMAN AUTO CENTRE,LUBES,ZF04N216677GM,EP - 90 Gear Fluid 26 ltr,0.929,Cross-State Trending,1,2
VARDHMAN AUTO CENTRE,LUBES,ZF04N187507GM,EP - 90 Gear Fluid 500 ml,0.75,Cross-State Trending,1,3
VARDHMAN AUTO CENTRE,BRAKE FLUID,ZF86AB70097GM,BRAKE FLUID 1/4 Lt  DOT4 (Non Petroleum),0.7427983539094268,Personal Repeat Purchase,1,4
VARDHMAN AUTO CENTRE,BRAKE PARTS,ZF86AB70557GM,MINOR KIT W/C(J29/250),0.7201646090534609,Personal Repeat Purchase,1,5
VARDHMAN AUTO CENTRE,BRAKE PARTS,ZF04L71190KIT,MINOR KIT TMC,0.6172839506172522,Personal Repeat Purchase,1,6
VARDHMAN AUTO CENTRE,AC GAS,ZF04N260123AC,R134A GAS CAN,0.61,Cross-State Trending,1,7
VARDHMAN AUTO CENTRE,BRAKE PARTS,ZF86AB73837GM,MINOR KIT W/C FR(J56/250),0.5555555555555269,Personal Repeat Purchase,1,8
VINAYAK ASSOCIATES,BRAKE PARTS,ZF86AB73837GM,MINOR KIT W/C FR(J56/250),0.9999999999999395,Personal Repeat Purchase,1,1
VINAYAK ASSOCIATES,BRAKE PARTS,ZF86AB73617GM,SHOE KIT  RH(A.A.),0.9842805320434713,Personal Repeat Purchase,1,2
VINAYAK ASSOCIATES,BRAKE PARTS,ZF86AB77527GM,SHOE KIT,0.9431680773880929,Personal Repeat Purchase,1,3
VINAYAK ASSOCIATES,LUBES,ZF04N216677GM,EP - 90 Gear Fluid 26 ltr,0.929,Cross-State Trending,1,4
VINAYAK ASSOCIATES,BRAKE PARTS,ZF86AB73627GM,SHOE KIT LH (A.A.),0.9032648125755197,Personal Repeat Purchase,1,5
VINAYAK ASSOCIATES,BRAKE PARTS,ZF04L768967GM,"SHOE KIT WITH HBL, OMNI UPG.",0.8778718258766095,Personal Repeat Purchase,1,6
VINAYAK ASSOCIATES,AC GAS,ZF04N260123AC,R134A GAS CAN,0.61,Cross-State Trending,1,7
VINAYAK ASSOCIATES,LUBES,ZF04N65848AST,2W ENGINE OIL BOTTLE 20W40 (4T) (900 ml),0.587,Cross-State Trending,1,8
VMK AUTO CENTRE,BRAKE FLUID,ZF86AB70057GM,BRAKE FLUID 1/4 LTR DOT3 (Non Petroleum),0.9999999999999867,Personal Repeat Purchase,1,1
VMK AUTO CENTRE,LUBES,ZF04N187507GM,EP - 90 Gear Fluid 500 ml,0.75,Cross-State Trending,1,2
VMK AUTO CENTRE,BRAKE FLUID,ZF86AB70007GM,BRAKE FLUID 100ml DOT3 (Non Petroleum),0.7230769230769135,Personal Repeat Purchase,1,3
VMK AUTO CENTRE,BRAKE PARTS,ZF86AB73627GM,SHOE KIT LH (A.A.),0.6110079575596736,Personal Repeat Purchase,1,4
VMK AUTO CENTRE,AC GAS,ZF04N260123AC,R134A GAS CAN,0.61,Cross-State Trending,1,5
VMK AUTO CENTRE,BRAKE PARTS,ZF86AB70567GM,SHOE KIT  (1 LEADING- 1 TRAILING),0.590450928381955,Personal Repeat Purchase,1,6
VMK AUTO CENTRE,LUBES,ZF04N65848AST,2W ENGINE OIL BOTTLE 20W40 (4T) (900 ml),0.587,Cross-State Trending,1,7
VMK AUTO CENTRE,BRAKE PARTS,ZF043186027GM,WC ASSLY PVPL RR(K17/40),0.5827586206896475,Personal Repeat Purchase,1,8
VOHRA DISTRIBUTORS,BRAKE FLUID,ZF86AB70057GM,BRAKE FLUID 1/4 LTR DOT3 (Non Petroleum),0.9999999999999655,Personal Repeat Purchase,1,1
VOHRA DISTRIBUTORS,LUBES,ZF04N216677GM,EP - 90 Gear Fluid 26 ltr,0.929,Cross-State Trending,1,2
VOHRA DISTRIBUTORS,LUBES,ZF04N445957GM,Engine Oil 2W 20W40 4T,0.852,Cross-State Trending,1,3
VOHRA DISTRIBUTORS,BRAKE PARTS,ZF86AB77527GM,SHOE KIT,0.8496551724137638,Personal Repeat Purchase,1,4
VOHRA DISTRIBUTORS,BRAKE PARTS,ZF86AB70567GM,SHOE KIT  (1 LEADING- 1 TRAILING),0.839999999999971,Personal Repeat Purchase,1,5
VOHRA DISTRIBUTORS,BRAKE PARTS,ZF86AB73617GM,SHOE KIT  RH(A.A.),0.8375862068965229,Personal Repeat Purchase,1,6
VOHRA DISTRIBUTORS,LUBES,ZF04N52895KIT,3W ENGINE OIL 15W40 CH4 (500 ml),0.7599999999999738,Personal Repeat Purchase,1,7
VOHRA DISTRIBUTORS,AC GAS,ZF04N260123AC,R134A GAS CAN,0.61,Cross-State Trending,1,8
Vardhman Agencies,BRAKE PARTS,ZF043185987GM,W/C  ASSY(15.87)(K14/100),0.9999999999999603,Personal Repeat Purchase,1,1
Vardhman Agencies,LUBES,ZF04N216677GM,EP - 90 Gear Fluid 26 ltr,0.929,Cross-State Trending,1,2
Vardhman Agencies,BRAKE PARTS,ZF047126167GM,CALIPER ASSEMBLY RH (H43/2),0.8063492063491743,Personal Repeat Purchase,1,3
Vardhman Agencies,BRAKE PARTS,ZF047126127GM,CALIPER ASSEMBLY LH (R)(H42/2),0.7698412698412392,Personal Repeat Purchase,1,4
Vardhman Agencies,BRAKE PARTS,ZF04L699607GM,W/C ASSY. XYLO (Equlnt)(K62/25),0.703968253968226,Personal Repeat Purchase,1,5
Vardhman Agencies,AC GAS,ZF04N260123AC,R134A GAS CAN,0.61,Cross-State Trending,1,6
Vardhman Agencies,LUBES,ZF04N65848AST,2W ENGINE OIL BOTTLE 20W40 (4T) (900 ml),0.587,Cross-State Trending,1,7
Vardhman Agencies,BRAKE PARTS,ZF86AB75957GM,SHOE HOLD DOWN KIT(J93/250),0.5555555555555335,Personal Repeat Purchase,1,8
Vinayak Associates,BRAKE FLUID,ZF86AB70057GM,BRAKE FLUID 1/4 LTR DOT3 (Non Petroleum),0.9999999999999608,Personal Repeat Purchase,1,1
Vinayak Associates,LUBES,ZF04N216677GM,EP - 90 Gear Fluid 26 ltr,0.929,Cross-State Trending,1,2
Vinayak Associates,BRAKE FLUID,ZF86AB70007GM,BRAKE FLUID 100ml DOT3 (Non Petroleum),0.8181818181817861,Personal Repeat Purchase,1,3
Vinayak Associates,BRAKE FLUID,ZF86AB70097GM,BRAKE FLUID 1/4 Lt  DOT4 (Non Petroleum),0.8181818181817861,Personal Repeat Purchase,1,4
Vinayak Associates,AC GAS,ZF04N260123AC,R134A GAS CAN,0.61,Cross-State Trending,1,5
Vinayak Associates,LUBES,ZF04N65848AST,2W ENGINE OIL BOTTLE 20W40 (4T) (900 ml),0.587,Cross-State Trending,1,6
Vinayak Associates,BRAKE FLUID,ZF04L708617GM,BRAKE FLUID 100 ml  DOT4 (Non Petroleum),0.5658307210031126,Personal Repeat Purchase,1,7
Vinayak Associates,BRAKE PARTS,ZF047143697GM,SHOE HOLD DOWN SPRING(A.A),0.5470219435736463,Personal Repeat Purchase,1,8
Vohra Auto Distributors Pvt Ltd,BRAKE FLUID,ZF86AB70057GM,BRAKE FLUID 1/4 LTR DOT3 (Non Petroleum),0.9999999999999795,Personal Repeat Purchase,1,1
Vohra Auto Distributors Pvt Ltd,LUBES,ZF04N216677GM,EP - 90 Gear Fluid 26 ltr,0.929,Cross-State Trending,1,2
Vohra Auto Distributors Pvt Ltd,LUBES,ZF04N187507GM,EP - 90 Gear Fluid 500 ml,0.75,Cross-State Trending,1,3
Vohra Auto Distributors Pvt Ltd,BRAKE PARTS,ZF043185987GM,W/C  ASSY(15.87)(K14/100),0.7241379310344679,Personal Repeat Purchase,1,4
Vohra Auto Distributors Pvt Ltd,BRAKE PARTS,ZF86AB75887GM,SHOE KIT(INCRIMENTAL ADJ.)15,0.6814449917898053,Personal Repeat Purchase,1,5
Vohra Auto Distributors Pvt Ltd,LUBES,ZF04N65848AST,2W ENGINE OIL BOTTLE 20W40 (4T) (900 ml),0.587,Cross-State Trending,1,6
Vohra Auto Distributors Pvt Ltd,BRAKE PARTS,ZF86AB77527GM,SHOE KIT,0.5457717569786423,Personal Repeat Purchase,1,7
Vohra Auto Distributors Pvt Ltd,BRAKE FLUID,ZF86AB70097GM,BRAKE FLUID 1/4 Lt  DOT4 (Non Petroleum),0.4761904761904664,Personal Repeat Purchase,1,8
Walker Automotives (P) Ltd,LUBES,ZF04N65832AST,GREEN COOLANT BOTTLE (1 LTR),0.999999999999952,Personal Repeat Purchase,1,1
Walker Automotives (P) Ltd,LUBES,ZF04N216677GM,EP - 90 Gear Fluid 26 ltr,0.929,Cross-State Trending,1,2
Walker Automotives (P) Ltd,LUBES,ZF04N187507GM,EP - 90 Gear Fluid 500 ml,0.75,Cross-State Trending,1,3
Walker Automotives (P) Ltd,LUBES,ZF04N65848AST,2W ENGINE OIL BOTTLE 20W40 (4T) (900 ml),0.587,Cross-State Trending,1,4
Walker Automotives (P) Ltd,BRAKE PARTS,ZF04L665887GM,SHOE KIT,0.34003831417622893,Personal Repeat Purchase,1,5
Walker Automotives (P) Ltd,BRAKE FLUID,ZF86AB70097GM,BRAKE FLUID 1/4 Lt  DOT4 (Non Petroleum),0.3333333333333174,Personal Repeat Purchase,1,6
Walker Automotives (P) Ltd,BRAKE PARTS,ZF86AB75887GM,SHOE KIT(INCRIMENTAL ADJ.)15,0.22892720306512312,Personal Repeat Purchase,1,7
Walker Automotives (P) Ltd,LUBES,ZF04N66574AST,GEAR OIL BOTTLE (80W90) (2.5 ltr),0.22222222222221158,Personal Repeat Purchase,1,8
Win Auto,BRAKE PARTS,ZF86AB73637GM,SHOE KIT FRONT (A.A.),0.9999999999999872,Personal Repeat Purchase,1,1
Win Auto,LUBES,ZF04N216677GM,EP - 90 Gear Fluid 26 ltr,0.929,Cross-State Trending,1,2
Win Auto,BRAKE FLUID,ZF86AB70057GM,BRAKE FLUID 1/4 LTR DOT3 (Non Petroleum),0.6230975828110932,Personal Repeat Purchase,1,3
Win Auto,AC GAS,ZF04N260123AC,R134A GAS CAN,0.61,Cross-State Trending,1,4
Win Auto,LUBES,ZF04N65848AST,2W ENGINE OIL BOTTLE 20W40 (4T) (900 ml),0.587,Cross-State Trending,1,5
Win Auto,BRAKE FLUID,ZF86AB70007GM,BRAKE FLUID 100ml DOT3 (Non Petroleum),0.5785906126103009,Personal Repeat Purchase,1,6
Win Auto,BRAKE PARTS,ZF86AB73617GM,SHOE KIT  RH(A.A.),0.5060749456452167,Personal Repeat Purchase,1,7
Win Auto,BRAKE PARTS,ZF86AB73627GM,SHOE KIT LH (A.A.),0.4772988873257389,Personal Repeat Purchase,1,8
