Contact Name,Part Group,Material,Material Desc,Score,Reason,Detail,Rank
A M AUTO SALES,LUBES,ZF04N438657GM,2W ENGINE OIL BOTTLE 10W30 (4T) (1LTR),0.923,Cross-State Trending,Majority-share in Rajasthan,1
A M AUTO SALES,LUBES,ZF04N438637GM,ENGINE OIL BOTTLE 20W40 (4T),0.878,Cross-State Trending,Majority-share in Rajasthan,2
A M AUTO SALES,LUBES,ZF04N445957GM,Engine Oil 2W 20W40 4T,0.852,Cross-State Trending,Majority-share in Rajasthan,3
A M AUTO SALES,OTHERS,ZF04L927687GM,SHOCK ABS OIL 350ml,0.657,Cross-State Trending,Majority-share in Kerala,4
A M AUTO SALES,AC GAS,ZF04N260123AC,R134A GAS CAN,0.602,Cross-State Trending,Majority-share in Haryana,5
A M AUTO SALES,BRAKE PARTS,ZF047126167GM,CALIPER ASSEMBLY RH (H43/2),0.585,Cross-State Trending,Majority-share in Punjab,6
A M AUTO SALES,BRAKE PARTS,ZF047126127GM,CALIPER ASSEMBLY LH (R)(H42/2),0.57,Cross-State Trending,Majority-share in Punjab,7
A M AUTO SALES,LUBES,ZF04N65848AST,2W ENGINE OIL BOTTLE 20W40 (4T) (900 ml),0.54,Cross-State Trending,Majority-share in Rajasthan,8
A M AUTO SALES,BRAKE PARTS,ZF86AB71457GM,PAD WINGER NEW (NEW)(I31/8),0.515,Cross-State Trending,Majority-share in Assam,9
A M AUTO SALES,EMS,ZF04N261775IC,IGNITION COIL,0.51,Cross-State Trending,Majority-share in Maharashtra,10
A M AUTO SALES,LUBES,ZF04N65832AST,GREEN COOLANT BOTTLE (1 LTR),1.0,Personal Repeat Purchase,Top 5 by recency-weighted quantity,11
A M AUTO SALES,BRAKE PARTS,ZF04N491707GM,SHOE KIT LH; IAM BAJAJ REGC,0.5448825503355704,Personal Repeat Purchase,Top 5 by recency-weighted quantity,12
A M AUTO SALES,LUBES,ZF04N66571AST,GEAR OIL BOTTLE (80W90) (1 ltr),0.535234899328859,Personal Repeat Purchase,Top 5 by recency-weighted quantity,13
A M AUTO SALES,BRAKE PARTS,ZF04N491717GM,SHOE KIT RH; IAM BAJAJ REGC,0.5276845637583892,Personal Repeat Purchase,Top 5 by recency-weighted quantity,14
A M AUTO SALES,LUBES,ZF04N187517GM,EP - 90 Gear Fluid 1   ltr,0.4836409395973154,Personal Repeat Purchase,Top 5 by recency-weighted quantity,15
A S ENTERPRISES,LUBES,ZF04N216677GM,EP - 90 Gear Fluid 26 ltr,0.938,Cross-State Trending,Majority-share in Rajasthan,1
A S ENTERPRISES,LUBES,ZF04N438637GM,ENGINE OIL BOTTLE 20W40 (4T),0.878,Cross-State Trending,Majority-share in Rajasthan,2
A S ENTERPRISES,LUBES,ZF04N445957GM,Engine Oil 2W 20W40 4T,0.852,Cross-State Trending,Majority-share in Rajasthan,3
A S ENTERPRISES,LUBES,ZF04N187507GM,EP - 90 Gear Fluid 500 ml,0.749,Cross-State Trending,Majority-share in Punjab,4
A S ENTERPRISES,BRAKE PARTS,ZF04L707227GM,Shoe Kit M_HAWK / Safari,0.605,Cross-State Trending,Majority-share in Assam,5
A S ENTERPRISES,AC GAS,ZF04N260123AC,R134A GAS CAN,0.602,Cross-State Trending,Majority-share in Haryana,6
A S ENTERPRISES,BRAKE PARTS,ZF047126167GM,CALIPER ASSEMBLY RH (H43/2),0.585,Cross-State Trending,Majority-share in Punjab,7
A S ENTERPRISES,BRAKE PARTS,ZF047126127GM,CALIPER ASSEMBLY LH (R)(H42/2),0.57,Cross-State Trending,Majority-share in Punjab,8
A S ENTERPRISES,LUBES,ZF04N65848AST,2W ENGINE OIL BOTTLE 20W40 (4T) (900 ml),0.54,Cross-State Trending,Majority-share in Rajasthan,9
A S ENTERPRISES,BRAKE PARTS,ZF86AB71457GM,PAD WINGER NEW (NEW)(I31/8),0.515,Cross-State Trending,Majority-share in Assam,10
A S ENTERPRISES,BRAKE FLUID,ZF86AB70007GM,BRAKE FLUID 100ml DOT3 (Non Petroleum),1.0,Personal Repeat Purchase,Top 5 by recency-weighted quantity,11
A S ENTERPRISES,BRAKE FLUID,ZF86AB70057GM,BRAKE FLUID 1/4 LTR DOT3 (Non Petroleum),1.0,Personal Repeat Purchase,Top 5 by recency-weighted quantity,12
A S ENTERPRISES,BRAKE FLUID,ZF86AB70097GM,BRAKE FLUID 1/4 Lt  DOT4 (Non Petroleum),0.9375,Personal Repeat Purchase,Top 5 by recency-weighted quantity,13
A S ENTERPRISES,BRAKE PARTS,ZF043185987GM,W/C  ASSY(15.87)(K14/100),0.8081896551724138,Personal Repeat Purchase,Top 5 by recency-weighted quantity,14
A S ENTERPRISES,BRAKE PARTS,ZF047168007GM,W/C ALTO (K53/100),0.7273706896551724,Personal Repeat Purchase,Top 5 by recency-weighted quantity,15
AGARWAL AUTO AGENCIES,LUBES,ZF04N216677GM,EP - 90 Gear Fluid 26 ltr,0.938,Cross-State Trending,Majority-share in Rajasthan,1
AGARWAL AUTO AGENCIES,LUBES,ZF04N438637GM,ENGINE OIL BOTTLE 20W40 (4T),0.878,Cross-State Trending,Majority-share in Rajasthan,2
AGARWAL AUTO AGENCIES,LUBES,ZF04N445957GM,Engine Oil 2W 20W40 4T,0.852,Cross-State Trending,Majority-share in Rajasthan,3
AGARWAL AUTO AGENCIES,LUBES,ZF04N187507GM,EP - 90 Gear Fluid 500 ml,0.749,Cross-State Trending,Majority-share in Punjab,4
AGARWAL AUTO AGENCIES,BRAKE PARTS,ZF04L707227GM,Shoe Kit M_HAWK / Safari,0.605,Cross-State Trending,Majority-share in Assam,5
AGARWAL AUTO AGENCIES,AC GAS,ZF04N260123AC,R134A GAS CAN,0.602,Cross-State Trending,Majority-share in Haryana,6
AGARWAL AUTO AGENCIES,BRAKE PARTS,ZF047126167GM,CALIPER ASSEMBLY RH (H43/2),0.585,Cross-State Trending,Majority-share in Punjab,7
AGARWAL AUTO AGENCIES,BRAKE PARTS,ZF047126127GM,CALIPER ASSEMBLY LH (R)(H42/2),0.57,Cross-State Trending,Majority-share in Punjab,8
AGARWAL AUTO AGENCIES,BRAKE PARTS,ZF04L688207GM,"PAD KIT,  Frt",0.549,Cross-State Trending,Majority-share in Gujarat,9
AGARWAL AUTO AGENCIES,LUBES,ZF04N65848AST,2W ENGINE OIL BOTTLE 20W40 (4T) (900 ml),0.54,Cross-State Trending,Majority-share in Rajasthan,10
AGARWAL AUTO AGENCIES,BRAKE PARTS,ZF04L71188KIT,MINOR KIT TMC PIAGGIO,1.0,Personal Repeat Purchase,Top 5 by recency-weighted quantity,11
AGARWAL AUTO AGENCIES,BRAKE PARTS,ZF86AB73617GM,SHOE KIT  RH(A.A.),1.0,Personal Repeat Purchase,Top 5 by recency-weighted quantity,12
AGARWAL AUTO AGENCIES,BRAKE PARTS,ZF86AB77527GM,SHOE KIT,1.0,Personal Repeat Purchase,Top 5 by recency-weighted quantity,13
AGGARWAL AUTO AGENCIES,LUBES,ZF04N216677GM,EP - 90 Gear Fluid 26 ltr,0.938,Cross-State Trending,Majority-share in Rajasthan,1
AGGARWAL AUTO AGENCIES,LUBES,ZF04N438637GM,ENGINE OIL BOTTLE 20W40 (4T),0.878,Cross-State Trending,Majority-share in Rajasthan,2
AGGARWAL AUTO AGENCIES,LUBES,ZF04N445957GM,Engine Oil 2W 20W40 4T,0.852,Cross-State Trending,Majority-share in Rajasthan,3
AGGARWAL AUTO AGENCIES,LUBES,ZF04N187507GM,EP - 90 Gear Fluid 500 ml,0.749,Cross-State Trending,Majority-share in Punjab,4
AGGARWAL AUTO AGENCIES,AC GAS,ZF04N260123AC,R134A GAS CAN,0.602,Cross-State Trending,Majority-share in Haryana,5
AGGARWAL AUTO AGENCIES,BRAKE PARTS,ZF047126167GM,CALIPER ASSEMBLY RH (H43/2),0.585,Cross-State Trending,Majority-share in Punjab,6
AGGARWAL AUTO AGENCIES,BRAKE PARTS,ZF047126127GM,CALIPER ASSEMBLY LH (R)(H42/2),0.57,Cross-State Trending,Majority-share in Punjab,7
AGGARWAL AUTO AGENCIES,BRAKE PARTS,ZF04L688207GM,"PAD KIT,  Frt",0.549,Cross-State Trending,Majority-share in Gujarat,8
AGGARWAL AUTO AGENCIES,LUBES,ZF04N65848AST,2W ENGINE OIL BOTTLE 20W40 (4T) (900 ml),0.54,Cross-State Trending,Majority-share in Rajasthan,9
AGGARWAL AUTO AGENCIES,EMS,ZF04N261775IC,IGNITION COIL,0.51,Cross-State Trending,Majority-share in Maharashtra,10
AGGARWAL AUTO AGENCIES,BRAKE PARTS,ZF86AB73627GM,SHOE KIT LH (A.A.),1.0,Personal Repeat Purchase,Top 5 by recency-weighted quantity,11
AGGARWAL AUTO AGENCIES,BRAKE PARTS,ZF043189847GM,W/C ASSY. LH(19.05 mm),0.9368670369160406,Personal Repeat Purchase,Top 5 by recency-weighted quantity,12
AGGARWAL AUTO AGENCIES,BRAKE PARTS,ZF86AB77527GM,SHOE KIT,0.8667102254165305,Personal Repeat Purchase,Top 5 by recency-weighted quantity,13
AGGARWAL AUTO AGENCIES,BRAKE PARTS,ZF86AB70567GM,SHOE KIT  (1 LEADING- 1 TRAILING),0.8654034629206142,Personal Repeat Purchase,Top 5 by recency-weighted quantity,14
AGGARWAL AUTO AGENCIES,BRAKE PARTS,ZF86AB73617GM,SHOE KIT  RH(A.A.),0.7615975171512578,Personal Repeat Purchase,Top 5 by recency-weighted quantity,15
ANKIT SALES,LUBES,ZF04N216677GM,EP - 90 Gear Fluid 26 ltr,0.938,Cross-State Trending,Majority-share in Rajasthan,1
ANKIT SALES,LUBES,ZF04N438637GM,ENGINE OIL BOTTLE 20W40 (4T),0.878,Cross-State Trending,Majority-share in Rajasthan,2
ANKIT SALES,LUBES,ZF04N445957GM,Engine Oil 2W 20W40 4T,0.852,Cross-State Trending,Majority-share in Rajasthan,3
ANKIT SALES,LUBES,ZF04N187507GM,EP - 90 Gear Fluid 500 ml,0.749,Cross-State Trending,Majority-share in Punjab,4
ANKIT SALES,BRAKE PARTS,ZF04L707227GM,Shoe Kit M_HAWK / Safari,0.605,Cross-State Trending,Majority-share in Assam,5
ANKIT SALES,AC GAS,ZF04N260123AC,R134A GAS CAN,0.602,Cross-State Trending,Majority-share in Haryana,6
ANKIT SALES,BRAKE PARTS,ZF047126167GM,CALIPER ASSEMBLY RH (H43/2),0.585,Cross-State Trending,Majority-share in Punjab,7
ANKIT SALES,BRAKE PARTS,ZF047126127GM,CALIPER ASSEMBLY LH (R)(H42/2),0.57,Cross-State Trending,Majority-share in Punjab,8
ANKIT SALES,BRAKE PARTS,ZF04L688207GM,"PAD KIT,  Frt",0.549,Cross-State Trending,Majority-share in Gujarat,9
ANKIT SALES,BRAKE PARTS,ZF86AB71457GM,PAD WINGER NEW (NEW)(I31/8),0.515,Cross-State Trending,Majority-share in Assam,10
ANKIT SALES,LUBES,ZF04N65848AST,2W ENGINE OIL BOTTLE 20W40 (4T) (900 ml),1.0,Personal Repeat Purchase,Top 5 by recency-weighted quantity,11
ANKIT SALES,BRAKE PARTS,ZF86AB73617GM,SHOE KIT  RH(A.A.),0.7593523171412618,Personal Repeat Purchase,Top 5 by recency-weighted quantity,12
ANKIT SALES,BRAKE PARTS,ZF86AB73627GM,SHOE KIT LH (A.A.),0.7325516471245115,Personal Repeat Purchase,Top 5 by recency-weighted quantity,13
ANKIT SALES,BRAKE PARTS,ZF86AB73637GM,SHOE KIT FRONT (A.A.),0.68285873813512,Personal Repeat Purchase,Top 5 by recency-weighted quantity,14
ANKIT SALES,BRAKE FLUID,ZF86AB70057GM,BRAKE FLUID 1/4 LTR DOT3 (Non Petroleum),0.6800670016750419,Personal Repeat Purchase,Top 5 by recency-weighted quantity,15
ARIHANT AGENCIES,LUBES,ZF04N216677GM,EP - 90 Gear Fluid 26 ltr,0.938,Cross-State Trending,Majority-share in Rajasthan,1
ARIHANT AGENCIES,LUBES,ZF04N438637GM,ENGINE OIL BOTTLE 20W40 (4T),0.878,Cross-State Trending,Majority-share in Rajasthan,2
ARIHANT AGENCIES,LUBES,ZF04N445957GM,Engine Oil 2W 20W40 4T,0.852,Cross-State Trending,Majority-share in Rajasthan,3
ARIHANT AGENCIES,LUBES,ZF04N187507GM,EP - 90 Gear Fluid 500 ml,0.749,Cross-State Trending,Majority-share in Punjab,4
ARIHANT AGENCIES,BRAKE PARTS,ZF04L707227GM,Shoe Kit M_HAWK / Safari,0.605,Cross-State Trending,Majority-share in Assam,5
ARIHANT AGENCIES,AC GAS,ZF04N260123AC,R134A GAS CAN,0.602,Cross-State Trending,Majority-share in Haryana,6
ARIHANT AGENCIES,BRAKE PARTS,ZF047126167GM,CALIPER ASSEMBLY RH (H43/2),0.585,Cross-State Trending,Majority-share in Punjab,7
ARIHANT AGENCIES,BRAKE PARTS,ZF047126127GM,CALIPER ASSEMBLY LH (R)(H42/2),0.57,Cross-State Trending,Majority-share in Punjab,8
ARIHANT AGENCIES,BRAKE PARTS,ZF04L688207GM,"PAD KIT,  Frt",0.549,Cross-State Trending,Majority-share in Gujarat,9
ARIHANT AGENCIES,BRAKE PARTS,ZF86AB71457GM,PAD WINGER NEW (NEW)(I31/8),0.515,Cross-State Trending,Majority-share in Assam,10
ARIHANT AGENCIES,LUBES,ZF04N65848AST,2W ENGINE OIL BOTTLE 20W40 (4T) (900 ml),1.0,Personal Repeat Purchase,Top 5 by recency-weighted quantity,11
ARIHANT AGENCIES,LUBES,ZF04N65832AST,GREEN COOLANT BOTTLE (1 LTR),0.48119122257053293,Personal Repeat Purchase,Top 5 by recency-weighted quantity,12
ARIHANT AGENCIES,LUBES,ZF04N65849AST,2W ENGINE OIL BOTTLE 20W40 (4T) (1 ltr),0.45454545454545453,Personal Repeat Purchase,Top 5 by recency-weighted quantity,13
ARIHANT AGENCIES,LUBES,ZF04N65846AST,2W ENGINE OIL BOTTLE 10W30 (4T) (900 ml),0.2938871473354232,Personal Repeat Purchase,Top 5 by recency-weighted quantity,14
ARIHANT AGENCIES,OTHERS,ZF04L927677GM,SHOCK ABS OIl 175ml,0.12539184952978055,Personal Repeat Purchase,Top 5 by recency-weighted quantity,15
ARORA AUTOMOBILES,LUBES,ZF04N216677GM,EP - 90 Gear Fluid 26 ltr,0.938,Cross-State Trending,Majority-share in Rajasthan,1
ARORA AUTOMOBILES,LUBES,ZF04N438637GM,ENGINE OIL BOTTLE 20W40 (4T),0.878,Cross-State Trending,Majority-share in Rajasthan,2
ARORA AUTOMOBILES,LUBES,ZF04N445957GM,Engine Oil 2W 20W40 4T,0.852,Cross-State Trending,Majority-share in Rajasthan,3
ARORA AUTOMOBILES,LUBES,ZF04N187507GM,EP - 90 Gear Fluid 500 ml,0.749,Cross-State Trending,Majority-share in Punjab,4
ARORA AUTOMOBILES,AC GAS,ZF04N260123AC,R134A GAS CAN,0.602,Cross-State Trending,Majority-share in Haryana,5
ARORA AUTOMOBILES,BRAKE PARTS,ZF047126167GM,CALIPER ASSEMBLY RH (H43/2),0.585,Cross-State Trending,Majority-share in Punjab,6
ARORA AUTOMOBILES,BRAKE PARTS,ZF047126127GM,CALIPER ASSEMBLY LH (R)(H42/2),0.57,Cross-State Trending,Majority-share in Punjab,7
ARORA AUTOMOBILES,BRAKE PARTS,ZF04L688207GM,"PAD KIT,  Frt",0.549,Cross-State Trending,Majority-share in Gujarat,8
ARORA AUTOMOBILES,LUBES,ZF04N65848AST,2W ENGINE OIL BOTTLE 20W40 (4T) (900 ml),0.54,Cross-State Trending,Majority-share in Rajasthan,9
ARORA AUTOMOBILES,EMS,ZF04N261775IC,IGNITION COIL,0.51,Cross-State Trending,Majority-share in Maharashtra,10
ARORA AUTOMOBILES,OTHERS,ZF04L927677GM,SHOCK ABS OIl 175ml,1.0,Personal Repeat Purchase,Top 5 by recency-weighted quantity,11
AS ACCESSORIES,LUBES,ZF04N216677GM,EP - 90 Gear Fluid 26 ltr,0.938,Cross-State Trending,Majority-share in Rajasthan,1
AS ACCESSORIES,LUBES,ZF04N438637GM,ENGINE OIL BOTTLE 20W40 (4T),0.878,Cross-State Trending,Majority-share in Rajasthan,2
AS ACCESSORIES,LUBES,ZF04N445957GM,Engine Oil 2W 20W40 4T,0.852,Cross-State Trending,Majority-share in Rajasthan,3
AS ACCESSORIES,LUBES,ZF04N187507GM,EP - 90 Gear Fluid 500 ml,0.749,Cross-State Trending,Majority-share in Punjab,4
AS ACCESSORIES,AC GAS,ZF04N260123AC,R134A GAS CAN,0.602,Cross-State Trending,Majority-share in Haryana,5
AS ACCESSORIES,BRAKE PARTS,ZF047126167GM,CALIPER ASSEMBLY RH (H43/2),0.585,Cross-State Trending,Majority-share in Punjab,6
AS ACCESSORIES,BRAKE PARTS,ZF047126127GM,CALIPER ASSEMBLY LH (R)(H42/2),0.57,Cross-State Trending,Majority-share in Punjab,7
AS ACCESSORIES,BRAKE PARTS,ZF04L688207GM,"PAD KIT,  Frt",0.549,Cross-State Trending,Majority-share in Gujarat,8
AS ACCESSORIES,LUBES,ZF04N65848AST,2W ENGINE OIL BOTTLE 20W40 (4T) (900 ml),0.54,Cross-State Trending,Majority-share in Rajasthan,9
AS ACCESSORIES,EMS,ZF04N261775IC,IGNITION COIL,0.51,Cross-State Trending,Majority-share in Maharashtra,10
AS ACCESSORIES,BRAKE FLUID,ZF86AB70007GM,BRAKE FLUID 100ml DOT3 (Non Petroleum),1.0,Personal Repeat Purchase,Top 5 by recency-weighted quantity,11
ASHER AGENCIES BANGALORE,LUBES,ZF04N216677GM,EP - 90 Gear Fluid 26 ltr,0.938,Cross-State Trending,Majority-share in Rajasthan,1
ASHER AGENCIES BANGALORE,LUBES,ZF04N438657GM,2W ENGINE OIL BOTTLE 10W30 (4T) (1LTR),0.923,Cross-State Trending,Majority-share in Rajasthan,2
ASHER AGENCIES BANGALORE,LUBES,ZF04N438637GM,ENGINE OIL BOTTLE 20W40 (4T),0.878,Cross-State Trending,Majority-share in Rajasthan,3
ASHER AGENCIES BANGALORE,LUBES,ZF04N445957GM,Engine Oil 2W 20W40 4T,0.852,Cross-State Trending,Majority-share in Rajasthan,4
ASHER AGENCIES BANGALORE,LUBES,ZF04N187507GM,EP - 90 Gear Fluid 500 ml,0.749,Cross-State Trending,Majority-share in Punjab,5
ASHER AGENCIES BANGALORE,OTHERS,ZF04L927687GM,SHOCK ABS OIL 350ml,0.657,Cross-State Trending,Majority-share in Kerala,6
ASHER AGENCIES BANGALORE,AC GAS,ZF04N260123AC,R134A GAS CAN,0.602,Cross-State Trending,Majority-share in Haryana,7
ASHER AGENCIES BANGALORE,BRAKE PARTS,ZF04N129287TG,ROTOR (MAX PASSENGER),0.586,Cross-State Trending,Majority-share in Telangana,8
ASHER AGENCIES BANGALORE,LUBES,ZF04N65848AST,2W ENGINE OIL BOTTLE 20W40 (4T) (900 ml),0.54,Cross-State Trending,Majority-share in Rajasthan,9
ASHER AGENCIES BANGALORE,EMS,ZF04N261775IC,IGNITION COIL,0.51,Cross-State Trending,Majority-share in Maharashtra,10
ASHER AGENCIES BANGALORE,BRAKE PARTS,ZF047138407GM,"W/C ASSLY RR, Ø 15.87MM",1.0,Personal Repeat Purchase,Top 5 by recency-weighted quantity,11
ASHER AGENCIES BANGALORE,BRAKE PARTS,ZF043189317GM,W /C ASSY RH SANTRO,0.8628896377422073,Personal Repeat Purchase,Top 5 by recency-weighted quantity,12
ASHER AGENCIES BANGALORE,BRAKE PARTS,ZF86AB75257GM,PAD KIT,0.8053917438921652,Personal Repeat Purchase,Top 5 by recency-weighted quantity,13
ASHER AGENCIES BANGALORE,BRAKE PARTS,ZF043189947GM,W/C ASSY LH SANTRO,0.7959140690817186,Personal Repeat Purchase,Top 5 by recency-weighted quantity,14
ASHER AGENCIES BANGALORE,BRAKE PARTS,ZF043185987GM,W/C  ASSY(15.87)(K14/100),0.7853833192923336,Personal Repeat Purchase,Top 5 by recency-weighted quantity,15
AUTO & ALLIED SPARES,LUBES,ZF04N216677GM,EP - 90 Gear Fluid 26 ltr,0.938,Cross-State Trending,Majority-share in Rajasthan,1
AUTO & ALLIED SPARES,LUBES,ZF04N438637GM,ENGINE OIL BOTTLE 20W40 (4T),0.878,Cross-State Trending,Majority-share in Rajasthan,2
AUTO & ALLIED SPARES,LUBES,ZF04N445957GM,Engine Oil 2W 20W40 4T,0.852,Cross-State Trending,Majority-share in Rajasthan,3
AUTO & ALLIED SPARES,LUBES,ZF04N187507GM,EP - 90 Gear Fluid 500 ml,0.749,Cross-State Trending,Majority-share in Punjab,4
AUTO & ALLIED SPARES,BRAKE PARTS,ZF04L707227GM,Shoe Kit M_HAWK / Safari,0.605,Cross-State Trending,Majority-share in Assam,5
AUTO & ALLIED SPARES,AC GAS,ZF04N260123AC,R134A GAS CAN,0.602,Cross-State Trending,Majority-share in Haryana,6
AUTO & ALLIED SPARES,BRAKE PARTS,ZF047126167GM,CALIPER ASSEMBLY RH (H43/2),0.585,Cross-State Trending,Majority-share in Punjab,7
AUTO & ALLIED SPARES,BRAKE PARTS,ZF047126127GM,CALIPER ASSEMBLY LH (R)(H42/2),0.57,Cross-State Trending,Majority-share in Punjab,8
AUTO & ALLIED SPARES,BRAKE PARTS,ZF04L688207GM,"PAD KIT,  Frt",0.549,Cross-State Trending,Majority-share in Gujarat,9
AUTO & ALLIED SPARES,LUBES,ZF04N65848AST,2W ENGINE OIL BOTTLE 20W40 (4T) (900 ml),0.54,Cross-State Trending,Majority-share in Rajasthan,10
AUTO & ALLIED SPARES,EMS,ZF04N261775IC,IGNITION COIL,1.0,Personal Repeat Purchase,Top 5 by recency-weighted quantity,11
AUTO & ALLIED SPARES,EMS,ZF04N261765IC,IGNITION COIL,0.1136582546715469,Personal Repeat Purchase,Top 5 by recency-weighted quantity,12
AUTO & ALLIED SPARES,SUSPENSION,ZF04N330975SK,SHOCK ABSORBER FORTU_NER FR/FL,0.07551531496821422,Personal Repeat Purchase,Top 5 by recency-weighted quantity,13
AUTO & ALLIED SPARES,SUSPENSION,ZF04N330985SK,SHOCK ABSORBER  FORTU_NER RR/ RL,0.05779233288383741,Personal Repeat Purchase,Top 5 by recency-weighted quantity,14
AUTO & ALLIED SPARES,EMS,ZF04N261825IC,IGNITION COIL,0.04584858408784435,Personal Repeat Purchase,Top 5 by recency-weighted quantity,15
AUTO AGENCIES,LUBES,ZF04N216677GM,EP - 90 Gear Fluid 26 ltr,0.938,Cross-State Trending,Majority-share in Rajasthan,1
AUTO AGENCIES,LUBES,ZF04N438637GM,ENGINE OIL BOTTLE 20W40 (4T),0.878,Cross-State Trending,Majority-share in Rajasthan,2
AUTO AGENCIES,LUBES,ZF04N445957GM,Engine Oil 2W 20W40 4T,0.852,Cross-State Trending,Majority-share in Rajasthan,3
AUTO AGENCIES,LUBES,ZF04N187507GM,EP - 90 Gear Fluid 500 ml,0.749,Cross-State Trending,Majority-share in Punjab,4
AUTO AGENCIES,BRAKE PARTS,ZF04L707227GM,Shoe Kit M_HAWK / Safari,0.605,Cross-State Trending,Majority-share in Assam,5
AUTO AGENCIES,AC GAS,ZF04N260123AC,R134A GAS CAN,0.602,Cross-State Trending,Majority-share in Haryana,6
AUTO AGENCIES,BRAKE PARTS,ZF047126167GM,CALIPER ASSEMBLY RH (H43/2),0.585,Cross-State Trending,Majority-share in Punjab,7
AUTO AGENCIES,BRAKE PARTS,ZF047126127GM,CALIPER ASSEMBLY LH (R)(H42/2),0.57,Cross-State Trending,Majority-share in Punjab,8
AUTO AGENCIES,LUBES,ZF04N65848AST,2W ENGINE OIL BOTTLE 20W40 (4T) (900 ml),0.54,Cross-State Trending,Majority-share in Rajasthan,9
AUTO AGENCIES,BRAKE PARTS,ZF86AB71457GM,PAD WINGER NEW (NEW)(I31/8),0.515,Cross-State Trending,Majority-share in Assam,10
AUTO AGENCIES,BRAKE PARTS,ZF04L699607GM,W/C ASSY. XYLO (Equlnt)(K62/25),1.0,Personal Repeat Purchase,Top 5 by recency-weighted quantity,11
AUTO AGENCIES,BRAKE FLUID,ZF86AB70097GM,BRAKE FLUID 1/4 Lt  DOT4 (Non Petroleum),0.46174259177355154,Personal Repeat Purchase,Top 5 by recency-weighted quantity,12
AUTO AGENCIES,BRAKE FLUID,ZF86AB70057GM,BRAKE FLUID 1/4 LTR DOT3 (Non Petroleum),0.410437859354268,Personal Repeat Purchase,Top 5 by recency-weighted quantity,13
AUTO AGENCIES,BRAKE PARTS,ZF043185987GM,W/C  ASSY(15.87)(K14/100),0.3622291021671827,Personal Repeat Purchase,Top 5 by recency-weighted quantity,14
AUTO AGENCIES,BRAKE PARTS,ZF86AB73287GM,KBX  PAD KIT,0.27421494913754973,Personal Repeat Purchase,Top 5 by recency-weighted quantity,15
AUTO COMPONANTS,LUBES,ZF04N216677GM,EP - 90 Gear Fluid 26 ltr,0.938,Cross-State Trending,Majority-share in Rajasthan,1
AUTO COMPONANTS,LUBES,ZF04N438637GM,ENGINE OIL BOTTLE 20W40 (4T),0.878,Cross-State Trending,Majority-share in Rajasthan,2
AUTO COMPONANTS,LUBES,ZF04N445957GM,Engine Oil 2W 20W40 4T,0.852,Cross-State Trending,Majority-share in Rajasthan,3
AUTO COMPONANTS,LUBES,ZF04N187507GM,EP - 90 Gear Fluid 500 ml,0.749,Cross-State Trending,Majority-share in Punjab,4
AUTO COMPONANTS,OTHERS,ZF04L927687GM,SHOCK ABS OIL 350ml,0.657,Cross-State Trending,Majority-share in Kerala,5
AUTO COMPONANTS,AC GAS,ZF04N260123AC,R134A GAS CAN,0.602,Cross-State Trending,Majority-share in Haryana,6
AUTO COMPONANTS,BRAKE PARTS,ZF047126167GM,CALIPER ASSEMBLY RH (H43/2),0.585,Cross-State Trending,Majority-share in Punjab,7
AUTO COMPONANTS,BRAKE PARTS,ZF047126127GM,CALIPER ASSEMBLY LH (R)(H42/2),0.57,Cross-State Trending,Majority-share in Punjab,8
AUTO COMPONANTS,LUBES,ZF04N65848AST,2W ENGINE OIL BOTTLE 20W40 (4T) (900 ml),0.54,Cross-State Trending,Majority-share in Rajasthan,9
AUTO COMPONANTS,BRAKE PARTS,ZF86AB71457GM,PAD WINGER NEW (NEW)(I31/8),0.515,Cross-State Trending,Majority-share in Assam,10
AUTO COMPONANTS,BRAKE FLUID,ZF86AB70007GM,BRAKE FLUID 100ml DOT3 (Non Petroleum),1.0,Personal Repeat Purchase,Top 5 by recency-weighted quantity,11
AUTO COMPONANTS,BRAKE FLUID,ZF86AB70057GM,BRAKE FLUID 1/4 LTR DOT3 (Non Petroleum),1.0,Personal Repeat Purchase,Top 5 by recency-weighted quantity,12
AUTO COMPONANTS,BRAKE PARTS,ZF86AB73567GM,MINOR KIT W/C FR.(J46/250),0.6436781609195402,Personal Repeat Purchase,Top 5 by recency-weighted quantity,13
AUTO COMPONANTS,BRAKE PARTS,ZF86AB77527GM,SHOE KIT,0.610632183908046,Personal Repeat Purchase,Top 5 by recency-weighted quantity,14
AUTO COMPONANTS,BRAKE FLUID,ZF04L708617GM,BRAKE FLUID 100 ml  DOT4 (Non Petroleum),0.5,Personal Repeat Purchase,Top 5 by recency-weighted quantity,15
AUTO POINT,LUBES,ZF04N216677GM,EP - 90 Gear Fluid 26 ltr,0.938,Cross-State Trending,Majority-share in Rajasthan,1
AUTO POINT,LUBES,ZF04N438637GM,ENGINE OIL BOTTLE 20W40 (4T),0.878,Cross-State Trending,Majority-share in Rajasthan,2
AUTO POINT,LUBES,ZF04N445957GM,Engine Oil 2W 20W40 4T,0.852,Cross-State Trending,Majority-share in Rajasthan,3
AUTO POINT,LUBES,ZF04N187507GM,EP - 90 Gear Fluid 500 ml,0.749,Cross-State Trending,Majority-share in Punjab,4
AUTO POINT,BRAKE PARTS,ZF04L707227GM,Shoe Kit M_HAWK / Safari,0.605,Cross-State Trending,Majority-share in Assam,5
AUTO POINT,AC GAS,ZF04N260123AC,R134A GAS CAN,0.602,Cross-State Trending,Majority-share in Haryana,6
AUTO POINT,BRAKE PARTS,ZF047126167GM,CALIPER ASSEMBLY RH (H43/2),0.585,Cross-State Trending,Majority-share in Punjab,7
AUTO POINT,BRAKE PARTS,ZF047126127GM,CALIPER ASSEMBLY LH (R)(H42/2),0.57,Cross-State Trending,Majority-share in Punjab,8
AUTO POINT,BRAKE PARTS,ZF04L688207GM,"PAD KIT,  Frt",0.549,Cross-State Trending,Majority-share in Gujarat,9
AUTO POINT,LUBES,ZF04N65848AST,2W ENGINE OIL BOTTLE 20W40 (4T) (900 ml),0.54,Cross-State Trending,Majority-share in Rajasthan,10
AUTO POINT,BRAKE FLUID,ZF86AB70057GM,BRAKE FLUID 1/4 LTR DOT3 (Non Petroleum),1.0,Personal Repeat Purchase,Top 5 by recency-weighted quantity,11
AUTO POINT,BRAKE FLUID,ZF86AB70007GM,BRAKE FLUID 100ml DOT3 (Non Petroleum),0.8666666666666667,Personal Repeat Purchase,Top 5 by recency-weighted quantity,12
AUTO POINT,BRAKE PARTS,ZF86AB73817GM,MINOR KIT W/C FR(J54/250),0.792816091954023,Personal Repeat Purchase,Top 5 by recency-weighted quantity,13
AUTO POINT,BRAKE PARTS,ZF86AB73837GM,MINOR KIT W/C FR(J56/250),0.7862068965517242,Personal Repeat Purchase,Top 5 by recency-weighted quantity,14
AUTO POINT,LUBES,ZF04N65832AST,GREEN COOLANT BOTTLE (1 LTR),0.5666666666666667,Personal Repeat Purchase,Top 5 by recency-weighted quantity,15
AUTOLIFE ENTERPRISES,LUBES,ZF04N216677GM,EP - 90 Gear Fluid 26 ltr,0.938,Cross-State Trending,Majority-share in Rajasthan,1
AUTOLIFE ENTERPRISES,LUBES,ZF04N438637GM,ENGINE OIL BOTTLE 20W40 (4T),0.878,Cross-State Trending,Majority-share in Rajasthan,2
AUTOLIFE ENTERPRISES,LUBES,ZF04N445957GM,Engine Oil 2W 20W40 4T,0.852,Cross-State Trending,Majority-share in Rajasthan,3
AUTOLIFE ENTERPRISES,LUBES,ZF04N187507GM,EP - 90 Gear Fluid 500 ml,0.749,Cross-State Trending,Majority-share in Punjab,4
AUTOLIFE ENTERPRISES,BRAKE PARTS,ZF04L707227GM,Shoe Kit M_HAWK / Safari,0.605,Cross-State Trending,Majority-share in Assam,5
AUTOLIFE ENTERPRISES,AC GAS,ZF04N260123AC,R134A GAS CAN,0.602,Cross-State Trending,Majority-share in Haryana,6
AUTOLIFE ENTERPRISES,BRAKE PARTS,ZF047126167GM,CALIPER ASSEMBLY RH (H43/2),0.585,Cross-State Trending,Majority-share in Punjab,7
AUTOLIFE ENTERPRISES,BRAKE PARTS,ZF047126127GM,CALIPER ASSEMBLY LH (R)(H42/2),0.57,Cross-State Trending,Majority-share in Punjab,8
AUTOLIFE ENTERPRISES,BRAKE PARTS,ZF04L688207GM,"PAD KIT,  Frt",0.549,Cross-State Trending,Majority-share in Gujarat,9
AUTOLIFE ENTERPRISES,LUBES,ZF04N65848AST,2W ENGINE OIL BOTTLE 20W40 (4T) (900 ml),0.54,Cross-State Trending,Majority-share in Rajasthan,10
AUTOLIFE ENTERPRISES,BRAKE FLUID,ZF86AB70087GM,BRAKE FLUID 1/2 Lt DOT4 (Non Petroleum),1.0,Personal Repeat Purchase,Top 5 by recency-weighted quantity,11
AUTOLIFE ENTERPRISES,OTHERS,ZF04L952167GM,POWER STEERING FLUID 1 Ltr,0.875,Personal Repeat Purchase,Top 5 by recency-weighted quantity,12
AUTOLIFE ENTERPRISES,BRAKE FLUID,ZF86AB70007GM,BRAKE FLUID 100ml DOT3 (Non Petroleum),0.5,Personal Repeat Purchase,Top 5 by recency-weighted quantity,13
AUTOLIFE ENTERPRISES,BRAKE FLUID,ZF86AB70057GM,BRAKE FLUID 1/4 LTR DOT3 (Non Petroleum),0.5,Personal Repeat Purchase,Top 5 by recency-weighted quantity,14
AUTOLIFE ENTERPRISES,BRAKE FLUID,ZF86AB70097GM,BRAKE FLUID 1/4 Lt  DOT4 (Non Petroleum),0.4224137931034483,Personal Repeat Purchase,Top 5 by recency-weighted quantity,15
Ahuja Auto Parts,LUBES,ZF04N216677GM,EP - 90 Gear Fluid 26 ltr,0.938,Cross-State Trending,Majority-share in Rajasthan,1
Ahuja Auto Parts,LUBES,ZF04N438637GM,ENGINE OIL BOTTLE 20W40 (4T),0.878,Cross-State Trending,Majority-share in Rajasthan,2
Ahuja Auto Parts,LUBES,ZF04N445957GM,Engine Oil 2W 20W40 4T,0.852,Cross-State Trending,Majority-share in Rajasthan,3
Ahuja Auto Parts,LUBES,ZF04N187507GM,EP - 90 Gear Fluid 500 ml,0.749,Cross-State Trending,Majority-share in Punjab,4
Ahuja Auto Parts,AC GAS,ZF04N260123AC,R134A GAS CAN,0.602,Cross-State Trending,Majority-share in Haryana,5
Ahuja Auto Parts,BRAKE PARTS,ZF047126167GM,CALIPER ASSEMBLY RH (H43/2),0.585,Cross-State Trending,Majority-share in Punjab,6
Ahuja Auto Parts,BRAKE PARTS,ZF047126127GM,CALIPER ASSEMBLY LH (R)(H42/2),0.57,Cross-State Trending,Majority-share in Punjab,7
Ahuja Auto Parts,BRAKE PARTS,ZF04L688207GM,"PAD KIT,  Frt",0.549,Cross-State Trending,Majority-share in Gujarat,8
Ahuja Auto Parts,LUBES,ZF04N65848AST,2W ENGINE OIL BOTTLE 20W40 (4T) (900 ml),0.54,Cross-State Trending,Majority-share in Rajasthan,9
Ahuja Auto Parts,EMS,ZF04N261775IC,IGNITION COIL,0.51,Cross-State Trending,Majority-share in Maharashtra,10
Ahuja Auto Parts,BRAKE FLUID,ZF86AB70007GM,BRAKE FLUID 100ml DOT3 (Non Petroleum),1.0,Personal Repeat Purchase,Top 5 by recency-weighted quantity,11
Ahuja Auto Parts,BRAKE FLUID,ZF04L708617GM,BRAKE FLUID 100 ml  DOT4 (Non Petroleum),0.7631578947368421,Personal Repeat Purchase,Top 5 by recency-weighted quantity,12
Ahuja Auto Parts,LUBES,ZF047494947GM,RADIATOR COOLANT 500ML,0.5075187969924813,Personal Repeat Purchase,Top 5 by recency-weighted quantity,13
Ahuja Auto Parts,BRAKE PARTS,ZF04L789077TW,FIXED CALIPER ASSEMBLY Ø30 2W VESPA,0.044172932330827065,Personal Repeat Purchase,Top 5 by recency-weighted quantity,14
Ajmani Agencies,LUBES,ZF04N216677GM,EP - 90 Gear Fluid 26 ltr,0.938,Cross-State Trending,Majority-share in Rajasthan,1
Ajmani Agencies,LUBES,ZF04N438637GM,ENGINE OIL BOTTLE 20W40 (4T),0.878,Cross-State Trending,Majority-share in Rajasthan,2
Ajmani Agencies,LUBES,ZF04N445957GM,Engine Oil 2W 20W40 4T,0.852,Cross-State Trending,Majority-share in Rajasthan,3
Ajmani Agencies,LUBES,ZF04N187507GM,EP - 90 Gear Fluid 500 ml,0.749,Cross-State Trending,Majority-share in Punjab,4
Ajmani Agencies,OTHERS,ZF04L927687GM,SHOCK ABS OIL 350ml,0.657,Cross-State Trending,Majority-share in Kerala,5
Ajmani Agencies,BRAKE PARTS,ZF04L707227GM,Shoe Kit M_HAWK / Safari,0.605,Cross-State Trending,Majority-share in Assam,6
Ajmani Agencies,AC GAS,ZF04N260123AC,R134A GAS CAN,0.602,Cross-State Trending,Majority-share in Haryana,7
Ajmani Agencies,BRAKE PARTS,ZF047126167GM,CALIPER ASSEMBLY RH (H43/2),0.585,Cross-State Trending,Majority-share in Punjab,8
Ajmani Agencies,BRAKE PARTS,ZF047126127GM,CALIPER ASSEMBLY LH (R)(H42/2),0.57,Cross-State Trending,Majority-share in Punjab,9
Ajmani Agencies,LUBES,ZF04N65848AST,2W ENGINE OIL BOTTLE 20W40 (4T) (900 ml),0.54,Cross-State Trending,Majority-share in Rajasthan,10
Ajmani Agencies,BRAKE PARTS,ZF043186027GM,WC ASSLY PVPL RR(K17/40),1.0,Personal Repeat Purchase,Top 5 by recency-weighted quantity,11
Ajmani Agencies,BRAKE FLUID,ZF86AB70097GM,BRAKE FLUID 1/4 Lt  DOT4 (Non Petroleum),0.5309734513274337,Personal Repeat Purchase,Top 5 by recency-weighted quantity,12
Ajmani Agencies,BRAKE FLUID,ZF86AB70057GM,BRAKE FLUID 1/4 LTR DOT3 (Non Petroleum),0.5132743362831859,Personal Repeat Purchase,Top 5 by recency-weighted quantity,13
Ajmani Agencies,BRAKE PARTS,ZF04L69665KIT,"TMC ASSEMBLY,Ø19.05,IAM,MSIL OMNI VAVE",0.4987793713762588,Personal Repeat Purchase,Top 5 by recency-weighted quantity,14
Ajmani Agencies,BRAKE PARTS,ZF043185987GM,W/C  ASSY(15.87)(K14/100),0.4595666768385719,Personal Repeat Purchase,Top 5 by recency-weighted quantity,15
Alagu Automobiles,LUBES,ZF04N216677GM,EP - 90 Gear Fluid 26 ltr,0.938,Cross-State Trending,Majority-share in Rajasthan,1
Alagu Automobiles,LUBES,ZF04N438637GM,ENGINE OIL BOTTLE 20W40 (4T),0.878,Cross-State Trending,Majority-share in Rajasthan,2
Alagu Automobiles,LUBES,ZF04N445957GM,Engine Oil 2W 20W40 4T,0.852,Cross-State Trending,Majority-share in Rajasthan,3
Alagu Automobiles,LUBES,ZF04N187507GM,EP - 90 Gear Fluid 500 ml,0.749,Cross-State Trending,Majority-share in Punjab,4
Alagu Automobiles,AC GAS,ZF04N260123AC,R134A GAS CAN,0.602,Cross-State Trending,Majority-share in Haryana,5
Alagu Automobiles,BRAKE PARTS,ZF047126167GM,CALIPER ASSEMBLY RH (H43/2),0.585,Cross-State Trending,Majority-share in Punjab,6
Alagu Automobiles,BRAKE PARTS,ZF047126127GM,CALIPER ASSEMBLY LH (R)(H42/2),0.57,Cross-State Trending,Majority-share in Punjab,7
Alagu Automobiles,BRAKE PARTS,ZF04L688207GM,"PAD KIT,  Frt",0.549,Cross-State Trending,Majority-share in Gujarat,8
Alagu Automobiles,LUBES,ZF04N65848AST,2W ENGINE OIL BOTTLE 20W40 (4T) (900 ml),0.54,Cross-State Trending,Majority-share in Rajasthan,9
Alagu Automobiles,EMS,ZF04N261775IC,IGNITION COIL,0.51,Cross-State Trending,Majority-share in Maharashtra,10
Alagu Automobiles,BRAKE PARTS,ZF86AB73817GM,MINOR KIT W/C FR(J54/250),1.0,Personal Repeat Purchase,Top 5 by recency-weighted quantity,11
Alagu Automobiles,BRAKE PARTS,ZF86AB73837GM,MINOR KIT W/C FR(J56/250),0.9868421052631579,Personal Repeat Purchase,Top 5 by recency-weighted quantity,12
Alagu Automobiles,BRAKE PARTS,ZF047138407GM,"W/C ASSLY RR, Ø 15.87MM",0.9736842105263158,Personal Repeat Purchase,Top 5 by recency-weighted quantity,13
Alagu Automobiles,BRAKE PARTS,ZF86AB77527GM,SHOE KIT,0.7368421052631579,Personal Repeat Purchase,Top 5 by recency-weighted quantity,14
Alagu Automobiles,BRAKE PARTS,ZF86AB70567GM,SHOE KIT  (1 LEADING- 1 TRAILING),0.7263157894736842,Personal Repeat Purchase,Top 5 by recency-weighted quantity,15
Amrik Sons (India),LUBES,ZF04N216677GM,EP - 90 Gear Fluid 26 ltr,0.938,Cross-State Trending,Majority-share in Rajasthan,1
Amrik Sons (India),LUBES,ZF04N438637GM,ENGINE OIL BOTTLE 20W40 (4T),0.878,Cross-State Trending,Majority-share in Rajasthan,2
Amrik Sons (India),LUBES,ZF04N445957GM,Engine Oil 2W 20W40 4T,0.852,Cross-State Trending,Majority-share in Rajasthan,3
Amrik Sons (India),LUBES,ZF04N187507GM,EP - 90 Gear Fluid 500 ml,0.749,Cross-State Trending,Majority-share in Punjab,4
Amrik Sons (India),BRAKE PARTS,ZF04L707227GM,Shoe Kit M_HAWK / Safari,0.605,Cross-State Trending,Majority-share in Assam,5
Amrik Sons (India),AC GAS,ZF04N260123AC,R134A GAS CAN,0.602,Cross-State Trending,Majority-share in Haryana,6
Amrik Sons (India),BRAKE PARTS,ZF047126167GM,CALIPER ASSEMBLY RH (H43/2),0.585,Cross-State Trending,Majority-share in Punjab,7
Amrik Sons (India),BRAKE PARTS,ZF047126127GM,CALIPER ASSEMBLY LH (R)(H42/2),0.57,Cross-State Trending,Majority-share in Punjab,8
Amrik Sons (India),BRAKE PARTS,ZF04L688207GM,"PAD KIT,  Frt",0.549,Cross-State Trending,Majority-share in Gujarat,9
Amrik Sons (India),LUBES,ZF04N65848AST,2W ENGINE OIL BOTTLE 20W40 (4T) (900 ml),0.54,Cross-State Trending,Majority-share in Rajasthan,10
Amrik Sons (India),BRAKE FLUID,ZF86AB70007GM,BRAKE FLUID 100ml DOT3 (Non Petroleum),1.0,Personal Repeat Purchase,Top 5 by recency-weighted quantity,11
Amrik Sons (India),BRAKE FLUID,ZF86AB70057GM,BRAKE FLUID 1/4 LTR DOT3 (Non Petroleum),0.8571428571428571,Personal Repeat Purchase,Top 5 by recency-weighted quantity,12
Amrik Sons (India),BRAKE FLUID,ZF86AB70097GM,BRAKE FLUID 1/4 Lt  DOT4 (Non Petroleum),0.6530612244897959,Personal Repeat Purchase,Top 5 by recency-weighted quantity,13
Amrik Sons (India),BRAKE FLUID,ZF04L708617GM,BRAKE FLUID 100 ml  DOT4 (Non Petroleum),0.40816326530612246,Personal Repeat Purchase,Top 5 by recency-weighted quantity,14
Amrik Sons (India),EMS,ZF04N261775IC,IGNITION COIL,0.21287825475017594,Personal Repeat Purchase,Top 5 by recency-weighted quantity,15
Anuj Automobiles,LUBES,ZF04N216677GM,EP - 90 Gear Fluid 26 ltr,0.938,Cross-State Trending,Majority-share in Rajasthan,1
Anuj Automobiles,LUBES,ZF04N438637GM,ENGINE OIL BOTTLE 20W40 (4T),0.878,Cross-State Trending,Majority-share in Rajasthan,2
Anuj Automobiles,LUBES,ZF04N445957GM,Engine Oil 2W 20W40 4T,0.852,Cross-State Trending,Majority-share in Rajasthan,3
Anuj Automobiles,LUBES,ZF04N187507GM,EP - 90 Gear Fluid 500 ml,0.749,Cross-State Trending,Majority-share in Punjab,4
Anuj Automobiles,BRAKE PARTS,ZF04L707227GM,Shoe Kit M_HAWK / Safari,0.605,Cross-State Trending,Majority-share in Assam,5
Anuj Automobiles,AC GAS,ZF04N260123AC,R134A GAS CAN,0.602,Cross-State Trending,Majority-share in Haryana,6
Anuj Automobiles,BRAKE PARTS,ZF047126167GM,CALIPER ASSEMBLY RH (H43/2),0.585,Cross-State Trending,Majority-share in Punjab,7
Anuj Automobiles,BRAKE PARTS,ZF047126127GM,CALIPER ASSEMBLY LH (R)(H42/2),0.57,Cross-State Trending,Majority-share in Punjab,8
Anuj Automobiles,LUBES,ZF04N65848AST,2W ENGINE OIL BOTTLE 20W40 (4T) (900 ml),0.54,Cross-State Trending,Majority-share in Rajasthan,9
Anuj Automobiles,EMS,ZF04N261775IC,IGNITION COIL,0.51,Cross-State Trending,Majority-share in Maharashtra,10
Anuj Automobiles,BRAKE FLUID,ZF86AB70057GM,BRAKE FLUID 1/4 LTR DOT3 (Non Petroleum),1.0,Personal Repeat Purchase,Top 5 by recency-weighted quantity,11
Anuj Automobiles,BRAKE FLUID,ZF86AB70097GM,BRAKE FLUID 1/4 Lt  DOT4 (Non Petroleum),0.6309948474038842,Personal Repeat Purchase,Top 5 by recency-weighted quantity,12
Anuj Automobiles,BRAKE FLUID,ZF86AB70007GM,BRAKE FLUID 100ml DOT3 (Non Petroleum),0.5172413793103449,Personal Repeat Purchase,Top 5 by recency-weighted quantity,13
Anuj Automobiles,OTHERS,ZF04L952157GM,POWER STEERING OIL BOTTLE(500ml),0.380499405469679,Personal Repeat Purchase,Top 5 by recency-weighted quantity,14
Anuj Automobiles,BRAKE PARTS,ZF86AB74827GM,PAD FRICTION KING,0.2500990883868411,Personal Repeat Purchase,Top 5 by recency-weighted quantity,15
Arora Genuine Spares Pvt. Ltd,LUBES,ZF04N216677GM,EP - 90 Gear Fluid 26 ltr,0.938,Cross-State Trending,Majority-share in Rajasthan,1
Arora Genuine Spares Pvt. Ltd,LUBES,ZF04N438637GM,ENGINE OIL BOTTLE 20W40 (4T),0.878,Cross-State Trending,Majority-share in Rajasthan,2
Arora Genuine Spares Pvt. Ltd,LUBES,ZF04N445957GM,Engine Oil 2W 20W40 4T,0.852,Cross-State Trending,Majority-share in Rajasthan,3
Arora Genuine Spares Pvt. Ltd,LUBES,ZF04N187507GM,EP - 90 Gear Fluid 500 ml,0.749,Cross-State Trending,Majority-share in Punjab,4
Arora Genuine Spares Pvt. Ltd,AC GAS,ZF04N260123AC,R134A GAS CAN,0.602,Cross-State Trending,Majority-share in Haryana,5
Arora Genuine Spares Pvt. Ltd,BRAKE PARTS,ZF047126167GM,CALIPER ASSEMBLY RH (H43/2),0.585,Cross-State Trending,Majority-share in Punjab,6
Arora Genuine Spares Pvt. Ltd,BRAKE PARTS,ZF047126127GM,CALIPER ASSEMBLY LH (R)(H42/2),0.57,Cross-State Trending,Majority-share in Punjab,7
Arora Genuine Spares Pvt. Ltd,LUBES,ZF04N65848AST,2W ENGINE OIL BOTTLE 20W40 (4T) (900 ml),0.54,Cross-State Trending,Majority-share in Rajasthan,8
Arora Genuine Spares Pvt. Ltd,BRAKE PARTS,ZF86AB71457GM,PAD WINGER NEW (NEW)(I31/8),0.515,Cross-State Trending,Majority-share in Assam,9
Arora Genuine Spares Pvt. Ltd,EMS,ZF04N261775IC,IGNITION COIL,0.51,Cross-State Trending,Majority-share in Maharashtra,10
Arora Genuine Spares Pvt. Ltd,OTHERS,ZF04L952157GM,POWER STEERING OIL BOTTLE(500ml),1.0,Personal Repeat Purchase,Top 5 by recency-weighted quantity,11
Arora Genuine Spares Pvt. Ltd,BRAKE FLUID,ZF86AB70097GM,BRAKE FLUID 1/4 Lt  DOT4 (Non Petroleum),0.6279527559055118,Personal Repeat Purchase,Top 5 by recency-weighted quantity,12
Arora Genuine Spares Pvt. Ltd,LUBES,ZF04N66574AST,GEAR OIL BOTTLE (80W90) (2.5 ltr),0.5826771653543307,Personal Repeat Purchase,Top 5 by recency-weighted quantity,13
Arora Genuine Spares Pvt. Ltd,OTHERS,ZF04L952167GM,POWER STEERING FLUID 1 Ltr,0.43651574803149606,Personal Repeat Purchase,Top 5 by recency-weighted quantity,14
Arora Genuine Spares Pvt. Ltd,BRAKE PARTS,ZF86AB74827GM,PAD FRICTION KING,0.2952755905511811,Personal Repeat Purchase,Top 5 by recency-weighted quantity,15
Auto Mark,LUBES,ZF04N216677GM,EP - 90 Gear Fluid 26 ltr,0.938,Cross-State Trending,Majority-share in Rajasthan,1
Auto Mark,LUBES,ZF04N438657GM,2W ENGINE OIL BOTTLE 10W30 (4T) (1LTR),0.923,Cross-State Trending,Majority-share in Rajasthan,2
Auto Mark,LUBES,ZF04N438637GM,ENGINE OIL BOTTLE 20W40 (4T),0.878,Cross-State Trending,Majority-share in Rajasthan,3
Auto Mark,LUBES,ZF04N445957GM,Engine Oil 2W 20W40 4T,0.852,Cross-State Trending,Majority-share in Rajasthan,4
Auto Mark,BRAKE PARTS,ZF04L707227GM,Shoe Kit M_HAWK / Safari,0.605,Cross-State Trending,Majority-share in Assam,5
Auto Mark,AC GAS,ZF04N260123AC,R134A GAS CAN,0.602,Cross-State Trending,Majority-share in Haryana,6
Auto Mark,BRAKE PARTS,ZF047126167GM,CALIPER ASSEMBLY RH (H43/2),0.585,Cross-State Trending,Majority-share in Punjab,7
Auto Mark,BRAKE PARTS,ZF047126127GM,CALIPER ASSEMBLY LH (R)(H42/2),0.57,Cross-State Trending,Majority-share in Punjab,8
Auto Mark,LUBES,ZF04N65848AST,2W ENGINE OIL BOTTLE 20W40 (4T) (900 ml),0.54,Cross-State Trending,Majority-share in Rajasthan,9
Auto Mark,BRAKE PARTS,ZF86AB71457GM,PAD WINGER NEW (NEW)(I31/8),0.515,Cross-State Trending,Majority-share in Assam,10
Auto Mark,BRAKE FLUID,ZF86AB70057GM,BRAKE FLUID 1/4 LTR DOT3 (Non Petroleum),1.0,Personal Repeat Purchase,Top 5 by recency-weighted quantity,11
Auto Mark,BRAKE PARTS,ZF86AB73837GM,MINOR KIT W/C FR(J56/250),0.841724403387221,Personal Repeat Purchase,Top 5 by recency-weighted quantity,12
Auto Mark,BRAKE FLUID,ZF86AB70007GM,BRAKE FLUID 100ml DOT3 (Non Petroleum),0.8021555042340262,Personal Repeat Purchase,Top 5 by recency-weighted quantity,13
Auto Mark,BRAKE PARTS,ZF043186027GM,WC ASSLY PVPL RR(K17/40),0.18533487297921478,Personal Repeat Purchase,Top 5 by recency-weighted quantity,14
Auto Mark,BRAKE PARTS,ZF86AB77527GM,SHOE KIT,0.1789838337182448,Personal Repeat Purchase,Top 5 by recency-weighted quantity,15
Auto Spares,LUBES,ZF04N216677GM,EP - 90 Gear Fluid 26 ltr,0.938,Cross-State Trending,Majority-share in Rajasthan,1
Auto Spares,LUBES,ZF04N438637GM,ENGINE OIL BOTTLE 20W40 (4T),0.878,Cross-State Trending,Majority-share in Rajasthan,2
Auto Spares,LUBES,ZF04N445957GM,Engine Oil 2W 20W40 4T,0.852,Cross-State Trending,Majority-share in Rajasthan,3
Auto Spares,LUBES,ZF04N187507GM,EP - 90 Gear Fluid 500 ml,0.749,Cross-State Trending,Majority-share in Punjab,4
Auto Spares,AC GAS,ZF04N260123AC,R134A GAS CAN,0.602,Cross-State Trending,Majority-share in Haryana,5
Auto Spares,BRAKE PARTS,ZF047126167GM,CALIPER ASSEMBLY RH (H43/2),0.585,Cross-State Trending,Majority-share in Punjab,6
Auto Spares,BRAKE PARTS,ZF047126127GM,CALIPER ASSEMBLY LH (R)(H42/2),0.57,Cross-State Trending,Majority-share in Punjab,7
Auto Spares,LUBES,ZF04N65848AST,2W ENGINE OIL BOTTLE 20W40 (4T) (900 ml),0.54,Cross-State Trending,Majority-share in Rajasthan,8
Auto Spares,BRAKE PARTS,ZF86AB71457GM,PAD WINGER NEW (NEW)(I31/8),0.515,Cross-State Trending,Majority-share in Assam,9
Auto Spares,EMS,ZF04N261775IC,IGNITION COIL,0.51,Cross-State Trending,Majority-share in Maharashtra,10
Auto Spares,BRAKE FLUID,ZF86AB70097GM,BRAKE FLUID 1/4 Lt  DOT4 (Non Petroleum),1.0,Personal Repeat Purchase,Top 5 by recency-weighted quantity,11
Auto Spares,BRAKE PARTS,ZF86AB73287GM,KBX  PAD KIT,0.6551724137931034,Personal Repeat Purchase,Top 5 by recency-weighted quantity,12
Auto Spares,OTHERS,ZF04L952157GM,POWER STEERING OIL BOTTLE(500ml),0.4,Personal Repeat Purchase,Top 5 by recency-weighted quantity,13
Auto Spares,BRAKE PARTS,ZF86AB75887GM,SHOE KIT(INCRIMENTAL ADJ.)15,0.3793103448275862,Personal Repeat Purchase,Top 5 by recency-weighted quantity,14
Auto Spares,BRAKE PARTS,ZF04N134127GM,Shoe Kit_Manza_Vista D_TCIC,0.3620689655172414,Personal Repeat Purchase,Top 5 by recency-weighted quantity,15
BABA AUTOMOBILES,LUBES,ZF04N216677GM,EP - 90 Gear Fluid 26 ltr,0.938,Cross-State Trending,Majority-share in Rajasthan,1
BABA AUTOMOBILES,LUBES,ZF04N438637GM,ENGINE OIL BOTTLE 20W40 (4T),0.878,Cross-State Trending,Majority-share in Rajasthan,2
BABA AUTOMOBILES,LUBES,ZF04N445957GM,Engine Oil 2W 20W40 4T,0.852,Cross-State Trending,Majority-share in Rajasthan,3
BABA AUTOMOBILES,LUBES,ZF04N187507GM,EP - 90 Gear Fluid 500 ml,0.749,Cross-State Trending,Majority-share in Punjab,4
BABA AUTOMOBILES,BRAKE PARTS,ZF04L707227GM,Shoe Kit M_HAWK / Safari,0.605,Cross-State Trending,Majority-share in Assam,5
BABA AUTOMOBILES,AC GAS,ZF04N260123AC,R134A GAS CAN,0.602,Cross-State Trending,Majority-share in Haryana,6
BABA AUTOMOBILES,BRAKE PARTS,ZF047126167GM,CALIPER ASSEMBLY RH (H43/2),0.585,Cross-State Trending,Majority-share in Punjab,7
BABA AUTOMOBILES,BRAKE PARTS,ZF047126127GM,CALIPER ASSEMBLY LH (R)(H42/2),0.57,Cross-State Trending,Majority-share in Punjab,8
BABA AUTOMOBILES,BRAKE PARTS,ZF04L688207GM,"PAD KIT,  Frt",0.549,Cross-State Trending,Majority-share in Gujarat,9
BABA AUTOMOBILES,LUBES,ZF04N65848AST,2W ENGINE OIL BOTTLE 20W40 (4T) (900 ml),0.54,Cross-State Trending,Majority-share in Rajasthan,10
BABA AUTOMOBILES,BRAKE PARTS,ZF86AB77527GM,SHOE KIT,1.0,Personal Repeat Purchase,Top 5 by recency-weighted quantity,11
BABA AUTOMOBILES,BRAKE PARTS,ZF86AB73627GM,SHOE KIT LH (A.A.),0.9575530586766542,Personal Repeat Purchase,Top 5 by recency-weighted quantity,12
BABA AUTOMOBILES,BRAKE PARTS,ZF86AB73617GM,SHOE KIT  RH(A.A.),0.7952559300873908,Personal Repeat Purchase,Top 5 by recency-weighted quantity,13
BABA AUTOMOBILES,BRAKE PARTS,ZF86AB73637GM,SHOE KIT FRONT (A.A.),0.6192259675405742,Personal Repeat Purchase,Top 5 by recency-weighted quantity,14
BABA AUTOMOBILES,BRAKE PARTS,ZF04L71189KIT,MINOR KIT BAL TMC IAM,0.5755305867665418,Personal Repeat Purchase,Top 5 by recency-weighted quantity,15
BANTEX LUBE INDIA CO,LUBES,ZF04N216677GM,EP - 90 Gear Fluid 26 ltr,0.938,Cross-State Trending,Majority-share in Rajasthan,1
BANTEX LUBE INDIA CO,LUBES,ZF04N438637GM,ENGINE OIL BOTTLE 20W40 (4T),0.878,Cross-State Trending,Majority-share in Rajasthan,2
BANTEX LUBE INDIA CO,LUBES,ZF04N445957GM,Engine Oil 2W 20W40 4T,0.852,Cross-State Trending,Majority-share in Rajasthan,3
BANTEX LUBE INDIA CO,LUBES,ZF04N187507GM,EP - 90 Gear Fluid 500 ml,0.749,Cross-State Trending,Majority-share in Punjab,4
BANTEX LUBE INDIA CO,BRAKE PARTS,ZF04L707227GM,Shoe Kit M_HAWK / Safari,0.605,Cross-State Trending,Majority-share in Assam,5
BANTEX LUBE INDIA CO,AC GAS,ZF04N260123AC,R134A GAS CAN,0.602,Cross-State Trending,Majority-share in Haryana,6
BANTEX LUBE INDIA CO,BRAKE PARTS,ZF047126167GM,CALIPER ASSEMBLY RH (H43/2),0.585,Cross-State Trending,Majority-share in Punjab,7
BANTEX LUBE INDIA CO,BRAKE PARTS,ZF047126127GM,CALIPER ASSEMBLY LH (R)(H42/2),0.57,Cross-State Trending,Majority-share in Punjab,8
BANTEX LUBE INDIA CO,BRAKE PARTS,ZF04L688207GM,"PAD KIT,  Frt",0.549,Cross-State Trending,Majority-share in Gujarat,9
BANTEX LUBE INDIA CO,BRAKE PARTS,ZF86AB71457GM,PAD WINGER NEW (NEW)(I31/8),0.515,Cross-State Trending,Majority-share in Assam,10
BANTEX LUBE INDIA CO,BRAKE FLUID,ZF86AB70057GM,BRAKE FLUID 1/4 LTR DOT3 (Non Petroleum),1.0,Personal Repeat Purchase,Top 5 by recency-weighted quantity,11
BANTEX LUBE INDIA CO,BRAKE FLUID,ZF86AB70007GM,BRAKE FLUID 100ml DOT3 (Non Petroleum),0.9750344827586207,Personal Repeat Purchase,Top 5 by recency-weighted quantity,12
BANTEX LUBE INDIA CO,BRAKE FLUID,ZF86AB70097GM,BRAKE FLUID 1/4 Lt  DOT4 (Non Petroleum),0.244,Personal Repeat Purchase,Top 5 by recency-weighted quantity,13
BANTEX LUBE INDIA CO,BRAKE FLUID,ZF04L708617GM,BRAKE FLUID 100 ml  DOT4 (Non Petroleum),0.22703448275862068,Personal Repeat Purchase,Top 5 by recency-weighted quantity,14
BANTEX LUBE INDIA CO,LUBES,ZF04N65832AST,GREEN COOLANT BOTTLE (1 LTR),0.1540689655172414,Personal Repeat Purchase,Top 5 by recency-weighted quantity,15
BEST AUTO MAKETING,LUBES,ZF04N216677GM,EP - 90 Gear Fluid 26 ltr,0.938,Cross-State Trending,Majority-share in Rajasthan,1
BEST AUTO MAKETING,LUBES,ZF04N438637GM,ENGINE OIL BOTTLE 20W40 (4T),0.878,Cross-State Trending,Majority-share in Rajasthan,2
BEST AUTO MAKETING,LUBES,ZF04N445957GM,Engine Oil 2W 20W40 4T,0.852,Cross-State Trending,Majority-share in Rajasthan,3
BEST AUTO MAKETING,LUBES,ZF04N187507GM,EP - 90 Gear Fluid 500 ml,0.749,Cross-State Trending,Majority-share in Punjab,4
BEST AUTO MAKETING,BRAKE PARTS,ZF04L707227GM,Shoe Kit M_HAWK / Safari,0.605,Cross-State Trending,Majority-share in Assam,5
BEST AUTO MAKETING,AC GAS,ZF04N260123AC,R134A GAS CAN,0.602,Cross-State Trending,Majority-share in Haryana,6
BEST AUTO MAKETING,BRAKE PARTS,ZF047126167GM,CALIPER ASSEMBLY RH (H43/2),0.585,Cross-State Trending,Majority-share in Punjab,7
BEST AUTO MAKETING,BRAKE PARTS,ZF047126127GM,CALIPER ASSEMBLY LH (R)(H42/2),0.57,Cross-State Trending,Majority-share in Punjab,8
BEST AUTO MAKETING,LUBES,ZF04N65848AST,2W ENGINE OIL BOTTLE 20W40 (4T) (900 ml),0.54,Cross-State Trending,Majority-share in Rajasthan,9
BEST AUTO MAKETING,EMS,ZF04N261775IC,IGNITION COIL,0.51,Cross-State Trending,Majority-share in Maharashtra,10
BEST AUTO MAKETING,OTHERS,ZF04L952157GM,POWER STEERING OIL BOTTLE(500ml),1.0,Personal Repeat Purchase,Top 5 by recency-weighted quantity,11
BEST AUTO MAKETING,BRAKE PARTS,ZF043185787GM,W/C ASSY. FRT. RH. R2 TWO TUBE SEAT(25.4,0.68,Personal Repeat Purchase,Top 5 by recency-weighted quantity,12
BEST AUTO MAKETING,BRAKE PARTS,ZF043189317GM,W /C ASSY RH SANTRO,0.6666666666666666,Personal Repeat Purchase,Top 5 by recency-weighted quantity,13
BEST AUTO MAKETING,BRAKE PARTS,ZF043189947GM,W/C ASSY LH SANTRO,0.6666666666666666,Personal Repeat Purchase,Top 5 by recency-weighted quantity,14
BEST AUTO MAKETING,BRAKE PARTS,ZF043185777GM,W/C ASSY. FRT. RH. R1 ONE TUBE SEAT(25.4,0.6133333333333333,Personal Repeat Purchase,Top 5 by recency-weighted quantity,15
BEST BUY AUTO PVT. LTD,LUBES,ZF04N216677GM,EP - 90 Gear Fluid 26 ltr,0.938,Cross-State Trending,Majority-share in Rajasthan,1
BEST BUY AUTO PVT. LTD,LUBES,ZF04N438657GM,2W ENGINE OIL BOTTLE 10W30 (4T) (1LTR),0.923,Cross-State Trending,Majority-share in Rajasthan,2
BEST BUY AUTO PVT. LTD,LUBES,ZF04N438637GM,ENGINE OIL BOTTLE 20W40 (4T),0.878,Cross-State Trending,Majority-share in Rajasthan,3
BEST BUY AUTO PVT. LTD,LUBES,ZF04N445957GM,Engine Oil 2W 20W40 4T,0.852,Cross-State Trending,Majority-share in Rajasthan,4
BEST BUY AUTO PVT. LTD,LUBES,ZF04N187507GM,EP - 90 Gear Fluid 500 ml,0.749,Cross-State Trending,Majority-share in Punjab,5
BEST BUY AUTO PVT. LTD,OTHERS,ZF04L927687GM,SHOCK ABS OIL 350ml,0.657,Cross-State Trending,Majority-share in Kerala,6
BEST BUY AUTO PVT. LTD,BRAKE PARTS,ZF04L707227GM,Shoe Kit M_HAWK / Safari,0.605,Cross-State Trending,Majority-share in Assam,7
BEST BUY AUTO PVT. LTD,AC GAS,ZF04N260123AC,R134A GAS CAN,0.602,Cross-State Trending,Majority-share in Haryana,8
BEST BUY AUTO PVT. LTD,BRAKE PARTS,ZF04L688207GM,"PAD KIT,  Frt",0.549,Cross-State Trending,Majority-share in Gujarat,9
BEST BUY AUTO PVT. LTD,LUBES,ZF04N65848AST,2W ENGINE OIL BOTTLE 20W40 (4T) (900 ml),0.54,Cross-State Trending,Majority-share in Rajasthan,10
BEST BUY AUTO PVT. LTD,BRAKE FLUID,ZF86AB70007GM,BRAKE FLUID 100ml DOT3 (Non Petroleum),1.0,Personal Repeat Purchase,Top 5 by recency-weighted quantity,11
BEST BUY AUTO PVT. LTD,BRAKE FLUID,ZF86AB70057GM,BRAKE FLUID 1/4 LTR DOT3 (Non Petroleum),1.0,Personal Repeat Purchase,Top 5 by recency-weighted quantity,12
BEST BUY AUTO PVT. LTD,BRAKE FLUID,ZF86AB70097GM,BRAKE FLUID 1/4 Lt  DOT4 (Non Petroleum),1.0,Personal Repeat Purchase,Top 5 by recency-weighted quantity,13
BEST BUY AUTO PVT. LTD,BRAKE PARTS,ZF04L726307GM,Wheel Cylinder Assy,0.9090909090909091,Personal Repeat Purchase,Top 5 by recency-weighted quantity,14
BEST BUY AUTO PVT. LTD,EMS,ZF04N261775IC,IGNITION COIL,0.8463949843260188,Personal Repeat Purchase,Top 5 by recency-weighted quantity,15
BHARAT TRADING COMPANY,LUBES,ZF04N216677GM,EP - 90 Gear Fluid 26 ltr,0.938,Cross-State Trending,Majority-share in Rajasthan,1
BHARAT TRADING COMPANY,LUBES,ZF04N438657GM,2W ENGINE OIL BOTTLE 10W30 (4T) (1LTR),0.923,Cross-State Trending,Majority-share in Rajasthan,2
BHARAT TRADING COMPANY,LUBES,ZF04N438637GM,ENGINE OIL BOTTLE 20W40 (4T),0.878,Cross-State Trending,Majority-share in Rajasthan,3
BHARAT TRADING COMPANY,LUBES,ZF04N445957GM,Engine Oil 2W 20W40 4T,0.852,Cross-State Trending,Majority-share in Rajasthan,4
BHARAT TRADING COMPANY,BRAKE PARTS,ZF047167857GM,WC S/A PENGUINE RR(K51/100),0.652,Cross-State Trending,Majority-share in Kerala,5
BHARAT TRADING COMPANY,AC GAS,ZF04N260123AC,R134A GAS CAN,0.602,Cross-State Trending,Majority-share in Haryana,6
BHARAT TRADING COMPANY,BRAKE PARTS,ZF047126167GM,CALIPER ASSEMBLY RH (H43/2),0.585,Cross-State Trending,Majority-share in Punjab,7
BHARAT TRADING COMPANY,BRAKE PARTS,ZF047126127GM,CALIPER ASSEMBLY LH (R)(H42/2),0.57,Cross-State Trending,Majority-share in Punjab,8
BHARAT TRADING COMPANY,LUBES,ZF04N65848AST,2W ENGINE OIL BOTTLE 20W40 (4T) (900 ml),0.54,Cross-State Trending,Majority-share in Rajasthan,9
BHARAT TRADING COMPANY,EMS,ZF04N261775IC,IGNITION COIL,0.51,Cross-State Trending,Majority-share in Maharashtra,10
BHARAT TRADING COMPANY,LUBES,ZF04N65832AST,GREEN COOLANT BOTTLE (1 LTR),1.0,Personal Repeat Purchase,Top 5 by recency-weighted quantity,11
BHARAT TRADING COMPANY,BRAKE PARTS,ZF043185987GM,W/C  ASSY(15.87)(K14/100),0.8575317604355717,Personal Repeat Purchase,Top 5 by recency-weighted quantity,12
BHARAT TRADING COMPANY,BRAKE FLUID,ZF04L708617GM,BRAKE FLUID 100 ml  DOT4 (Non Petroleum),0.7168784029038112,Personal Repeat Purchase,Top 5 by recency-weighted quantity,13
BHARAT TRADING COMPANY,LUBES,ZF04N66571AST,GEAR OIL BOTTLE (80W90) (1 ltr),0.6352087114337568,Personal Repeat Purchase,Top 5 by recency-weighted quantity,14
BHARAT TRADING COMPANY,BRAKE FLUID,ZF86AB70097GM,BRAKE FLUID 1/4 Lt  DOT4 (Non Petroleum),0.5789473684210527,Personal Repeat Purchase,Top 5 by recency-weighted quantity,15
BHAVANI AUTO DISTRIBUTORS,LUBES,ZF04N216677GM,EP - 90 Gear Fluid 26 ltr,0.938,Cross-State Trending,Majority-share in Rajasthan,1
BHAVANI AUTO DISTRIBUTORS,LUBES,ZF04N438637GM,ENGINE OIL BOTTLE 20W40 (4T),0.878,Cross-State Trending,Majority-share in Rajasthan,2
BHAVANI AUTO DISTRIBUTORS,LUBES,ZF04N445957GM,Engine Oil 2W 20W40 4T,0.852,Cross-State Trending,Majority-share in Rajasthan,3
BHAVANI AUTO DISTRIBUTORS,LUBES,ZF04N187507GM,EP - 90 Gear Fluid 500 ml,0.749,Cross-State Trending,Majority-share in Punjab,4
BHAVANI AUTO DISTRIBUTORS,AC GAS,ZF04N260123AC,R134A GAS CAN,0.602,Cross-State Trending,Majority-share in Haryana,5
BHAVANI AUTO DISTRIBUTORS,BRAKE PARTS,ZF047126167GM,CALIPER ASSEMBLY RH (H43/2),0.585,Cross-State Trending,Majority-share in Punjab,6
BHAVANI AUTO DISTRIBUTORS,BRAKE PARTS,ZF047126127GM,CALIPER ASSEMBLY LH (R)(H42/2),0.57,Cross-State Trending,Majority-share in Punjab,7
BHAVANI AUTO DISTRIBUTORS,BRAKE PARTS,ZF04L688207GM,"PAD KIT,  Frt",0.549,Cross-State Trending,Majority-share in Gujarat,8
BHAVANI AUTO DISTRIBUTORS,LUBES,ZF04N65848AST,2W ENGINE OIL BOTTLE 20W40 (4T) (900 ml),0.54,Cross-State Trending,Majority-share in Rajasthan,9
BHAVANI AUTO DISTRIBUTORS,EMS,ZF04N261775IC,IGNITION COIL,0.51,Cross-State Trending,Majority-share in Maharashtra,10
BHAVANI AUTO DISTRIBUTORS,BRAKE FLUID,ZF86AB70057GM,BRAKE FLUID 1/4 LTR DOT3 (Non Petroleum),1.0,Personal Repeat Purchase,Top 5 by recency-weighted quantity,11
BHAVANI AUTO DISTRIBUTORS,BRAKE FLUID,ZF86AB70007GM,BRAKE FLUID 100ml DOT3 (Non Petroleum),0.9807692307692307,Personal Repeat Purchase,Top 5 by recency-weighted quantity,12
BHAVANI AUTO DISTRIBUTORS,BRAKE FLUID,ZF04L708617GM,BRAKE FLUID 100 ml  DOT4 (Non Petroleum),0.8365384615384616,Personal Repeat Purchase,Top 5 by recency-weighted quantity,13
BHAVANI AUTO DISTRIBUTORS,BRAKE FLUID,ZF86AB70097GM,BRAKE FLUID 1/4 Lt  DOT4 (Non Petroleum),0.7019230769230769,Personal Repeat Purchase,Top 5 by recency-weighted quantity,14
BHAVANI AUTO DISTRIBUTORS,BRAKE PARTS,ZF86AB77527GM,SHOE KIT,0.5684681697612732,Personal Repeat Purchase,Top 5 by recency-weighted quantity,15
BK Sales,LUBES,ZF04N216677GM,EP - 90 Gear Fluid 26 ltr,0.938,Cross-State Trending,Majority-share in Rajasthan,1
BK Sales,LUBES,ZF04N438657GM,2W ENGINE OIL BOTTLE 10W30 (4T) (1LTR),0.923,Cross-State Trending,Majority-share in Rajasthan,2
BK Sales,LUBES,ZF04N445957GM,Engine Oil 2W 20W40 4T,0.852,Cross-State Trending,Majority-share in Rajasthan,3
BK Sales,LUBES,ZF04N187507GM,EP - 90 Gear Fluid 500 ml,0.749,Cross-State Trending,Majority-share in Punjab,4
BK Sales,OTHERS,ZF04L927687GM,SHOCK ABS OIL 350ml,0.657,Cross-State Trending,Majority-share in Kerala,5
BK Sales,BRAKE PARTS,ZF047167857GM,WC S/A PENGUINE RR(K51/100),0.652,Cross-State Trending,Majority-share in Kerala,6
BK Sales,AC GAS,ZF04N260123AC,R134A GAS CAN,0.602,Cross-State Trending,Majority-share in Haryana,7
BK Sales,BRAKE PARTS,ZF04N129287TG,ROTOR (MAX PASSENGER),0.586,Cross-State Trending,Majority-share in Telangana,8
BK Sales,LUBES,ZF04N65848AST,2W ENGINE OIL BOTTLE 20W40 (4T) (900 ml),0.54,Cross-State Trending,Majority-share in Rajasthan,9
BK Sales,BRAKE PARTS,ZF86AB71457GM,PAD WINGER NEW (NEW)(I31/8),0.515,Cross-State Trending,Majority-share in Assam,10
BK Sales,BRAKE FLUID,ZF86AB70057GM,BRAKE FLUID 1/4 LTR DOT3 (Non Petroleum),1.0,Personal Repeat Purchase,Top 5 by recency-weighted quantity,11
BK Sales,OTHERS,ZF04L952167GM,POWER STEERING FLUID 1 Ltr,0.8958431743032593,Personal Repeat Purchase,Top 5 by recency-weighted quantity,12
BK Sales,LUBES,ZF04N65832AST,GREEN COOLANT BOTTLE (1 LTR),0.8082191780821918,Personal Repeat Purchase,Top 5 by recency-weighted quantity,13
BK Sales,BRAKE FLUID,ZF86AB70047GM,BRAKE FLUID 1/2 Lt DOT3 (Non Petroleum),0.7931034482758621,Personal Repeat Purchase,Top 5 by recency-weighted quantity,14
BK Sales,LUBES,ZF04N187517GM,EP - 90 Gear Fluid 1   ltr,0.461502125649504,Personal Repeat Purchase,Top 5 by recency-weighted quantity,15
Bansal Motors,LUBES,ZF04N187507GM,EP - 90 Gear Fluid 500 ml,0.749,Cross-State Trending,Majority-share in Punjab,1
Bansal Motors,OTHERS,ZF04L927687GM,SHOCK ABS OIL 350ml,0.657,Cross-State Trending,Majority-share in Kerala,2
Bansal Motors,BRAKE PARTS,ZF047167857GM,WC S/A PENGUINE RR(K51/100),0.652,Cross-State Trending,Majority-share in Kerala,3
Bansal Motors,BRAKE PARTS,ZF04L707227GM,Shoe Kit M_HAWK / Safari,0.605,Cross-State Trending,Majority-share in Assam,4
Bansal Motors,AC GAS,ZF04N260123AC,R134A GAS CAN,0.602,Cross-State Trending,Majority-share in Haryana,5
Bansal Motors,BRAKE PARTS,ZF047126167GM,CALIPER ASSEMBLY RH (H43/2),0.585,Cross-State Trending,Majority-share in Punjab,6
Bansal Motors,BRAKE PARTS,ZF047126127GM,CALIPER ASSEMBLY LH (R)(H42/2),0.57,Cross-State Trending,Majority-share in Punjab,7
Bansal Motors,BRAKE PARTS,ZF04L688207GM,"PAD KIT,  Frt",0.549,Cross-State Trending,Majority-share in Gujarat,8
Bansal Motors,BRAKE PARTS,ZF86AB71457GM,PAD WINGER NEW (NEW)(I31/8),0.515,Cross-State Trending,Majority-share in Assam,9
Bansal Motors,EMS,ZF04N261775IC,IGNITION COIL,0.51,Cross-State Trending,Majority-share in Maharashtra,10
Bansal Motors,BRAKE FLUID,ZF86AB70057GM,BRAKE FLUID 1/4 LTR DOT3 (Non Petroleum),1.0,Personal Repeat Purchase,Top 5 by recency-weighted quantity,11
Bansal Motors,BRAKE FLUID,ZF86AB70097GM,BRAKE FLUID 1/4 Lt  DOT4 (Non Petroleum),0.30336688649774385,Personal Repeat Purchase,Top 5 by recency-weighted quantity,12
Bansal Motors,BRAKE FLUID,ZF86AB70007GM,BRAKE FLUID 100ml DOT3 (Non Petroleum),0.22396737244012496,Personal Repeat Purchase,Top 5 by recency-weighted quantity,13
Bansal Motors,LUBES,ZF04N438637GM,ENGINE OIL BOTTLE 20W40 (4T),0.09606039569593891,Personal Repeat Purchase,Top 5 by recency-weighted quantity,14
Bansal Motors,LUBES,ZF04N438657GM,2W ENGINE OIL BOTTLE 10W30 (4T) (1LTR),0.05683790350572718,Personal Repeat Purchase,Top 5 by recency-weighted quantity,15
British Auto Corporation,LUBES,ZF04N216677GM,EP - 90 Gear Fluid 26 ltr,0.938,Cross-State Trending,Majority-share in Rajasthan,1
British Auto Corporation,LUBES,ZF04N438657GM,2W ENGINE OIL BOTTLE 10W30 (4T) (1LTR),0.923,Cross-State Trending,Majority-share in Rajasthan,2
British Auto Corporation,LUBES,ZF04N438637GM,ENGINE OIL BOTTLE 20W40 (4T),0.878,Cross-State Trending,Majority-share in Rajasthan,3
British Auto Corporation,LUBES,ZF04N445957GM,Engine Oil 2W 20W40 4T,0.852,Cross-State Trending,Majority-share in Rajasthan,4
British Auto Corporation,OTHERS,ZF04L927687GM,SHOCK ABS OIL 350ml,0.657,Cross-State Trending,Majority-share in Kerala,5
British Auto Corporation,AC GAS,ZF04N260123AC,R134A GAS CAN,0.602,Cross-State Trending,Majority-share in Haryana,6
British Auto Corporation,BRAKE PARTS,ZF047126167GM,CALIPER ASSEMBLY RH (H43/2),0.585,Cross-State Trending,Majority-share in Punjab,7
British Auto Corporation,BRAKE PARTS,ZF047126127GM,CALIPER ASSEMBLY LH (R)(H42/2),0.57,Cross-State Trending,Majority-share in Punjab,8
British Auto Corporation,LUBES,ZF04N65848AST,2W ENGINE OIL BOTTLE 20W40 (4T) (900 ml),0.54,Cross-State Trending,Majority-share in Rajasthan,9
British Auto Corporation,BRAKE PARTS,ZF86AB71457GM,PAD WINGER NEW (NEW)(I31/8),0.515,Cross-State Trending,Majority-share in Assam,10
British Auto Corporation,BRAKE FLUID,ZF86AB70057GM,BRAKE FLUID 1/4 LTR DOT3 (Non Petroleum),1.0,Personal Repeat Purchase,Top 5 by recency-weighted quantity,11
British Auto Corporation,BRAKE PARTS,ZF86AB75887GM,SHOE KIT(INCRIMENTAL ADJ.)15,0.7732426303854876,Personal Repeat Purchase,Top 5 by recency-weighted quantity,12
British Auto Corporation,BRAKE PARTS,ZF043185987GM,W/C  ASSY(15.87)(K14/100),0.7269463340891912,Personal Repeat Purchase,Top 5 by recency-weighted quantity,13
British Auto Corporation,BRAKE FLUID,ZF86AB70097GM,BRAKE FLUID 1/4 Lt  DOT4 (Non Petroleum),0.7014361300075586,Personal Repeat Purchase,Top 5 by recency-weighted quantity,14
British Auto Corporation,BRAKE PARTS,ZF04N134127GM,Shoe Kit_Manza_Vista D_TCIC,0.46938775510204084,Personal Repeat Purchase,Top 5 by recency-weighted quantity,15
CEL MARKETING PVT. LTD.,LUBES,ZF04N216677GM,EP - 90 Gear Fluid 26 ltr,0.938,Cross-State Trending,Majority-share in Rajasthan,1
CEL MARKETING PVT. LTD.,BRAKE PARTS,ZF047144987GM,HOSE ASSY FRONT BRAKE (437mm),0.935,Cross-State Trending,Majority-share in Maharashtra,2
CEL MARKETING PVT. LTD.,LUBES,ZF04N438657GM,2W ENGINE OIL BOTTLE 10W30 (4T) (1LTR),0.923,Cross-State Trending,Majority-share in Rajasthan,3
CEL MARKETING PVT. LTD.,LUBES,ZF04N438637GM,ENGINE OIL BOTTLE 20W40 (4T),0.878,Cross-State Trending,Majority-share in Rajasthan,4
CEL MARKETING PVT. LTD.,LUBES,ZF04N445957GM,Engine Oil 2W 20W40 4T,0.852,Cross-State Trending,Majority-share in Rajasthan,5
CEL MARKETING PVT. LTD.,LUBES,ZF047979327GM,RADIATOR COOLANT 1 LTR. (Antifreeze),0.794,Cross-State Trending,Majority-share in Jammu and Kashmir,6
CEL MARKETING PVT. LTD.,BRAKE PARTS,ZF86AB76027GM,SHOE KIT,0.612,Cross-State Trending,Majority-share in Assam,7
CEL MARKETING PVT. LTD.,BRAKE PARTS,ZF047126167GM,CALIPER ASSEMBLY RH (H43/2),0.585,Cross-State Trending,Majority-share in Punjab,8
CEL MARKETING PVT. LTD.,BRAKE PARTS,ZF047126127GM,CALIPER ASSEMBLY LH (R)(H42/2),0.57,Cross-State Trending,Majority-share in Punjab,9
CEL MARKETING PVT. LTD.,LUBES,ZF04N65848AST,2W ENGINE OIL BOTTLE 20W40 (4T) (900 ml),0.54,Cross-State Trending,Majority-share in Rajasthan,10
CEL MARKETING PVT. LTD.,BRAKE PARTS,ZF043185987GM,W/C  ASSY(15.87)(K14/100),1.0,Personal Repeat Purchase,Top 5 by recency-weighted quantity,11
CEL MARKETING PVT. LTD.,BRAKE FLUID,ZF86AB70057GM,BRAKE FLUID 1/4 LTR DOT3 (Non Petroleum),0.9139134481154025,Personal Repeat Purchase,Top 5 by recency-weighted quantity,12
CEL MARKETING PVT. LTD.,BRAKE FLUID,ZF86AB70007GM,BRAKE FLUID 100ml DOT3 (Non Petroleum),0.8434155421126105,Personal Repeat Purchase,Top 5 by recency-weighted quantity,13
CEL MARKETING PVT. LTD.,BRAKE PARTS,ZF86AB77527GM,SHOE KIT,0.7575616565844578,Personal Repeat Purchase,Top 5 by recency-weighted quantity,14
CEL MARKETING PVT. LTD.,BRAKE PARTS,ZF047138407GM,"W/C ASSLY RR, Ø 15.87MM",0.6836900884132154,Personal Repeat Purchase,Top 5 by recency-weighted quantity,15
COCHIN EXPORTS PVT. LTD.,LUBES,ZF04N216677GM,EP - 90 Gear Fluid 26 ltr,0.938,Cross-State Trending,Majority-share in Rajasthan,1
COCHIN EXPORTS PVT. LTD.,LUBES,ZF04N438637GM,ENGINE OIL BOTTLE 20W40 (4T),0.878,Cross-State Trending,Majority-share in Rajasthan,2
COCHIN EXPORTS PVT. LTD.,LUBES,ZF04N445957GM,Engine Oil 2W 20W40 4T,0.852,Cross-State Trending,Majority-share in Rajasthan,3
COCHIN EXPORTS PVT. LTD.,LUBES,ZF04N187507GM,EP - 90 Gear Fluid 500 ml,0.749,Cross-State Trending,Majority-share in Punjab,4
COCHIN EXPORTS PVT. LTD.,BRAKE PARTS,ZF04L707227GM,Shoe Kit M_HAWK / Safari,0.605,Cross-State Trending,Majority-share in Assam,5
COCHIN EXPORTS PVT. LTD.,AC GAS,ZF04N260123AC,R134A GAS CAN,0.602,Cross-State Trending,Majority-share in Haryana,6
COCHIN EXPORTS PVT. LTD.,BRAKE PARTS,ZF047126167GM,CALIPER ASSEMBLY RH (H43/2),0.585,Cross-State Trending,Majority-share in Punjab,7
COCHIN EXPORTS PVT. LTD.,BRAKE PARTS,ZF047126127GM,CALIPER ASSEMBLY LH (R)(H42/2),0.57,Cross-State Trending,Majority-share in Punjab,8
COCHIN EXPORTS PVT. LTD.,LUBES,ZF04N65848AST,2W ENGINE OIL BOTTLE 20W40 (4T) (900 ml),0.54,Cross-State Trending,Majority-share in Rajasthan,9
COCHIN EXPORTS PVT. LTD.,BRAKE PARTS,ZF86AB71457GM,PAD WINGER NEW (NEW)(I31/8),0.515,Cross-State Trending,Majority-share in Assam,10
COCHIN EXPORTS PVT. LTD.,BRAKE PARTS,ZF86AB73617GM,SHOE KIT  RH(A.A.),1.0,Personal Repeat Purchase,Top 5 by recency-weighted quantity,11
COCHIN EXPORTS PVT. LTD.,BRAKE PARTS,ZF047143677GM,SHOE RETURN SPRING(A.A),0.9190455901150405,Personal Repeat Purchase,Top 5 by recency-weighted quantity,12
COCHIN EXPORTS PVT. LTD.,BRAKE PARTS,ZF86AB73627GM,SHOE KIT LH (A.A.),0.8909245845760545,Personal Repeat Purchase,Top 5 by recency-weighted quantity,13
COCHIN EXPORTS PVT. LTD.,BRAKE PARTS,ZF047143487GM,RETURN SPRING FIXED POINT,0.8747337025990626,Personal Repeat Purchase,Top 5 by recency-weighted quantity,14
COCHIN EXPORTS PVT. LTD.,BRAKE PARTS,ZF047143697GM,SHOE HOLD DOWN SPRING(A.A),0.7907967618236046,Personal Repeat Purchase,Top 5 by recency-weighted quantity,15
CYBER AUTOMOBILES PVT. LTD.,LUBES,ZF04N216677GM,EP - 90 Gear Fluid 26 ltr,0.938,Cross-State Trending,Majority-share in Rajasthan,1
CYBER AUTOMOBILES PVT. LTD.,LUBES,ZF04N438637GM,ENGINE OIL BOTTLE 20W40 (4T),0.878,Cross-State Trending,Majority-share in Rajasthan,2
CYBER AUTOMOBILES PVT. LTD.,LUBES,ZF04N445957GM,Engine Oil 2W 20W40 4T,0.852,Cross-State Trending,Majority-share in Rajasthan,3
CYBER AUTOMOBILES PVT. LTD.,LUBES,ZF04N187507GM,EP - 90 Gear Fluid 500 ml,0.749,Cross-State Trending,Majority-share in Punjab,4
CYBER AUTOMOBILES PVT. LTD.,AC GAS,ZF04N260123AC,R134A GAS CAN,0.602,Cross-State Trending,Majority-share in Haryana,5
CYBER AUTOMOBILES PVT. LTD.,BRAKE PARTS,ZF047126167GM,CALIPER ASSEMBLY RH (H43/2),0.585,Cross-State Trending,Majority-share in Punjab,6
CYBER AUTOMOBILES PVT. LTD.,BRAKE PARTS,ZF047126127GM,CALIPER ASSEMBLY LH (R)(H42/2),0.57,Cross-State Trending,Majority-share in Punjab,7
CYBER AUTOMOBILES PVT. LTD.,BRAKE PARTS,ZF04L688207GM,"PAD KIT,  Frt",0.549,Cross-State Trending,Majority-share in Gujarat,8
CYBER AUTOMOBILES PVT. LTD.,LUBES,ZF04N65848AST,2W ENGINE OIL BOTTLE 20W40 (4T) (900 ml),0.54,Cross-State Trending,Majority-share in Rajasthan,9
CYBER AUTOMOBILES PVT. LTD.,EMS,ZF04N261775IC,IGNITION COIL,0.51,Cross-State Trending,Majority-share in Maharashtra,10
CYBER AUTOMOBILES PVT. LTD.,BRAKE FLUID,ZF86AB70057GM,BRAKE FLUID 1/4 LTR DOT3 (Non Petroleum),1.0,Personal Repeat Purchase,Top 5 by recency-weighted quantity,11
CYBER AUTOMOBILES PVT. LTD.,BRAKE FLUID,ZF86AB70007GM,BRAKE FLUID 100ml DOT3 (Non Petroleum),0.7155297532656023,Personal Repeat Purchase,Top 5 by recency-weighted quantity,12
CYBER AUTOMOBILES PVT. LTD.,BRAKE PARTS,ZF043186027GM,WC ASSLY PVPL RR(K17/40),0.4644412191582003,Personal Repeat Purchase,Top 5 by recency-weighted quantity,13
CYBER AUTOMOBILES PVT. LTD.,BRAKE PARTS,ZF86AB73837GM,MINOR KIT W/C FR(J56/250),0.4629898403483309,Personal Repeat Purchase,Top 5 by recency-weighted quantity,14
CYBER AUTOMOBILES PVT. LTD.,BRAKE PARTS,ZF86AB70567GM,SHOE KIT  (1 LEADING- 1 TRAILING),0.32801161103047893,Personal Repeat Purchase,Top 5 by recency-weighted quantity,15
Cochin Exports Pvt Ltd,LUBES,ZF04N216677GM,EP - 90 Gear Fluid 26 ltr,0.938,Cross-State Trending,Majority-share in Rajasthan,1
Cochin Exports Pvt Ltd,LUBES,ZF04N438657GM,2W ENGINE OIL BOTTLE 10W30 (4T) (1LTR),0.923,Cross-State Trending,Majority-share in Rajasthan,2
Cochin Exports Pvt Ltd,LUBES,ZF04N445957GM,Engine Oil 2W 20W40 4T,0.852,Cross-State Trending,Majority-share in Rajasthan,3
Cochin Exports Pvt Ltd,LUBES,ZF047979327GM,RADIATOR COOLANT 1 LTR. (Antifreeze),0.794,Cross-State Trending,Majority-share in Jammu and Kashmir,4
Cochin Exports Pvt Ltd,BRAKE PARTS,ZF86AB76027GM,SHOE KIT,0.612,Cross-State Trending,Majority-share in Assam,5
Cochin Exports Pvt Ltd,BRAKE PARTS,ZF04L707227GM,Shoe Kit M_HAWK / Safari,0.605,Cross-State Trending,Majority-share in Assam,6
Cochin Exports Pvt Ltd,AC GAS,ZF04N260123AC,R134A GAS CAN,0.602,Cross-State Trending,Majority-share in Haryana,7
Cochin Exports Pvt Ltd,BRAKE PARTS,ZF047126167GM,CALIPER ASSEMBLY RH (H43/2),0.585,Cross-State Trending,Majority-share in Punjab,8
Cochin Exports Pvt Ltd,BRAKE PARTS,ZF047126127GM,CALIPER ASSEMBLY LH (R)(H42/2),0.57,Cross-State Trending,Majority-share in Punjab,9
Cochin Exports Pvt Ltd,SUSPENSION,ZF04N330985SK,SHOCK ABSORBER  FORTU_NER RR/ RL,0.516,Cross-State Trending,Majority-share in Maharashtra,10
Cochin Exports Pvt Ltd,BRAKE FLUID,ZF86AB70007GM,BRAKE FLUID 100ml DOT3 (Non Petroleum),1.0,Personal Repeat Purchase,Top 5 by recency-weighted quantity,11
Cochin Exports Pvt Ltd,BRAKE FLUID,ZF86AB70057GM,BRAKE FLUID 1/4 LTR DOT3 (Non Petroleum),0.8551545175748997,Personal Repeat Purchase,Top 5 by recency-weighted quantity,12
Cochin Exports Pvt Ltd,BRAKE FLUID,ZF04L708617GM,BRAKE FLUID 100 ml  DOT4 (Non Petroleum),0.6324604859636707,Personal Repeat Purchase,Top 5 by recency-weighted quantity,13
Cochin Exports Pvt Ltd,BRAKE PARTS,ZF86AB77527GM,SHOE KIT,0.6121137060627506,Personal Repeat Purchase,Top 5 by recency-weighted quantity,14
Cochin Exports Pvt Ltd,BRAKE FLUID,ZF86AB70097GM,BRAKE FLUID 1/4 Lt  DOT4 (Non Petroleum),0.5751356451993395,Personal Repeat Purchase,Top 5 by recency-weighted quantity,15
Cyber Automobiles Pvt Lltd,LUBES,ZF04N216677GM,EP - 90 Gear Fluid 26 ltr,0.938,Cross-State Trending,Majority-share in Rajasthan,1
Cyber Automobiles Pvt Lltd,LUBES,ZF04N438637GM,ENGINE OIL BOTTLE 20W40 (4T),0.878,Cross-State Trending,Majority-share in Rajasthan,2
Cyber Automobiles Pvt Lltd,LUBES,ZF04N445957GM,Engine Oil 2W 20W40 4T,0.852,Cross-State Trending,Majority-share in Rajasthan,3
Cyber Automobiles Pvt Lltd,LUBES,ZF04N187507GM,EP - 90 Gear Fluid 500 ml,0.749,Cross-State Trending,Majority-share in Punjab,4
Cyber Automobiles Pvt Lltd,AC GAS,ZF04N260123AC,R134A GAS CAN,0.602,Cross-State Trending,Majority-share in Haryana,5
Cyber Automobiles Pvt Lltd,BRAKE PARTS,ZF047126167GM,CALIPER ASSEMBLY RH (H43/2),0.585,Cross-State Trending,Majority-share in Punjab,6
Cyber Automobiles Pvt Lltd,BRAKE PARTS,ZF047126127GM,CALIPER ASSEMBLY LH (R)(H42/2),0.57,Cross-State Trending,Majority-share in Punjab,7
Cyber Automobiles Pvt Lltd,BRAKE PARTS,ZF04L688207GM,"PAD KIT,  Frt",0.549,Cross-State Trending,Majority-share in Gujarat,8
Cyber Automobiles Pvt Lltd,LUBES,ZF04N65848AST,2W ENGINE OIL BOTTLE 20W40 (4T) (900 ml),0.54,Cross-State Trending,Majority-share in Rajasthan,9
Cyber Automobiles Pvt Lltd,EMS,ZF04N261775IC,IGNITION COIL,0.51,Cross-State Trending,Majority-share in Maharashtra,10
Cyber Automobiles Pvt Lltd,BRAKE PARTS,ZF043186027GM,WC ASSLY PVPL RR(K17/40),1.0,Personal Repeat Purchase,Top 5 by recency-weighted quantity,11
Cyber Automobiles Pvt Lltd,BRAKE PARTS,ZF86AB73627GM,SHOE KIT LH (A.A.),0.8834232845026986,Personal Repeat Purchase,Top 5 by recency-weighted quantity,12
Cyber Automobiles Pvt Lltd,BRAKE PARTS,ZF86AB73617GM,SHOE KIT  RH(A.A.),0.8658442559753277,Personal Repeat Purchase,Top 5 by recency-weighted quantity,13
Cyber Automobiles Pvt Lltd,BRAKE FLUID,ZF86AB70057GM,BRAKE FLUID 1/4 LTR DOT3 (Non Petroleum),0.6618350038550501,Personal Repeat Purchase,Top 5 by recency-weighted quantity,14
Cyber Automobiles Pvt Lltd,BRAKE PARTS,ZF86AB73637GM,SHOE KIT FRONT (A.A.),0.6274479568234387,Personal Repeat Purchase,Top 5 by recency-weighted quantity,15
D.K.ENTERPRISES,LUBES,ZF04N216677GM,EP - 90 Gear Fluid 26 ltr,0.938,Cross-State Trending,Majority-share in Rajasthan,1
D.K.ENTERPRISES,LUBES,ZF04N438637GM,ENGINE OIL BOTTLE 20W40 (4T),0.878,Cross-State Trending,Majority-share in Rajasthan,2
D.K.ENTERPRISES,LUBES,ZF04N445957GM,Engine Oil 2W 20W40 4T,0.852,Cross-State Trending,Majority-share in Rajasthan,3
D.K.ENTERPRISES,LUBES,ZF04N187507GM,EP - 90 Gear Fluid 500 ml,0.749,Cross-State Trending,Majority-share in Punjab,4
D.K.ENTERPRISES,OTHERS,ZF04L927687GM,SHOCK ABS OIL 350ml,0.657,Cross-State Trending,Majority-share in Kerala,5
D.K.ENTERPRISES,AC GAS,ZF04N260123AC,R134A GAS CAN,0.602,Cross-State Trending,Majority-share in Haryana,6
D.K.ENTERPRISES,BRAKE PARTS,ZF047126167GM,CALIPER ASSEMBLY RH (H43/2),0.585,Cross-State Trending,Majority-share in Punjab,7
D.K.ENTERPRISES,BRAKE PARTS,ZF047126127GM,CALIPER ASSEMBLY LH (R)(H42/2),0.57,Cross-State Trending,Majority-share in Punjab,8
D.K.ENTERPRISES,LUBES,ZF04N65848AST,2W ENGINE OIL BOTTLE 20W40 (4T) (900 ml),0.54,Cross-State Trending,Majority-share in Rajasthan,9
D.K.ENTERPRISES,BRAKE PARTS,ZF86AB71457GM,PAD WINGER NEW (NEW)(I31/8),0.515,Cross-State Trending,Majority-share in Assam,10
D.K.ENTERPRISES,BRAKE FLUID,ZF86AB70097GM,BRAKE FLUID 1/4 Lt  DOT4 (Non Petroleum),1.0,Personal Repeat Purchase,Top 5 by recency-weighted quantity,11
D.K.ENTERPRISES,BRAKE FLUID,ZF04L708617GM,BRAKE FLUID 100 ml  DOT4 (Non Petroleum),0.996802557953637,Personal Repeat Purchase,Top 5 by recency-weighted quantity,12
D.K.ENTERPRISES,LUBES,ZF04N65832AST,GREEN COOLANT BOTTLE (1 LTR),0.6630695443645084,Personal Repeat Purchase,Top 5 by recency-weighted quantity,13
D.K.ENTERPRISES,BRAKE FLUID,ZF86AB70057GM,BRAKE FLUID 1/4 LTR DOT3 (Non Petroleum),0.6594724220623501,Personal Repeat Purchase,Top 5 by recency-weighted quantity,14
D.K.ENTERPRISES,BRAKE PARTS,ZF86AB70567GM,SHOE KIT  (1 LEADING- 1 TRAILING),0.5761390887290168,Personal Repeat Purchase,Top 5 by recency-weighted quantity,15
DOKANIA AUTO AGENCY,LUBES,ZF04N216677GM,EP - 90 Gear Fluid 26 ltr,0.938,Cross-State Trending,Majority-share in Rajasthan,1
DOKANIA AUTO AGENCY,LUBES,ZF04N438657GM,2W ENGINE OIL BOTTLE 10W30 (4T) (1LTR),0.923,Cross-State Trending,Majority-share in Rajasthan,2
DOKANIA AUTO AGENCY,LUBES,ZF04N438637GM,ENGINE OIL BOTTLE 20W40 (4T),0.878,Cross-State Trending,Majority-share in Rajasthan,3
DOKANIA AUTO AGENCY,LUBES,ZF04N445957GM,Engine Oil 2W 20W40 4T,0.852,Cross-State Trending,Majority-share in Rajasthan,4
DOKANIA AUTO AGENCY,LUBES,ZF04N187507GM,EP - 90 Gear Fluid 500 ml,0.749,Cross-State Trending,Majority-share in Punjab,5
DOKANIA AUTO AGENCY,OTHERS,ZF04L927687GM,SHOCK ABS OIL 350ml,0.657,Cross-State Trending,Majority-share in Kerala,6
DOKANIA AUTO AGENCY,BRAKE PARTS,ZF04L707227GM,Shoe Kit M_HAWK / Safari,0.605,Cross-State Trending,Majority-share in Assam,7
DOKANIA AUTO AGENCY,BRAKE PARTS,ZF047126167GM,CALIPER ASSEMBLY RH (H43/2),0.585,Cross-State Trending,Majority-share in Punjab,8
DOKANIA AUTO AGENCY,BRAKE PARTS,ZF047126127GM,CALIPER ASSEMBLY LH (R)(H42/2),0.57,Cross-State Trending,Majority-share in Punjab,9
DOKANIA AUTO AGENCY,LUBES,ZF04N65848AST,2W ENGINE OIL BOTTLE 20W40 (4T) (900 ml),0.54,Cross-State Trending,Majority-share in Rajasthan,10
DOKANIA AUTO AGENCY,BRAKE FLUID,ZF86AB70057GM,BRAKE FLUID 1/4 LTR DOT3 (Non Petroleum),1.0,Personal Repeat Purchase,Top 5 by recency-weighted quantity,11
DOKANIA AUTO AGENCY,BRAKE FLUID,ZF86AB70097GM,BRAKE FLUID 1/4 Lt  DOT4 (Non Petroleum),0.7149425287356321,Personal Repeat Purchase,Top 5 by recency-weighted quantity,12
DOKANIA AUTO AGENCY,BRAKE PARTS,ZF86AB75097GM,MINOR KIT W/C FRT.(J77/500),0.45977011494252873,Personal Repeat Purchase,Top 5 by recency-weighted quantity,13
DOKANIA AUTO AGENCY,BRAKE PARTS,ZF04L71189KIT,MINOR KIT BAL TMC IAM,0.3448275862068966,Personal Repeat Purchase,Top 5 by recency-weighted quantity,14
DOKANIA AUTO AGENCY,BRAKE PARTS,ZF86AB75867GM,MINOR KIT W/C(J91/250),0.33045977011494254,Personal Repeat Purchase,Top 5 by recency-weighted quantity,15
Daulat Motor Company,BRAKE PARTS,ZF047144987GM,HOSE ASSY FRONT BRAKE (437mm),0.935,Cross-State Trending,Majority-share in Maharashtra,1
Daulat Motor Company,LUBES,ZF047979327GM,RADIATOR COOLANT 1 LTR. (Antifreeze),0.794,Cross-State Trending,Majority-share in Jammu and Kashmir,2
Daulat Motor Company,BRAKE PARTS,ZF04L906347TW,SHOE KIT 2W,0.728,Cross-State Trending,Majority-share in Gujarat,3
Daulat Motor Company,BRAKE PARTS,ZF86AB75657GM,PAD KIT (I55/20),0.691,Cross-State Trending,Majority-share in Karnataka,4
Daulat Motor Company,AC GAS,ZF04N260123AC,R134A GAS CAN,0.602,Cross-State Trending,Majority-share in Haryana,5
Daulat Motor Company,BRAKE PARTS,ZF04N129287TG,ROTOR (MAX PASSENGER),0.586,Cross-State Trending,Majority-share in Telangana,6
Daulat Motor Company,BRAKE PARTS,ZF047126167GM,CALIPER ASSEMBLY RH (H43/2),0.585,Cross-State Trending,Majority-share in Punjab,7
Daulat Motor Company,BRAKE PARTS,ZF047126127GM,CALIPER ASSEMBLY LH (R)(H42/2),0.57,Cross-State Trending,Majority-share in Punjab,8
Daulat Motor Company,SUSPENSION,ZF04N330985SK,SHOCK ABSORBER  FORTU_NER RR/ RL,0.516,Cross-State Trending,Majority-share in Maharashtra,9
Daulat Motor Company,BRAKE PARTS,ZF86AB71457GM,PAD WINGER NEW (NEW)(I31/8),0.515,Cross-State Trending,Majority-share in Assam,10
Daulat Motor Company,BRAKE FLUID,ZF86AB70057GM,BRAKE FLUID 1/4 LTR DOT3 (Non Petroleum),1.0,Personal Repeat Purchase,Top 5 by recency-weighted quantity,11
Daulat Motor Company,BRAKE FLUID,ZF86AB70007GM,BRAKE FLUID 100ml DOT3 (Non Petroleum),0.6597811306093375,Personal Repeat Purchase,Top 5 by recency-weighted quantity,12
Daulat Motor Company,BRAKE FLUID,ZF86AB70097GM,BRAKE FLUID 1/4 Lt  DOT4 (Non Petroleum),0.49096678106585506,Personal Repeat Purchase,Top 5 by recency-weighted quantity,13
Daulat Motor Company,LUBES,ZF04N65832AST,GREEN COOLANT BOTTLE (1 LTR),0.25113319950786767,Personal Repeat Purchase,Top 5 by recency-weighted quantity,14
Daulat Motor Company,BRAKE PARTS,ZF86AB73837GM,MINOR KIT W/C FR(J56/250),0.2223337434436314,Personal Repeat Purchase,Top 5 by recency-weighted quantity,15
Devshi Motors Private Limited,LUBES,ZF04N216677GM,EP - 90 Gear Fluid 26 ltr,0.938,Cross-State Trending,Majority-share in Rajasthan,1
Devshi Motors Private Limited,LUBES,ZF04N438637GM,ENGINE OIL BOTTLE 20W40 (4T),0.878,Cross-State Trending,Majority-share in Rajasthan,2
Devshi Motors Private Limited,LUBES,ZF04N445957GM,Engine Oil 2W 20W40 4T,0.852,Cross-State Trending,Majority-share in Rajasthan,3
Devshi Motors Private Limited,LUBES,ZF04N187507GM,EP - 90 Gear Fluid 500 ml,0.749,Cross-State Trending,Majority-share in Punjab,4
Devshi Motors Private Limited,BRAKE PARTS,ZF04L707227GM,Shoe Kit M_HAWK / Safari,0.605,Cross-State Trending,Majority-share in Assam,5
Devshi Motors Private Limited,AC GAS,ZF04N260123AC,R134A GAS CAN,0.602,Cross-State Trending,Majority-share in Haryana,6
Devshi Motors Private Limited,BRAKE PARTS,ZF047126167GM,CALIPER ASSEMBLY RH (H43/2),0.585,Cross-State Trending,Majority-share in Punjab,7
Devshi Motors Private Limited,BRAKE PARTS,ZF047126127GM,CALIPER ASSEMBLY LH (R)(H42/2),0.57,Cross-State Trending,Majority-share in Punjab,8
Devshi Motors Private Limited,BRAKE PARTS,ZF04L688207GM,"PAD KIT,  Frt",0.549,Cross-State Trending,Majority-share in Gujarat,9
Devshi Motors Private Limited,LUBES,ZF04N65848AST,2W ENGINE OIL BOTTLE 20W40 (4T) (900 ml),0.54,Cross-State Trending,Majority-share in Rajasthan,10
Devshi Motors Private Limited,LUBES,ZF04N66571AST,GEAR OIL BOTTLE (80W90) (1 ltr),1.0,Personal Repeat Purchase,Top 5 by recency-weighted quantity,11
Devshi Motors Private Limited,BRAKE FLUID,ZF86AB70087GM,BRAKE FLUID 1/2 Lt DOT4 (Non Petroleum),0.8333333333333334,Personal Repeat Purchase,Top 5 by recency-weighted quantity,12
Devshi Motors Private Limited,BRAKE FLUID,ZF86AB70057GM,BRAKE FLUID 1/4 LTR DOT3 (Non Petroleum),0.75,Personal Repeat Purchase,Top 5 by recency-weighted quantity,13
Devshi Motors Private Limited,BRAKE FLUID,ZF86AB70097GM,BRAKE FLUID 1/4 Lt  DOT4 (Non Petroleum),0.75,Personal Repeat Purchase,Top 5 by recency-weighted quantity,14
Devshi Motors Private Limited,BRAKE PARTS,ZF86AB75867GM,MINOR KIT W/C(J91/250),0.43103448275862066,Personal Repeat Purchase,Top 5 by recency-weighted quantity,15
Diwakar Enterprises,LUBES,ZF04N216677GM,EP - 90 Gear Fluid 26 ltr,0.938,Cross-State Trending,Majority-share in Rajasthan,1
Diwakar Enterprises,LUBES,ZF04N438657GM,2W ENGINE OIL BOTTLE 10W30 (4T) (1LTR),0.923,Cross-State Trending,Majority-share in Rajasthan,2
Diwakar Enterprises,LUBES,ZF04N438637GM,ENGINE OIL BOTTLE 20W40 (4T),0.878,Cross-State Trending,Majority-share in Rajasthan,3
Diwakar Enterprises,LUBES,ZF04N445957GM,Engine Oil 2W 20W40 4T,0.852,Cross-State Trending,Majority-share in Rajasthan,4
Diwakar Enterprises,LUBES,ZF047979327GM,RADIATOR COOLANT 1 LTR. (Antifreeze),0.794,Cross-State Trending,Majority-share in Jammu and Kashmir,5
Diwakar Enterprises,OTHERS,ZF04L927687GM,SHOCK ABS OIL 350ml,0.657,Cross-State Trending,Majority-share in Kerala,6
Diwakar Enterprises,AC GAS,ZF04N260123AC,R134A GAS CAN,0.602,Cross-State Trending,Majority-share in Haryana,7
Diwakar Enterprises,BRAKE PARTS,ZF047126167GM,CALIPER ASSEMBLY RH (H43/2),0.585,Cross-State Trending,Majority-share in Punjab,8
Diwakar Enterprises,OTHERS,ZF04N139417GM,Power Steering Fluid 5L,0.545,Cross-State Trending,Majority-share in Chhattisgarh,9
Diwakar Enterprises,LUBES,ZF04N65848AST,2W ENGINE OIL BOTTLE 20W40 (4T) (900 ml),0.54,Cross-State Trending,Majority-share in Rajasthan,10
Diwakar Enterprises,BRAKE PARTS,ZF86AB75887GM,SHOE KIT(INCRIMENTAL ADJ.)15,1.0,Personal Repeat Purchase,Top 5 by recency-weighted quantity,11
Diwakar Enterprises,BRAKE FLUID,ZF86AB70057GM,BRAKE FLUID 1/4 LTR DOT3 (Non Petroleum),0.9739714525608733,Personal Repeat Purchase,Top 5 by recency-weighted quantity,12
Diwakar Enterprises,BRAKE PARTS,ZF86AB73627GM,SHOE KIT LH (A.A.),0.6926952141057935,Personal Repeat Purchase,Top 5 by recency-weighted quantity,13
Diwakar Enterprises,BRAKE PARTS,ZF86AB77527GM,SHOE KIT,0.6834592779177162,Personal Repeat Purchase,Top 5 by recency-weighted quantity,14
Diwakar Enterprises,BRAKE PARTS,ZF04N229207GM,Shoes Assy W/O Spring,0.6490344248530646,Personal Repeat Purchase,Top 5 by recency-weighted quantity,15
EASTERN ENGINEERS,LUBES,ZF04N216677GM,EP - 90 Gear Fluid 26 ltr,0.938,Cross-State Trending,Majority-share in Rajasthan,1
EASTERN ENGINEERS,LUBES,ZF04N438637GM,ENGINE OIL BOTTLE 20W40 (4T),0.878,Cross-State Trending,Majority-share in Rajasthan,2
EASTERN ENGINEERS,LUBES,ZF04N445957GM,Engine Oil 2W 20W40 4T,0.852,Cross-State Trending,Majority-share in Rajasthan,3
EASTERN ENGINEERS,LUBES,ZF04N187507GM,EP - 90 Gear Fluid 500 ml,0.749,Cross-State Trending,Majority-share in Punjab,4
EASTERN ENGINEERS,BRAKE PARTS,ZF04L707227GM,Shoe Kit M_HAWK / Safari,0.605,Cross-State Trending,Majority-share in Assam,5
EASTERN ENGINEERS,AC GAS,ZF04N260123AC,R134A GAS CAN,0.602,Cross-State Trending,Majority-share in Haryana,6
EASTERN ENGINEERS,BRAKE PARTS,ZF047126167GM,CALIPER ASSEMBLY RH (H43/2),0.585,Cross-State Trending,Majority-share in Punjab,7
EASTERN ENGINEERS,BRAKE PARTS,ZF047126127GM,CALIPER ASSEMBLY LH (R)(H42/2),0.57,Cross-State Trending,Majority-share in Punjab,8
EASTERN ENGINEERS,BRAKE PARTS,ZF04L688207GM,"PAD KIT,  Frt",0.549,Cross-State Trending,Majority-share in Gujarat,9
EASTERN ENGINEERS,LUBES,ZF04N65848AST,2W ENGINE OIL BOTTLE 20W40 (4T) (900 ml),0.54,Cross-State Trending,Majority-share in Rajasthan,10
EASTERN ENGINEERS,BRAKE FLUID,ZF86AB70057GM,BRAKE FLUID 1/4 LTR DOT3 (Non Petroleum),1.0,Personal Repeat Purchase,Top 5 by recency-weighted quantity,11
EASTERN ENGINEERS,LUBES,ZF04N66571AST,GEAR OIL BOTTLE (80W90) (1 ltr),0.8695652173913043,Personal Repeat Purchase,Top 5 by recency-weighted quantity,12
EASTERN ENGINEERS,LUBES,ZF04N65833AST,RED COOLANT BOTTLE (1 LTR),0.6341829085457271,Personal Repeat Purchase,Top 5 by recency-weighted quantity,13
EASTERN ENGINEERS,LUBES,ZF04N65832AST,GREEN COOLANT BOTTLE (1 LTR),0.5217391304347826,Personal Repeat Purchase,Top 5 by recency-weighted quantity,14
EASTERN ENGINEERS,LUBES,ZF04N187517GM,EP - 90 Gear Fluid 1   ltr,0.43478260869565216,Personal Repeat Purchase,Top 5 by recency-weighted quantity,15
Emm-Aar Agencies,LUBES,ZF04N216677GM,EP - 90 Gear Fluid 26 ltr,0.938,Cross-State Trending,Majority-share in Rajasthan,1
Emm-Aar Agencies,LUBES,ZF04N438637GM,ENGINE OIL BOTTLE 20W40 (4T),0.878,Cross-State Trending,Majority-share in Rajasthan,2
Emm-Aar Agencies,LUBES,ZF04N445957GM,Engine Oil 2W 20W40 4T,0.852,Cross-State Trending,Majority-share in Rajasthan,3
Emm-Aar Agencies,LUBES,ZF04N187507GM,EP - 90 Gear Fluid 500 ml,0.749,Cross-State Trending,Majority-share in Punjab,4
Emm-Aar Agencies,AC GAS,ZF04N260123AC,R134A GAS CAN,0.602,Cross-State Trending,Majority-share in Haryana,5
Emm-Aar Agencies,BRAKE PARTS,ZF047126167GM,CALIPER ASSEMBLY RH (H43/2),0.585,Cross-State Trending,Majority-share in Punjab,6
Emm-Aar Agencies,BRAKE PARTS,ZF047126127GM,CALIPER ASSEMBLY LH (R)(H42/2),0.57,Cross-State Trending,Majority-share in Punjab,7
Emm-Aar Agencies,BRAKE PARTS,ZF04L688207GM,"PAD KIT,  Frt",0.549,Cross-State Trending,Majority-share in Gujarat,8
Emm-Aar Agencies,LUBES,ZF04N65848AST,2W ENGINE OIL BOTTLE 20W40 (4T) (900 ml),0.54,Cross-State Trending,Majority-share in Rajasthan,9
Emm-Aar Agencies,EMS,ZF04N261775IC,IGNITION COIL,0.51,Cross-State Trending,Majority-share in Maharashtra,10
Emm-Aar Agencies,BRAKE FLUID,ZF86AB70097GM,BRAKE FLUID 1/4 Lt  DOT4 (Non Petroleum),1.0,Personal Repeat Purchase,Top 5 by recency-weighted quantity,11
Emm-Aar Agencies,BRAKE FLUID,ZF86AB70007GM,BRAKE FLUID 100ml DOT3 (Non Petroleum),0.56,Personal Repeat Purchase,Top 5 by recency-weighted quantity,12
Emm-Aar Agencies,BRAKE FLUID,ZF86AB70057GM,BRAKE FLUID 1/4 LTR DOT3 (Non Petroleum),0.4,Personal Repeat Purchase,Top 5 by recency-weighted quantity,13
Emm-Aar Agencies,OTHERS,ZF04L952157GM,POWER STEERING OIL BOTTLE(500ml),0.4,Personal Repeat Purchase,Top 5 by recency-weighted quantity,14
Emm-Aar Agencies,OTHERS,ZF04L952167GM,POWER STEERING FLUID 1 Ltr,0.4,Personal Repeat Purchase,Top 5 by recency-weighted quantity,15
Etna Motors (I) pvt. Ltd.,LUBES,ZF04N216677GM,EP - 90 Gear Fluid 26 ltr,0.938,Cross-State Trending,Majority-share in Rajasthan,1
Etna Motors (I) pvt. Ltd.,LUBES,ZF04N438657GM,2W ENGINE OIL BOTTLE 10W30 (4T) (1LTR),0.923,Cross-State Trending,Majority-share in Rajasthan,2
Etna Motors (I) pvt. Ltd.,LUBES,ZF04N438637GM,ENGINE OIL BOTTLE 20W40 (4T),0.878,Cross-State Trending,Majority-share in Rajasthan,3
Etna Motors (I) pvt. Ltd.,LUBES,ZF04N445957GM,Engine Oil 2W 20W40 4T,0.852,Cross-State Trending,Majority-share in Rajasthan,4
Etna Motors (I) pvt. Ltd.,OTHERS,ZF04L927687GM,SHOCK ABS OIL 350ml,0.657,Cross-State Trending,Majority-share in Kerala,5
Etna Motors (I) pvt. Ltd.,BRAKE PARTS,ZF047167857GM,WC S/A PENGUINE RR(K51/100),0.652,Cross-State Trending,Majority-share in Kerala,6
Etna Motors (I) pvt. Ltd.,BRAKE PARTS,ZF047126167GM,CALIPER ASSEMBLY RH (H43/2),0.585,Cross-State Trending,Majority-share in Punjab,7
Etna Motors (I) pvt. Ltd.,BRAKE PARTS,ZF047126127GM,CALIPER ASSEMBLY LH (R)(H42/2),0.57,Cross-State Trending,Majority-share in Punjab,8
Etna Motors (I) pvt. Ltd.,BRAKE PARTS,ZF86AB71457GM,PAD WINGER NEW (NEW)(I31/8),0.515,Cross-State Trending,Majority-share in Assam,9
Etna Motors (I) pvt. Ltd.,EMS,ZF04N261775IC,IGNITION COIL,0.51,Cross-State Trending,Majority-share in Maharashtra,10
Etna Motors (I) pvt. Ltd.,BRAKE FLUID,ZF86AB70057GM,BRAKE FLUID 1/4 LTR DOT3 (Non Petroleum),1.0,Personal Repeat Purchase,Top 5 by recency-weighted quantity,11
Etna Motors (I) pvt. Ltd.,BRAKE FLUID,ZF86AB70097GM,BRAKE FLUID 1/4 Lt  DOT4 (Non Petroleum),0.6060606060606061,Personal Repeat Purchase,Top 5 by recency-weighted quantity,12
Etna Motors (I) pvt. Ltd.,BRAKE FLUID,ZF86AB70007GM,BRAKE FLUID 100ml DOT3 (Non Petroleum),0.5833333333333334,Personal Repeat Purchase,Top 5 by recency-weighted quantity,13
Etna Motors (I) pvt. Ltd.,LUBES,ZF04N65832AST,GREEN COOLANT BOTTLE (1 LTR),0.4358672936259143,Personal Repeat Purchase,Top 5 by recency-weighted quantity,14
Etna Motors (I) pvt. Ltd.,OTHERS,ZF04L952167GM,POWER STEERING FLUID 1 Ltr,0.4129440961337513,Personal Repeat Purchase,Top 5 by recency-weighted quantity,15
Excellent Traders,LUBES,ZF04N187507GM,EP - 90 Gear Fluid 500 ml,0.749,Cross-State Trending,Majority-share in Punjab,1
Excellent Traders,BRAKE PARTS,ZF047167857GM,WC S/A PENGUINE RR(K51/100),0.652,Cross-State Trending,Majority-share in Kerala,2
Excellent Traders,BRAKE PARTS,ZF04L707227GM,Shoe Kit M_HAWK / Safari,0.605,Cross-State Trending,Majority-share in Assam,3
Excellent Traders,AC GAS,ZF04N260123AC,R134A GAS CAN,0.602,Cross-State Trending,Majority-share in Haryana,4
Excellent Traders,BRAKE PARTS,ZF04N129287TG,ROTOR (MAX PASSENGER),0.586,Cross-State Trending,Majority-share in Telangana,5
Excellent Traders,BRAKE PARTS,ZF047126167GM,CALIPER ASSEMBLY RH (H43/2),0.585,Cross-State Trending,Majority-share in Punjab,6
Excellent Traders,BRAKE PARTS,ZF047126127GM,CALIPER ASSEMBLY LH (R)(H42/2),0.57,Cross-State Trending,Majority-share in Punjab,7
Excellent Traders,BRAKE PARTS,ZF04L688207GM,"PAD KIT,  Frt",0.549,Cross-State Trending,Majority-share in Gujarat,8
Excellent Traders,BRAKE PARTS,ZF86AB71457GM,PAD WINGER NEW (NEW)(I31/8),0.515,Cross-State Trending,Majority-share in Assam,9
Excellent Traders,EMS,ZF04N261775IC,IGNITION COIL,0.51,Cross-State Trending,Majority-share in Maharashtra,10
Excellent Traders,LUBES,ZF04N65847AST,2W ENGINE OIL BOTTLE 10W30 (4T) (1 ltr),1.0,Personal Repeat Purchase,Top 5 by recency-weighted quantity,11
Excellent Traders,LUBES,ZF04N65848AST,2W ENGINE OIL BOTTLE 20W40 (4T) (900 ml),0.9333333333333333,Personal Repeat Purchase,Top 5 by recency-weighted quantity,12
Excellent Traders,LUBES,ZF04N65846AST,2W ENGINE OIL BOTTLE 10W30 (4T) (900 ml),0.3333333333333333,Personal Repeat Purchase,Top 5 by recency-weighted quantity,13
Excellent Traders,OTHERS,ZF04L927677GM,SHOCK ABS OIl 175ml,0.13333333333333333,Personal Repeat Purchase,Top 5 by recency-weighted quantity,14
Excellent Traders,OTHERS,ZF04L927687GM,SHOCK ABS OIL 350ml,0.13333333333333333,Personal Repeat Purchase,Top 5 by recency-weighted quantity,15
FAIR DEAL DIESEL PVT LTD,LUBES,ZF04N187507GM,EP - 90 Gear Fluid 500 ml,0.749,Cross-State Trending,Majority-share in Punjab,1
FAIR DEAL DIESEL PVT LTD,OTHERS,ZF04L927687GM,SHOCK ABS OIL 350ml,0.657,Cross-State Trending,Majority-share in Kerala,2
FAIR DEAL DIESEL PVT LTD,BRAKE PARTS,ZF047167857GM,WC S/A PENGUINE RR(K51/100),0.652,Cross-State Trending,Majority-share in Kerala,3
FAIR DEAL DIESEL PVT LTD,BRAKE PARTS,ZF04L707227GM,Shoe Kit M_HAWK / Safari,0.605,Cross-State Trending,Majority-share in Assam,4
FAIR DEAL DIESEL PVT LTD,AC GAS,ZF04N260123AC,R134A GAS CAN,0.602,Cross-State Trending,Majority-share in Haryana,5
FAIR DEAL DIESEL PVT LTD,BRAKE PARTS,ZF047126167GM,CALIPER ASSEMBLY RH (H43/2),0.585,Cross-State Trending,Majority-share in Punjab,6
FAIR DEAL DIESEL PVT LTD,BRAKE PARTS,ZF047126127GM,CALIPER ASSEMBLY LH (R)(H42/2),0.57,Cross-State Trending,Majority-share in Punjab,7
FAIR DEAL DIESEL PVT LTD,BRAKE PARTS,ZF04L688207GM,"PAD KIT,  Frt",0.549,Cross-State Trending,Majority-share in Gujarat,8
FAIR DEAL DIESEL PVT LTD,BRAKE PARTS,ZF86AB71457GM,PAD WINGER NEW (NEW)(I31/8),0.515,Cross-State Trending,Majority-share in Assam,9
FAIR DEAL DIESEL PVT LTD,EMS,ZF04N261775IC,IGNITION COIL,0.51,Cross-State Trending,Majority-share in Maharashtra,10
FAIR DEAL DIESEL PVT LTD,LUBES,ZF04N65832AST,GREEN COOLANT BOTTLE (1 LTR),1.0,Personal Repeat Purchase,Top 5 by recency-weighted quantity,11
FAIR DEAL DIESEL PVT LTD,LUBES,ZF04N65833AST,RED COOLANT BOTTLE (1 LTR),0.551664504971898,Personal Repeat Purchase,Top 5 by recency-weighted quantity,12
FAIR DEAL DIESEL PVT LTD,LUBES,ZF04N66497AST,GREEN COOLANT BOTTLE (3 ltr),0.551664504971898,Personal Repeat Purchase,Top 5 by recency-weighted quantity,13
FAIR DEAL DIESEL PVT LTD,LUBES,ZF04N216677GM,EP - 90 Gear Fluid 26 ltr,0.5188067444876784,Personal Repeat Purchase,Top 5 by recency-weighted quantity,14
FAIR DEAL DIESEL PVT LTD,OTHERS,ZF04L952167GM,POWER STEERING FLUID 1 Ltr,0.3981841763942931,Personal Repeat Purchase,Top 5 by recency-weighted quantity,15
GADIA SALES CORPORATION,LUBES,ZF04N216677GM,EP - 90 Gear Fluid 26 ltr,0.938,Cross-State Trending,Majority-share in Rajasthan,1
GADIA SALES CORPORATION,LUBES,ZF04N438637GM,ENGINE OIL BOTTLE 20W40 (4T),0.878,Cross-State Trending,Majority-share in Rajasthan,2
GADIA SALES CORPORATION,LUBES,ZF04N445957GM,Engine Oil 2W 20W40 4T,0.852,Cross-State Trending,Majority-share in Rajasthan,3
GADIA SALES CORPORATION,LUBES,ZF04N187507GM,EP - 90 Gear Fluid 500 ml,0.749,Cross-State Trending,Majority-share in Punjab,4
GADIA SALES CORPORATION,BRAKE PARTS,ZF04L707227GM,Shoe Kit M_HAWK / Safari,0.605,Cross-State Trending,Majority-share in Assam,5
GADIA SALES CORPORATION,AC GAS,ZF04N260123AC,R134A GAS CAN,0.602,Cross-State Trending,Majority-share in Haryana,6
GADIA SALES CORPORATION,BRAKE PARTS,ZF047126167GM,CALIPER ASSEMBLY RH (H43/2),0.585,Cross-State Trending,Majority-share in Punjab,7
GADIA SALES CORPORATION,BRAKE PARTS,ZF047126127GM,CALIPER ASSEMBLY LH (R)(H42/2),0.57,Cross-State Trending,Majority-share in Punjab,8
GADIA SALES CORPORATION,LUBES,ZF04N65848AST,2W ENGINE OIL BOTTLE 20W40 (4T) (900 ml),0.54,Cross-State Trending,Majority-share in Rajasthan,9
GADIA SALES CORPORATION,EMS,ZF04N261775IC,IGNITION COIL,0.51,Cross-State Trending,Majority-share in Maharashtra,10
GADIA SALES CORPORATION,BRAKE FLUID,ZF86AB70097GM,BRAKE FLUID 1/4 Lt  DOT4 (Non Petroleum),1.0,Personal Repeat Purchase,Top 5 by recency-weighted quantity,11
GADIA SALES CORPORATION,BRAKE PARTS,ZF04L92349KIT,TMC Assy Compact,0.5548029556650246,Personal Repeat Purchase,Top 5 by recency-weighted quantity,12
GADIA SALES CORPORATION,BRAKE FLUID,ZF86AB70057GM,BRAKE FLUID 1/4 LTR DOT3 (Non Petroleum),0.5238095238095238,Personal Repeat Purchase,Top 5 by recency-weighted quantity,13
GADIA SALES CORPORATION,BRAKE PARTS,ZF86AB75887GM,SHOE KIT(INCRIMENTAL ADJ.)15,0.46592775041050905,Personal Repeat Purchase,Top 5 by recency-weighted quantity,14
GADIA SALES CORPORATION,BRAKE PARTS,ZF86AB73837GM,MINOR KIT W/C FR(J56/250),0.45648604269293924,Personal Repeat Purchase,Top 5 by recency-weighted quantity,15
GARUDA AUTOMOTIVES,LUBES,ZF04N216677GM,EP - 90 Gear Fluid 26 ltr,0.938,Cross-State Trending,Majority-share in Rajasthan,1
GARUDA AUTOMOTIVES,LUBES,ZF04N438637GM,ENGINE OIL BOTTLE 20W40 (4T),0.878,Cross-State Trending,Majority-share in Rajasthan,2
GARUDA AUTOMOTIVES,LUBES,ZF04N445957GM,Engine Oil 2W 20W40 4T,0.852,Cross-State Trending,Majority-share in Rajasthan,3
GARUDA AUTOMOTIVES,LUBES,ZF04N187507GM,EP - 90 Gear Fluid 500 ml,0.749,Cross-State Trending,Majority-share in Punjab,4
GARUDA AUTOMOTIVES,BRAKE PARTS,ZF04L707227GM,Shoe Kit M_HAWK / Safari,0.605,Cross-State Trending,Majority-share in Assam,5
GARUDA AUTOMOTIVES,AC GAS,ZF04N260123AC,R134A GAS CAN,0.602,Cross-State Trending,Majority-share in Haryana,6
GARUDA AUTOMOTIVES,BRAKE PARTS,ZF047126167GM,CALIPER ASSEMBLY RH (H43/2),0.585,Cross-State Trending,Majority-share in Punjab,7
GARUDA AUTOMOTIVES,BRAKE PARTS,ZF047126127GM,CALIPER ASSEMBLY LH (R)(H42/2),0.57,Cross-State Trending,Majority-share in Punjab,8
GARUDA AUTOMOTIVES,LUBES,ZF04N65848AST,2W ENGINE OIL BOTTLE 20W40 (4T) (900 ml),0.54,Cross-State Trending,Majority-share in Rajasthan,9
GARUDA AUTOMOTIVES,EMS,ZF04N261775IC,IGNITION COIL,0.51,Cross-State Trending,Majority-share in Maharashtra,10
GARUDA AUTOMOTIVES,BRAKE FLUID,ZF86AB70057GM,BRAKE FLUID 1/4 LTR DOT3 (Non Petroleum),1.0,Personal Repeat Purchase,Top 5 by recency-weighted quantity,11
GARUDA AUTOMOTIVES,BRAKE FLUID,ZF86AB70087GM,BRAKE FLUID 1/2 Lt DOT4 (Non Petroleum),0.9216738197424893,Personal Repeat Purchase,Top 5 by recency-weighted quantity,12
GARUDA AUTOMOTIVES,BRAKE FLUID,ZF86AB70047GM,BRAKE FLUID 1/2 Lt DOT3 (Non Petroleum),0.8369098712446352,Personal Repeat Purchase,Top 5 by recency-weighted quantity,13
GARUDA AUTOMOTIVES,BRAKE FLUID,ZF86AB70097GM,BRAKE FLUID 1/4 Lt  DOT4 (Non Petroleum),0.7778969957081545,Personal Repeat Purchase,Top 5 by recency-weighted quantity,14
GARUDA AUTOMOTIVES,OTHERS,ZF04L952157GM,POWER STEERING OIL BOTTLE(500ml),0.7489270386266095,Personal Repeat Purchase,Top 5 by recency-weighted quantity,15
GAYATRY AUTO CORPORATION,LUBES,ZF04N216677GM,EP - 90 Gear Fluid 26 ltr,0.938,Cross-State Trending,Majority-share in Rajasthan,1
GAYATRY AUTO CORPORATION,LUBES,ZF04N438657GM,2W ENGINE OIL BOTTLE 10W30 (4T) (1LTR),0.923,Cross-State Trending,Majority-share in Rajasthan,2
GAYATRY AUTO CORPORATION,LUBES,ZF04N438637GM,ENGINE OIL BOTTLE 20W40 (4T),0.878,Cross-State Trending,Majority-share in Rajasthan,3
GAYATRY AUTO CORPORATION,LUBES,ZF04N445957GM,Engine Oil 2W 20W40 4T,0.852,Cross-State Trending,Majority-share in Rajasthan,4
GAYATRY AUTO CORPORATION,OTHERS,ZF04L927687GM,SHOCK ABS OIL 350ml,0.657,Cross-State Trending,Majority-share in Kerala,5
GAYATRY AUTO CORPORATION,AC GAS,ZF04N260123AC,R134A GAS CAN,0.602,Cross-State Trending,Majority-share in Haryana,6
GAYATRY AUTO CORPORATION,BRAKE PARTS,ZF047126167GM,CALIPER ASSEMBLY RH (H43/2),0.585,Cross-State Trending,Majority-share in Punjab,7
GAYATRY AUTO CORPORATION,BRAKE PARTS,ZF047126127GM,CALIPER ASSEMBLY LH (R)(H42/2),0.57,Cross-State Trending,Majority-share in Punjab,8
GAYATRY AUTO CORPORATION,LUBES,ZF04N65848AST,2W ENGINE OIL BOTTLE 20W40 (4T) (900 ml),0.54,Cross-State Trending,Majority-share in Rajasthan,9
GAYATRY AUTO CORPORATION,BRAKE PARTS,ZF86AB71457GM,PAD WINGER NEW (NEW)(I31/8),0.515,Cross-State Trending,Majority-share in Assam,10
GAYATRY AUTO CORPORATION,BRAKE FLUID,ZF86AB70057GM,BRAKE FLUID 1/4 LTR DOT3 (Non Petroleum),1.0,Personal Repeat Purchase,Top 5 by recency-weighted quantity,11
GAYATRY AUTO CORPORATION,BRAKE FLUID,ZF86AB70097GM,BRAKE FLUID 1/4 Lt  DOT4 (Non Petroleum),0.8,Personal Repeat Purchase,Top 5 by recency-weighted quantity,12
GAYATRY AUTO CORPORATION,BRAKE PARTS,ZF043185987GM,W/C  ASSY(15.87)(K14/100),0.7889655172413793,Personal Repeat Purchase,Top 5 by recency-weighted quantity,13
GAYATRY AUTO CORPORATION,OTHERS,ZF04L952157GM,POWER STEERING OIL BOTTLE(500ml),0.783448275862069,Personal Repeat Purchase,Top 5 by recency-weighted quantity,14
GAYATRY AUTO CORPORATION,BRAKE PARTS,ZF86AB75897GM,SHOE KIT(12),0.7372413793103448,Personal Repeat Purchase,Top 5 by recency-weighted quantity,15
GLOBAL TRADERS,LUBES,ZF04N216677GM,EP - 90 Gear Fluid 26 ltr,0.938,Cross-State Trending,Majority-share in Rajasthan,1
GLOBAL TRADERS,LUBES,ZF04N438637GM,ENGINE OIL BOTTLE 20W40 (4T),0.878,Cross-State Trending,Majority-share in Rajasthan,2
GLOBAL TRADERS,LUBES,ZF04N445957GM,Engine Oil 2W 20W40 4T,0.852,Cross-State Trending,Majority-share in Rajasthan,3
GLOBAL TRADERS,LUBES,ZF04N187507GM,EP - 90 Gear Fluid 500 ml,0.749,Cross-State Trending,Majority-share in Punjab,4
GLOBAL TRADERS,BRAKE PARTS,ZF04L707227GM,Shoe Kit M_HAWK / Safari,0.605,Cross-State Trending,Majority-share in Assam,5
GLOBAL TRADERS,AC GAS,ZF04N260123AC,R134A GAS CAN,0.602,Cross-State Trending,Majority-share in Haryana,6
GLOBAL TRADERS,BRAKE PARTS,ZF047126167GM,CALIPER ASSEMBLY RH (H43/2),0.585,Cross-State Trending,Majority-share in Punjab,7
GLOBAL TRADERS,BRAKE PARTS,ZF047126127GM,CALIPER ASSEMBLY LH (R)(H42/2),0.57,Cross-State Trending,Majority-share in Punjab,8
GLOBAL TRADERS,LUBES,ZF04N65848AST,2W ENGINE OIL BOTTLE 20W40 (4T) (900 ml),0.54,Cross-State Trending,Majority-share in Rajasthan,9
GLOBAL TRADERS,BRAKE PARTS,ZF86AB71457GM,PAD WINGER NEW (NEW)(I31/8),0.515,Cross-State Trending,Majority-share in Assam,10
GLOBAL TRADERS,BRAKE FLUID,ZF86AB70057GM,BRAKE FLUID 1/4 LTR DOT3 (Non Petroleum),1.0,Personal Repeat Purchase,Top 5 by recency-weighted quantity,11
GLOBAL TRADERS,BRAKE PARTS,ZF04N229207GM,Shoes Assy W/O Spring,0.7181697612732095,Personal Repeat Purchase,Top 5 by recency-weighted quantity,12
GLOBAL TRADERS,BRAKE PARTS,ZF86AB73837GM,MINOR KIT W/C FR(J56/250),0.6538461538461539,Personal Repeat Purchase,Top 5 by recency-weighted quantity,13
GLOBAL TRADERS,BRAKE PARTS,ZF86AB73627GM,SHOE KIT LH (A.A.),0.35809018567639256,Personal Repeat Purchase,Top 5 by recency-weighted quantity,14
GLOBAL TRADERS,BRAKE PARTS,ZF86AB73637GM,SHOE KIT FRONT (A.A.),0.34814323607427056,Personal Repeat Purchase,Top 5 by recency-weighted quantity,15
GMC MARKETING,LUBES,ZF04N216677GM,EP - 90 Gear Fluid 26 ltr,0.938,Cross-State Trending,Majority-share in Rajasthan,1
GMC MARKETING,LUBES,ZF04N438657GM,2W ENGINE OIL BOTTLE 10W30 (4T) (1LTR),0.923,Cross-State Trending,Majority-share in Rajasthan,2
GMC MARKETING,LUBES,ZF04N438637GM,ENGINE OIL BOTTLE 20W40 (4T),0.878,Cross-State Trending,Majority-share in Rajasthan,3
GMC MARKETING,LUBES,ZF04N445957GM,Engine Oil 2W 20W40 4T,0.852,Cross-State Trending,Majority-share in Rajasthan,4
GMC MARKETING,LUBES,ZF047979327GM,RADIATOR COOLANT 1 LTR. (Antifreeze),0.794,Cross-State Trending,Majority-share in Jammu and Kashmir,5
GMC MARKETING,BRAKE PARTS,ZF04L707227GM,Shoe Kit M_HAWK / Safari,0.605,Cross-State Trending,Majority-share in Assam,6
GMC MARKETING,AC GAS,ZF04N260123AC,R134A GAS CAN,0.602,Cross-State Trending,Majority-share in Haryana,7
GMC MARKETING,BRAKE PARTS,ZF047126167GM,CALIPER ASSEMBLY RH (H43/2),0.585,Cross-State Trending,Majority-share in Punjab,8
GMC MARKETING,BRAKE PARTS,ZF047126127GM,CALIPER ASSEMBLY LH (R)(H42/2),0.57,Cross-State Trending,Majority-share in Punjab,9
GMC MARKETING,LUBES,ZF04N65848AST,2W ENGINE OIL BOTTLE 20W40 (4T) (900 ml),0.54,Cross-State Trending,Majority-share in Rajasthan,10
GMC MARKETING,BRAKE FLUID,ZF86AB70057GM,BRAKE FLUID 1/4 LTR DOT3 (Non Petroleum),1.0,Personal Repeat Purchase,Top 5 by recency-weighted quantity,11
GMC MARKETING,BRAKE PARTS,ZF86AB77527GM,SHOE KIT,0.6925105485232067,Personal Repeat Purchase,Top 5 by recency-weighted quantity,12
GMC MARKETING,BRAKE PARTS,ZF043185987GM,W/C  ASSY(15.87)(K14/100),0.45042194092827004,Personal Repeat Purchase,Top 5 by recency-weighted quantity,13
GMC MARKETING,BRAKE FLUID,ZF86AB70007GM,BRAKE FLUID 100ml DOT3 (Non Petroleum),0.39767932489451474,Personal Repeat Purchase,Top 5 by recency-weighted quantity,14
GMC MARKETING,BRAKE FLUID,ZF86AB70097GM,BRAKE FLUID 1/4 Lt  DOT4 (Non Petroleum),0.37763713080168776,Personal Repeat Purchase,Top 5 by recency-weighted quantity,15
GMC Marketing-Goa,LUBES,ZF04N216677GM,EP - 90 Gear Fluid 26 ltr,0.938,Cross-State Trending,Majority-share in Rajasthan,1
GMC Marketing-Goa,LUBES,ZF04N438657GM,2W ENGINE OIL BOTTLE 10W30 (4T) (1LTR),0.923,Cross-State Trending,Majority-share in Rajasthan,2
GMC Marketing-Goa,LUBES,ZF04N438637GM,ENGINE OIL BOTTLE 20W40 (4T),0.878,Cross-State Trending,Majority-share in Rajasthan,3
GMC Marketing-Goa,LUBES,ZF04N445957GM,Engine Oil 2W 20W40 4T,0.852,Cross-State Trending,Majority-share in Rajasthan,4
GMC Marketing-Goa,LUBES,ZF04N187507GM,EP - 90 Gear Fluid 500 ml,0.749,Cross-State Trending,Majority-share in Punjab,5
GMC Marketing-Goa,OTHERS,ZF04L927687GM,SHOCK ABS OIL 350ml,0.657,Cross-State Trending,Majority-share in Kerala,6
GMC Marketing-Goa,BRAKE PARTS,ZF04L707227GM,Shoe Kit M_HAWK / Safari,0.605,Cross-State Trending,Majority-share in Assam,7
GMC Marketing-Goa,BRAKE PARTS,ZF047126167GM,CALIPER ASSEMBLY RH (H43/2),0.585,Cross-State Trending,Majority-share in Punjab,8
GMC Marketing-Goa,BRAKE PARTS,ZF047126127GM,CALIPER ASSEMBLY LH (R)(H42/2),0.57,Cross-State Trending,Majority-share in Punjab,9
GMC Marketing-Goa,LUBES,ZF04N65848AST,2W ENGINE OIL BOTTLE 20W40 (4T) (900 ml),0.54,Cross-State Trending,Majority-share in Rajasthan,10
GMC Marketing-Goa,AC GAS,ZF04N260123AC,R134A GAS CAN,1.0,Personal Repeat Purchase,Top 5 by recency-weighted quantity,11
GMC Marketing-Goa,BRAKE FLUID,ZF04L708617GM,BRAKE FLUID 100 ml  DOT4 (Non Petroleum),1.0,Personal Repeat Purchase,Top 5 by recency-weighted quantity,12
GMC Marketing-Goa,BRAKE FLUID,ZF86AB70007GM,BRAKE FLUID 100ml DOT3 (Non Petroleum),1.0,Personal Repeat Purchase,Top 5 by recency-weighted quantity,13
GMC Marketing-Goa,BRAKE PARTS,ZF043185987GM,W/C  ASSY(15.87)(K14/100),0.7333333333333333,Personal Repeat Purchase,Top 5 by recency-weighted quantity,14
GMC Marketing-Goa,BRAKE PARTS,ZF86AB75887GM,SHOE KIT(INCRIMENTAL ADJ.)15,0.55,Personal Repeat Purchase,Top 5 by recency-weighted quantity,15
Gagan Automobiles,LUBES,ZF04N216677GM,EP - 90 Gear Fluid 26 ltr,0.938,Cross-State Trending,Majority-share in Rajasthan,1
Gagan Automobiles,LUBES,ZF04N438637GM,ENGINE OIL BOTTLE 20W40 (4T),0.878,Cross-State Trending,Majority-share in Rajasthan,2
Gagan Automobiles,LUBES,ZF04N445957GM,Engine Oil 2W 20W40 4T,0.852,Cross-State Trending,Majority-share in Rajasthan,3
Gagan Automobiles,LUBES,ZF04N187507GM,EP - 90 Gear Fluid 500 ml,0.749,Cross-State Trending,Majority-share in Punjab,4
Gagan Automobiles,BRAKE PARTS,ZF04L707227GM,Shoe Kit M_HAWK / Safari,0.605,Cross-State Trending,Majority-share in Assam,5
Gagan Automobiles,AC GAS,ZF04N260123AC,R134A GAS CAN,0.602,Cross-State Trending,Majority-share in Haryana,6
Gagan Automobiles,BRAKE PARTS,ZF047126167GM,CALIPER ASSEMBLY RH (H43/2),0.585,Cross-State Trending,Majority-share in Punjab,7
Gagan Automobiles,BRAKE PARTS,ZF047126127GM,CALIPER ASSEMBLY LH (R)(H42/2),0.57,Cross-State Trending,Majority-share in Punjab,8
Gagan Automobiles,BRAKE PARTS,ZF04L688207GM,"PAD KIT,  Frt",0.549,Cross-State Trending,Majority-share in Gujarat,9
Gagan Automobiles,EMS,ZF04N261775IC,IGNITION COIL,0.51,Cross-State Trending,Majority-share in Maharashtra,10
Gagan Automobiles,LUBES,ZF04N65832AST,GREEN COOLANT BOTTLE (1 LTR),1.0,Personal Repeat Purchase,Top 5 by recency-weighted quantity,11
Gagan Automobiles,OTHERS,ZF04L952157GM,POWER STEERING OIL BOTTLE(500ml),0.7586206896551724,Personal Repeat Purchase,Top 5 by recency-weighted quantity,12
Gagan Automobiles,BRAKE FLUID,ZF86AB70057GM,BRAKE FLUID 1/4 LTR DOT3 (Non Petroleum),0.6,Personal Repeat Purchase,Top 5 by recency-weighted quantity,13
Gagan Automobiles,LUBES,ZF04N528967GM,3W ENGINE OIL 15W40 CH4 (1 LTR),0.6,Personal Repeat Purchase,Top 5 by recency-weighted quantity,14
Gagan Automobiles,BRAKE PARTS,ZF04L82030KIT,MINOR KIT (Only Seals),0.4862068965517241,Personal Repeat Purchase,Top 5 by recency-weighted quantity,15
Globe Auto Line,LUBES,ZF04N216677GM,EP - 90 Gear Fluid 26 ltr,0.938,Cross-State Trending,Majority-share in Rajasthan,1
Globe Auto Line,LUBES,ZF04N438657GM,2W ENGINE OIL BOTTLE 10W30 (4T) (1LTR),0.923,Cross-State Trending,Majority-share in Rajasthan,2
Globe Auto Line,LUBES,ZF04N438637GM,ENGINE OIL BOTTLE 20W40 (4T),0.878,Cross-State Trending,Majority-share in Rajasthan,3
Globe Auto Line,LUBES,ZF04N445957GM,Engine Oil 2W 20W40 4T,0.852,Cross-State Trending,Majority-share in Rajasthan,4
Globe Auto Line,OTHERS,ZF04L927687GM,SHOCK ABS OIL 350ml,0.657,Cross-State Trending,Majority-share in Kerala,5
Globe Auto Line,AC GAS,ZF04N260123AC,R134A GAS CAN,0.602,Cross-State Trending,Majority-share in Haryana,6
Globe Auto Line,BRAKE PARTS,ZF04N129287TG,ROTOR (MAX PASSENGER),0.586,Cross-State Trending,Majority-share in Telangana,7
Globe Auto Line,LUBES,ZF04N65848AST,2W ENGINE OIL BOTTLE 20W40 (4T) (900 ml),0.54,Cross-State Trending,Majority-share in Rajasthan,8
Globe Auto Line,SUSPENSION,ZF04N330985SK,SHOCK ABSORBER  FORTU_NER RR/ RL,0.516,Cross-State Trending,Majority-share in Maharashtra,9
Globe Auto Line,BRAKE PARTS,ZF86AB71457GM,PAD WINGER NEW (NEW)(I31/8),0.515,Cross-State Trending,Majority-share in Assam,10
Globe Auto Line,OTHERS,ZF04L952157GM,POWER STEERING OIL BOTTLE(500ml),1.0,Personal Repeat Purchase,Top 5 by recency-weighted quantity,11
Globe Auto Line,BRAKE PARTS,ZF043185987GM,W/C  ASSY(15.87)(K14/100),0.9179235356015433,Personal Repeat Purchase,Top 5 by recency-weighted quantity,12
Globe Auto Line,BRAKE FLUID,ZF86AB70057GM,BRAKE FLUID 1/4 LTR DOT3 (Non Petroleum),0.8621536303051561,Personal Repeat Purchase,Top 5 by recency-weighted quantity,13
Globe Auto Line,BRAKE PARTS,ZF86AB75097GM,MINOR KIT W/C FRT.(J77/500),0.7050157839354613,Personal Repeat Purchase,Top 5 by recency-weighted quantity,14
Globe Auto Line,BRAKE PARTS,ZF04L768967GM,"SHOE KIT WITH HBL, OMNI UPG.",0.7032620133286566,Personal Repeat Purchase,Top 5 by recency-weighted quantity,15
Globe Auto Lines,LUBES,ZF04N216677GM,EP - 90 Gear Fluid 26 ltr,0.938,Cross-State Trending,Majority-share in Rajasthan,1
Globe Auto Lines,LUBES,ZF04N438637GM,ENGINE OIL BOTTLE 20W40 (4T),0.878,Cross-State Trending,Majority-share in Rajasthan,2
Globe Auto Lines,LUBES,ZF04N445957GM,Engine Oil 2W 20W40 4T,0.852,Cross-State Trending,Majority-share in Rajasthan,3
Globe Auto Lines,LUBES,ZF04N187507GM,EP - 90 Gear Fluid 500 ml,0.749,Cross-State Trending,Majority-share in Punjab,4
Globe Auto Lines,BRAKE PARTS,ZF04L707227GM,Shoe Kit M_HAWK / Safari,0.605,Cross-State Trending,Majority-share in Assam,5
Globe Auto Lines,AC GAS,ZF04N260123AC,R134A GAS CAN,0.602,Cross-State Trending,Majority-share in Haryana,6
Globe Auto Lines,BRAKE PARTS,ZF047126167GM,CALIPER ASSEMBLY RH (H43/2),0.585,Cross-State Trending,Majority-share in Punjab,7
Globe Auto Lines,BRAKE PARTS,ZF047126127GM,CALIPER ASSEMBLY LH (R)(H42/2),0.57,Cross-State Trending,Majority-share in Punjab,8
Globe Auto Lines,LUBES,ZF04N65848AST,2W ENGINE OIL BOTTLE 20W40 (4T) (900 ml),0.54,Cross-State Trending,Majority-share in Rajasthan,9
Globe Auto Lines,EMS,ZF04N261775IC,IGNITION COIL,0.51,Cross-State Trending,Majority-share in Maharashtra,10
Globe Auto Lines,BRAKE FLUID,ZF86AB70057GM,BRAKE FLUID 1/4 LTR DOT3 (Non Petroleum),1.0,Personal Repeat Purchase,Top 5 by recency-weighted quantity,11
Globe Auto Lines,BRAKE FLUID,ZF86AB70097GM,BRAKE FLUID 1/4 Lt  DOT4 (Non Petroleum),0.9130434782608695,Personal Repeat Purchase,Top 5 by recency-weighted quantity,12
Globe Auto Lines,BRAKE FLUID,ZF86AB70007GM,BRAKE FLUID 100ml DOT3 (Non Petroleum),0.6596701649175413,Personal Repeat Purchase,Top 5 by recency-weighted quantity,13
Globe Auto Lines,OTHERS,ZF04L952167GM,POWER STEERING FLUID 1 Ltr,0.3823088455772114,Personal Repeat Purchase,Top 5 by recency-weighted quantity,14
Globe Auto Lines,BRAKE PARTS,ZF86AB73837GM,MINOR KIT W/C FR(J56/250),0.3058470764617691,Personal Repeat Purchase,Top 5 by recency-weighted quantity,15
Goa Motors,LUBES,ZF04N216677GM,EP - 90 Gear Fluid 26 ltr,0.938,Cross-State Trending,Majority-share in Rajasthan,1
Goa Motors,LUBES,ZF04N438637GM,ENGINE OIL BOTTLE 20W40 (4T),0.878,Cross-State Trending,Majority-share in Rajasthan,2
Goa Motors,LUBES,ZF04N445957GM,Engine Oil 2W 20W40 4T,0.852,Cross-State Trending,Majority-share in Rajasthan,3
Goa Motors,LUBES,ZF04N187507GM,EP - 90 Gear Fluid 500 ml,0.749,Cross-State Trending,Majority-share in Punjab,4
Goa Motors,AC GAS,ZF04N260123AC,R134A GAS CAN,0.602,Cross-State Trending,Majority-share in Haryana,5
Goa Motors,BRAKE PARTS,ZF047126167GM,CALIPER ASSEMBLY RH (H43/2),0.585,Cross-State Trending,Majority-share in Punjab,6
Goa Motors,BRAKE PARTS,ZF047126127GM,CALIPER ASSEMBLY LH (R)(H42/2),0.57,Cross-State Trending,Majority-share in Punjab,7
Goa Motors,BRAKE PARTS,ZF04L688207GM,"PAD KIT,  Frt",0.549,Cross-State Trending,Majority-share in Gujarat,8
Goa Motors,LUBES,ZF04N65848AST,2W ENGINE OIL BOTTLE 20W40 (4T) (900 ml),0.54,Cross-State Trending,Majority-share in Rajasthan,9
Goa Motors,EMS,ZF04N261775IC,IGNITION COIL,0.51,Cross-State Trending,Majority-share in Maharashtra,10
Goa Motors,BRAKE PARTS,ZF047138407GM,"W/C ASSLY RR, Ø 15.87MM",1.0,Personal Repeat Purchase,Top 5 by recency-weighted quantity,11
Goa Motors,BRAKE PARTS,ZF86AB75097GM,MINOR KIT W/C FRT.(J77/500),1.0,Personal Repeat Purchase,Top 5 by recency-weighted quantity,12
Goa Motors,BRAKE FLUID,ZF86AB70097GM,BRAKE FLUID 1/4 Lt  DOT4 (Non Petroleum),0.9066666666666666,Personal Repeat Purchase,Top 5 by recency-weighted quantity,13
Goa Motors,BRAKE PARTS,ZF043185987GM,W/C  ASSY(15.87)(K14/100),0.8333333333333334,Personal Repeat Purchase,Top 5 by recency-weighted quantity,14
Goa Motors,BRAKE PARTS,ZF86AB75887GM,SHOE KIT(INCRIMENTAL ADJ.)15,0.7166666666666667,Personal Repeat Purchase,Top 5 by recency-weighted quantity,15
Hari Shankar Automobile,LUBES,ZF04N216677GM,EP - 90 Gear Fluid 26 ltr,0.938,Cross-State Trending,Majority-share in Rajasthan,1
Hari Shankar Automobile,LUBES,ZF04N438637GM,ENGINE OIL BOTTLE 20W40 (4T),0.878,Cross-State Trending,Majority-share in Rajasthan,2
Hari Shankar Automobile,LUBES,ZF04N445957GM,Engine Oil 2W 20W40 4T,0.852,Cross-State Trending,Majority-share in Rajasthan,3
Hari Shankar Automobile,LUBES,ZF04N187507GM,EP - 90 Gear Fluid 500 ml,0.749,Cross-State Trending,Majority-share in Punjab,4
Hari Shankar Automobile,AC GAS,ZF04N260123AC,R134A GAS CAN,0.602,Cross-State Trending,Majority-share in Haryana,5
Hari Shankar Automobile,BRAKE PARTS,ZF047126167GM,CALIPER ASSEMBLY RH (H43/2),0.585,Cross-State Trending,Majority-share in Punjab,6
Hari Shankar Automobile,BRAKE PARTS,ZF047126127GM,CALIPER ASSEMBLY LH (R)(H42/2),0.57,Cross-State Trending,Majority-share in Punjab,7
Hari Shankar Automobile,BRAKE PARTS,ZF04L688207GM,"PAD KIT,  Frt",0.549,Cross-State Trending,Majority-share in Gujarat,8
Hari Shankar Automobile,LUBES,ZF04N65848AST,2W ENGINE OIL BOTTLE 20W40 (4T) (900 ml),0.54,Cross-State Trending,Majority-share in Rajasthan,9
Hari Shankar Automobile,EMS,ZF04N261775IC,IGNITION COIL,0.51,Cross-State Trending,Majority-share in Maharashtra,10
Hari Shankar Automobile,BRAKE PARTS,ZF043186027GM,WC ASSLY PVPL RR(K17/40),1.0,Personal Repeat Purchase,Top 5 by recency-weighted quantity,11
Hari Shankar Automobile,BRAKE PARTS,ZF86AB77527GM,SHOE KIT,0.7696601941747573,Personal Repeat Purchase,Top 5 by recency-weighted quantity,12
Hari Shankar Automobile,BRAKE PARTS,ZF04L69678KIT,"TMC ASSLY WITH RESERVOIR, PVPL APE501",0.6786407766990291,Personal Repeat Purchase,Top 5 by recency-weighted quantity,13
Hari Shankar Automobile,BRAKE PARTS,ZF86AB73817GM,MINOR KIT W/C FR(J54/250),0.6757281553398058,Personal Repeat Purchase,Top 5 by recency-weighted quantity,14
Hari Shankar Automobile,BRAKE PARTS,ZF04L71188KIT,MINOR KIT TMC PIAGGIO,0.6223300970873786,Personal Repeat Purchase,Top 5 by recency-weighted quantity,15
IMPERIAL  MOTOR  STORES,LUBES,ZF04N216677GM,EP - 90 Gear Fluid 26 ltr,0.938,Cross-State Trending,Majority-share in Rajasthan,1
IMPERIAL  MOTOR  STORES,LUBES,ZF04N438637GM,ENGINE OIL BOTTLE 20W40 (4T),0.878,Cross-State Trending,Majority-share in Rajasthan,2
IMPERIAL  MOTOR  STORES,LUBES,ZF04N445957GM,Engine Oil 2W 20W40 4T,0.852,Cross-State Trending,Majority-share in Rajasthan,3
IMPERIAL  MOTOR  STORES,LUBES,ZF04N187507GM,EP - 90 Gear Fluid 500 ml,0.749,Cross-State Trending,Majority-share in Punjab,4
IMPERIAL  MOTOR  STORES,OTHERS,ZF04L927687GM,SHOCK ABS OIL 350ml,0.657,Cross-State Trending,Majority-share in Kerala,5
IMPERIAL  MOTOR  STORES,BRAKE PARTS,ZF04L707227GM,Shoe Kit M_HAWK / Safari,0.605,Cross-State Trending,Majority-share in Assam,6
IMPERIAL  MOTOR  STORES,AC GAS,ZF04N260123AC,R134A GAS CAN,0.602,Cross-State Trending,Majority-share in Haryana,7
IMPERIAL  MOTOR  STORES,BRAKE PARTS,ZF047126167GM,CALIPER ASSEMBLY RH (H43/2),0.585,Cross-State Trending,Majority-share in Punjab,8
IMPERIAL  MOTOR  STORES,BRAKE PARTS,ZF047126127GM,CALIPER ASSEMBLY LH (R)(H42/2),0.57,Cross-State Trending,Majority-share in Punjab,9
IMPERIAL  MOTOR  STORES,LUBES,ZF04N65848AST,2W ENGINE OIL BOTTLE 20W40 (4T) (900 ml),0.54,Cross-State Trending,Majority-share in Rajasthan,10
IMPERIAL  MOTOR  STORES,BRAKE FLUID,ZF86AB70097GM,BRAKE FLUID 1/4 Lt  DOT4 (Non Petroleum),1.0,Personal Repeat Purchase,Top 5 by recency-weighted quantity,11
IMPERIAL  MOTOR  STORES,BRAKE FLUID,ZF86AB70057GM,BRAKE FLUID 1/4 LTR DOT3 (Non Petroleum),0.8862745098039215,Personal Repeat Purchase,Top 5 by recency-weighted quantity,12
IMPERIAL  MOTOR  STORES,BRAKE FLUID,ZF86AB70007GM,BRAKE FLUID 100ml DOT3 (Non Petroleum),0.8009803921568628,Personal Repeat Purchase,Top 5 by recency-weighted quantity,13
IMPERIAL  MOTOR  STORES,BRAKE FLUID,ZF04L708617GM,BRAKE FLUID 100 ml  DOT4 (Non Petroleum),0.6588235294117647,Personal Repeat Purchase,Top 5 by recency-weighted quantity,14
IMPERIAL  MOTOR  STORES,LUBES,ZF04N65832AST,GREEN COOLANT BOTTLE (1 LTR),0.5752450980392156,Personal Repeat Purchase,Top 5 by recency-weighted quantity,15
J D Enterprises,LUBES,ZF04N216677GM,EP - 90 Gear Fluid 26 ltr,0.938,Cross-State Trending,Majority-share in Rajasthan,1
J D Enterprises,LUBES,ZF04N445957GM,Engine Oil 2W 20W40 4T,0.852,Cross-State Trending,Majority-share in Rajasthan,2
J D Enterprises,LUBES,ZF04N187507GM,EP - 90 Gear Fluid 500 ml,0.749,Cross-State Trending,Majority-share in Punjab,3
J D Enterprises,BRAKE PARTS,ZF04L707227GM,Shoe Kit M_HAWK / Safari,0.605,Cross-State Trending,Majority-share in Assam,4
J D Enterprises,AC GAS,ZF04N260123AC,R134A GAS CAN,0.602,Cross-State Trending,Majority-share in Haryana,5
J D Enterprises,BRAKE PARTS,ZF047126167GM,CALIPER ASSEMBLY RH (H43/2),0.585,Cross-State Trending,Majority-share in Punjab,6
J D Enterprises,BRAKE PARTS,ZF047126127GM,CALIPER ASSEMBLY LH (R)(H42/2),0.57,Cross-State Trending,Majority-share in Punjab,7
J D Enterprises,BRAKE PARTS,ZF04L688207GM,"PAD KIT,  Frt",0.549,Cross-State Trending,Majority-share in Gujarat,8
J D Enterprises,LUBES,ZF04N65848AST,2W ENGINE OIL BOTTLE 20W40 (4T) (900 ml),0.54,Cross-State Trending,Majority-share in Rajasthan,9
J D Enterprises,EMS,ZF04N261775IC,IGNITION COIL,0.51,Cross-State Trending,Majority-share in Maharashtra,10
J D Enterprises,BRAKE FLUID,ZF86AB70057GM,BRAKE FLUID 1/4 LTR DOT3 (Non Petroleum),1.0,Personal Repeat Purchase,Top 5 by recency-weighted quantity,11
J D Enterprises,LUBES,ZF04N52895KIT,3W ENGINE OIL 15W40 CH4 (500 ml),0.8571428571428571,Personal Repeat Purchase,Top 5 by recency-weighted quantity,12
J D Enterprises,BRAKE FLUID,ZF86AB70007GM,BRAKE FLUID 100ml DOT3 (Non Petroleum),0.7857142857142857,Personal Repeat Purchase,Top 5 by recency-weighted quantity,13
J D Enterprises,OTHERS,ZF04L952157GM,POWER STEERING OIL BOTTLE(500ml),0.6428571428571429,Personal Repeat Purchase,Top 5 by recency-weighted quantity,14
J D Enterprises,BRAKE FLUID,ZF04L708617GM,BRAKE FLUID 100 ml  DOT4 (Non Petroleum),0.6133004926108374,Personal Repeat Purchase,Top 5 by recency-weighted quantity,15
JAGADAMBA AUTO PRIVATE LIMITED,LUBES,ZF04N216677GM,EP - 90 Gear Fluid 26 ltr,0.938,Cross-State Trending,Majority-share in Rajasthan,1
JAGADAMBA AUTO PRIVATE LIMITED,LUBES,ZF04N438637GM,ENGINE OIL BOTTLE 20W40 (4T),0.878,Cross-State Trending,Majority-share in Rajasthan,2
JAGADAMBA AUTO PRIVATE LIMITED,LUBES,ZF04N445957GM,Engine Oil 2W 20W40 4T,0.852,Cross-State Trending,Majority-share in Rajasthan,3
JAGADAMBA AUTO PRIVATE LIMITED,LUBES,ZF04N187507GM,EP - 90 Gear Fluid 500 ml,0.749,Cross-State Trending,Majority-share in Punjab,4
JAGADAMBA AUTO PRIVATE LIMITED,AC GAS,ZF04N260123AC,R134A GAS CAN,0.602,Cross-State Trending,Majority-share in Haryana,5
JAGADAMBA AUTO PRIVATE LIMITED,BRAKE PARTS,ZF047126167GM,CALIPER ASSEMBLY RH (H43/2),0.585,Cross-State Trending,Majority-share in Punjab,6
JAGADAMBA AUTO PRIVATE LIMITED,BRAKE PARTS,ZF047126127GM,CALIPER ASSEMBLY LH (R)(H42/2),0.57,Cross-State Trending,Majority-share in Punjab,7
JAGADAMBA AUTO PRIVATE LIMITED,BRAKE PARTS,ZF04L688207GM,"PAD KIT,  Frt",0.549,Cross-State Trending,Majority-share in Gujarat,8
JAGADAMBA AUTO PRIVATE LIMITED,LUBES,ZF04N65848AST,2W ENGINE OIL BOTTLE 20W40 (4T) (900 ml),0.54,Cross-State Trending,Majority-share in Rajasthan,9
JAGADAMBA AUTO PRIVATE LIMITED,EMS,ZF04N261775IC,IGNITION COIL,0.51,Cross-State Trending,Majority-share in Maharashtra,10
JAGADAMBA AUTO PRIVATE LIMITED,BRAKE FLUID,ZF86AB70057GM,BRAKE FLUID 1/4 LTR DOT3 (Non Petroleum),1.0,Personal Repeat Purchase,Top 5 by recency-weighted quantity,11
JAGADAMBA AUTO PRIVATE LIMITED,BRAKE FLUID,ZF86AB70007GM,BRAKE FLUID 100ml DOT3 (Non Petroleum),0.7878787878787878,Personal Repeat Purchase,Top 5 by recency-weighted quantity,12
JAGADAMBA AUTO PRIVATE LIMITED,BRAKE PARTS,ZF86AB73627GM,SHOE KIT LH (A.A.),0.5517241379310345,Personal Repeat Purchase,Top 5 by recency-weighted quantity,13
JAGADAMBA AUTO PRIVATE LIMITED,BRAKE PARTS,ZF86AB77527GM,SHOE KIT,0.5214211076280042,Personal Repeat Purchase,Top 5 by recency-weighted quantity,14
JAGADAMBA AUTO PRIVATE LIMITED,BRAKE PARTS,ZF86AB73617GM,SHOE KIT  RH(A.A.),0.48589341692789967,Personal Repeat Purchase,Top 5 by recency-weighted quantity,15
JAI AND SONS PRIVATE LIMITED,LUBES,ZF04N216677GM,EP - 90 Gear Fluid 26 ltr,0.938,Cross-State Trending,Majority-share in Rajasthan,1
JAI AND SONS PRIVATE LIMITED,LUBES,ZF04N438637GM,ENGINE OIL BOTTLE 20W40 (4T),0.878,Cross-State Trending,Majority-share in Rajasthan,2
JAI AND SONS PRIVATE LIMITED,LUBES,ZF04N445957GM,Engine Oil 2W 20W40 4T,0.852,Cross-State Trending,Majority-share in Rajasthan,3
JAI AND SONS PRIVATE LIMITED,LUBES,ZF04N187507GM,EP - 90 Gear Fluid 500 ml,0.749,Cross-State Trending,Majority-share in Punjab,4
JAI AND SONS PRIVATE LIMITED,BRAKE PARTS,ZF04L707227GM,Shoe Kit M_HAWK / Safari,0.605,Cross-State Trending,Majority-share in Assam,5
JAI AND SONS PRIVATE LIMITED,BRAKE PARTS,ZF047126167GM,CALIPER ASSEMBLY RH (H43/2),0.585,Cross-State Trending,Majority-share in Punjab,6
JAI AND SONS PRIVATE LIMITED,BRAKE PARTS,ZF047126127GM,CALIPER ASSEMBLY LH (R)(H42/2),0.57,Cross-State Trending,Majority-share in Punjab,7
JAI AND SONS PRIVATE LIMITED,LUBES,ZF04N65848AST,2W ENGINE OIL BOTTLE 20W40 (4T) (900 ml),0.54,Cross-State Trending,Majority-share in Rajasthan,8
JAI AND SONS PRIVATE LIMITED,BRAKE PARTS,ZF86AB71457GM,PAD WINGER NEW (NEW)(I31/8),0.515,Cross-State Trending,Majority-share in Assam,9
JAI AND SONS PRIVATE LIMITED,EMS,ZF04N261775IC,IGNITION COIL,0.51,Cross-State Trending,Majority-share in Maharashtra,10
JAI AND SONS PRIVATE LIMITED,BRAKE FLUID,ZF86AB70057GM,BRAKE FLUID 1/4 LTR DOT3 (Non Petroleum),1.0,Personal Repeat Purchase,Top 5 by recency-weighted quantity,11
JAI AND SONS PRIVATE LIMITED,AC GAS,ZF04N260123AC,R134A GAS CAN,0.4883720930232558,Personal Repeat Purchase,Top 5 by recency-weighted quantity,12
JAI AND SONS PRIVATE LIMITED,BRAKE FLUID,ZF86AB70007GM,BRAKE FLUID 100ml DOT3 (Non Petroleum),0.3953488372093023,Personal Repeat Purchase,Top 5 by recency-weighted quantity,13
JAI AND SONS PRIVATE LIMITED,BRAKE FLUID,ZF04L708617GM,BRAKE FLUID 100 ml  DOT4 (Non Petroleum),0.37209302325581395,Personal Repeat Purchase,Top 5 by recency-weighted quantity,14
JAI AND SONS PRIVATE LIMITED,LUBES,ZF04N65847AST,2W ENGINE OIL BOTTLE 10W30 (4T) (1 ltr),0.27906976744186046,Personal Repeat Purchase,Top 5 by recency-weighted quantity,15
JAI AND SONS PVT LTD,LUBES,ZF04N216677GM,EP - 90 Gear Fluid 26 ltr,0.938,Cross-State Trending,Majority-share in Rajasthan,1
JAI AND SONS PVT LTD,LUBES,ZF04N438637GM,ENGINE OIL BOTTLE 20W40 (4T),0.878,Cross-State Trending,Majority-share in Rajasthan,2
JAI AND SONS PVT LTD,LUBES,ZF04N445957GM,Engine Oil 2W 20W40 4T,0.852,Cross-State Trending,Majority-share in Rajasthan,3
JAI AND SONS PVT LTD,LUBES,ZF04N187507GM,EP - 90 Gear Fluid 500 ml,0.749,Cross-State Trending,Majority-share in Punjab,4
JAI AND SONS PVT LTD,AC GAS,ZF04N260123AC,R134A GAS CAN,0.602,Cross-State Trending,Majority-share in Haryana,5
JAI AND SONS PVT LTD,BRAKE PARTS,ZF047126167GM,CALIPER ASSEMBLY RH (H43/2),0.585,Cross-State Trending,Majority-share in Punjab,6
JAI AND SONS PVT LTD,BRAKE PARTS,ZF047126127GM,CALIPER ASSEMBLY LH (R)(H42/2),0.57,Cross-State Trending,Majority-share in Punjab,7
JAI AND SONS PVT LTD,BRAKE PARTS,ZF04L688207GM,"PAD KIT,  Frt",0.549,Cross-State Trending,Majority-share in Gujarat,8
JAI AND SONS PVT LTD,LUBES,ZF04N65848AST,2W ENGINE OIL BOTTLE 20W40 (4T) (900 ml),0.54,Cross-State Trending,Majority-share in Rajasthan,9
JAI AND SONS PVT LTD,EMS,ZF04N261775IC,IGNITION COIL,0.51,Cross-State Trending,Majority-share in Maharashtra,10
JAI AND SONS PVT LTD,BRAKE FLUID,ZF86AB70057GM,BRAKE FLUID 1/4 LTR DOT3 (Non Petroleum),1.0,Personal Repeat Purchase,Top 5 by recency-weighted quantity,11
JAI AND SONS PVT LTD,BRAKE FLUID,ZF86AB70007GM,BRAKE FLUID 100ml DOT3 (Non Petroleum),0.9981851179673321,Personal Repeat Purchase,Top 5 by recency-weighted quantity,12
JAI AND SONS PVT LTD,BRAKE FLUID,ZF86AB70097GM,BRAKE FLUID 1/4 Lt  DOT4 (Non Petroleum),0.631578947368421,Personal Repeat Purchase,Top 5 by recency-weighted quantity,13
JAI AND SONS PVT LTD,BRAKE PARTS,ZF86AB77527GM,SHOE KIT,0.588021778584392,Personal Repeat Purchase,Top 5 by recency-weighted quantity,14
JAI AND SONS PVT LTD,BRAKE PARTS,ZF86AB70567GM,SHOE KIT  (1 LEADING- 1 TRAILING),0.5789473684210527,Personal Repeat Purchase,Top 5 by recency-weighted quantity,15
JAI AND SONS PVT LTD (DIV - JAI MOT,LUBES,ZF04N216677GM,EP - 90 Gear Fluid 26 ltr,0.938,Cross-State Trending,Majority-share in Rajasthan,1
JAI AND SONS PVT LTD (DIV - JAI MOT,LUBES,ZF04N438637GM,ENGINE OIL BOTTLE 20W40 (4T),0.878,Cross-State Trending,Majority-share in Rajasthan,2
JAI AND SONS PVT LTD (DIV - JAI MOT,LUBES,ZF04N445957GM,Engine Oil 2W 20W40 4T,0.852,Cross-State Trending,Majority-share in Rajasthan,3
JAI AND SONS PVT LTD (DIV - JAI MOT,LUBES,ZF04N187507GM,EP - 90 Gear Fluid 500 ml,0.749,Cross-State Trending,Majority-share in Punjab,4
JAI AND SONS PVT LTD (DIV - JAI MOT,BRAKE PARTS,ZF04L707227GM,Shoe Kit M_HAWK / Safari,0.605,Cross-State Trending,Majority-share in Assam,5
JAI AND SONS PVT LTD (DIV - JAI MOT,AC GAS,ZF04N260123AC,R134A GAS CAN,0.602,Cross-State Trending,Majority-share in Haryana,6
JAI AND SONS PVT LTD (DIV - JAI MOT,BRAKE PARTS,ZF047126167GM,CALIPER ASSEMBLY RH (H43/2),0.585,Cross-State Trending,Majority-share in Punjab,7
JAI AND SONS PVT LTD (DIV - JAI MOT,BRAKE PARTS,ZF047126127GM,CALIPER ASSEMBLY LH (R)(H42/2),0.57,Cross-State Trending,Majority-share in Punjab,8
JAI AND SONS PVT LTD (DIV - JAI MOT,LUBES,ZF04N65848AST,2W ENGINE OIL BOTTLE 20W40 (4T) (900 ml),0.54,Cross-State Trending,Majority-share in Rajasthan,9
JAI AND SONS PVT LTD (DIV - JAI MOT,EMS,ZF04N261775IC,IGNITION COIL,0.51,Cross-State Trending,Majority-share in Maharashtra,10
JAI AND SONS PVT LTD (DIV - JAI MOT,BRAKE PARTS,ZF86AB77527GM,SHOE KIT,1.0,Personal Repeat Purchase,Top 5 by recency-weighted quantity,11
JAI AND SONS PVT LTD (DIV - JAI MOT,BRAKE PARTS,ZF86AB73617GM,SHOE KIT  RH(A.A.),0.8193776878320264,Personal Repeat Purchase,Top 5 by recency-weighted quantity,12
JAI AND SONS PVT LTD (DIV - JAI MOT,BRAKE PARTS,ZF86AB73627GM,SHOE KIT LH (A.A.),0.7912134244034067,Personal Repeat Purchase,Top 5 by recency-weighted quantity,13
JAI AND SONS PVT LTD (DIV - JAI MOT,BRAKE PARTS,ZF86AB73837GM,MINOR KIT W/C FR(J56/250),0.7238384349439244,Personal Repeat Purchase,Top 5 by recency-weighted quantity,14
JAI AND SONS PVT LTD (DIV - JAI MOT,BRAKE FLUID,ZF86AB70057GM,BRAKE FLUID 1/4 LTR DOT3 (Non Petroleum),0.6651488321106332,Personal Repeat Purchase,Top 5 by recency-weighted quantity,15
JAI MITHILA AUTOMOBILES,LUBES,ZF04N216677GM,EP - 90 Gear Fluid 26 ltr,0.938,Cross-State Trending,Majority-share in Rajasthan,1
JAI MITHILA AUTOMOBILES,LUBES,ZF04N438637GM,ENGINE OIL BOTTLE 20W40 (4T),0.878,Cross-State Trending,Majority-share in Rajasthan,2
JAI MITHILA AUTOMOBILES,LUBES,ZF04N445957GM,Engine Oil 2W 20W40 4T,0.852,Cross-State Trending,Majority-share in Rajasthan,3
JAI MITHILA AUTOMOBILES,LUBES,ZF04N187507GM,EP - 90 Gear Fluid 500 ml,0.749,Cross-State Trending,Majority-share in Punjab,4
JAI MITHILA AUTOMOBILES,BRAKE PARTS,ZF04L707227GM,Shoe Kit M_HAWK / Safari,0.605,Cross-State Trending,Majority-share in Assam,5
JAI MITHILA AUTOMOBILES,BRAKE PARTS,ZF047126167GM,CALIPER ASSEMBLY RH (H43/2),0.585,Cross-State Trending,Majority-share in Punjab,6
JAI MITHILA AUTOMOBILES,BRAKE PARTS,ZF047126127GM,CALIPER ASSEMBLY LH (R)(H42/2),0.57,Cross-State Trending,Majority-share in Punjab,7
JAI MITHILA AUTOMOBILES,BRAKE PARTS,ZF04L688207GM,"PAD KIT,  Frt",0.549,Cross-State Trending,Majority-share in Gujarat,8
JAI MITHILA AUTOMOBILES,LUBES,ZF04N65848AST,2W ENGINE OIL BOTTLE 20W40 (4T) (900 ml),0.54,Cross-State Trending,Majority-share in Rajasthan,9
JAI MITHILA AUTOMOBILES,BRAKE PARTS,ZF86AB71457GM,PAD WINGER NEW (NEW)(I31/8),0.515,Cross-State Trending,Majority-share in Assam,10
JAI MITHILA AUTOMOBILES,AC GAS,ZF04N260123AC,R134A GAS CAN,1.0,Personal Repeat Purchase,Top 5 by recency-weighted quantity,11
JAI MITHILA AUTOMOBILES,EMS,ZF04N261775IC,IGNITION COIL,0.36666666666666664,Personal Repeat Purchase,Top 5 by recency-weighted quantity,12
JAI MITHILA AUTOMOBILES,OTHERS,ZF04L952167GM,POWER STEERING FLUID 1 Ltr,0.3,Personal Repeat Purchase,Top 5 by recency-weighted quantity,13
JAI MITHILA AUTOMOBILES,EMS,ZF04N261765IC,IGNITION COIL,0.2,Personal Repeat Purchase,Top 5 by recency-weighted quantity,14
JAI MITHILA AUTOMOBILES,OTHERS,ZF04N264564RL,RELAYS,0.2,Personal Repeat Purchase,Top 5 by recency-weighted quantity,15
Jain Automotive,LUBES,ZF04N438657GM,2W ENGINE OIL BOTTLE 10W30 (4T) (1LTR),0.923,Cross-State Trending,Majority-share in Rajasthan,1
Jain Automotive,LUBES,ZF04N438637GM,ENGINE OIL BOTTLE 20W40 (4T),0.878,Cross-State Trending,Majority-share in Rajasthan,2
Jain Automotive,LUBES,ZF04N445957GM,Engine Oil 2W 20W40 4T,0.852,Cross-State Trending,Majority-share in Rajasthan,3
Jain Automotive,LUBES,ZF04N187507GM,EP - 90 Gear Fluid 500 ml,0.749,Cross-State Trending,Majority-share in Punjab,4
Jain Automotive,OTHERS,ZF04L927687GM,SHOCK ABS OIL 350ml,0.657,Cross-State Trending,Majority-share in Kerala,5
Jain Automotive,BRAKE PARTS,ZF047167857GM,WC S/A PENGUINE RR(K51/100),0.652,Cross-State Trending,Majority-share in Kerala,6
Jain Automotive,BRAKE PARTS,ZF047126167GM,CALIPER ASSEMBLY RH (H43/2),0.585,Cross-State Trending,Majority-share in Punjab,7
Jain Automotive,BRAKE PARTS,ZF047126127GM,CALIPER ASSEMBLY LH (R)(H42/2),0.57,Cross-State Trending,Majority-share in Punjab,8
Jain Automotive,LUBES,ZF04N65848AST,2W ENGINE OIL BOTTLE 20W40 (4T) (900 ml),0.54,Cross-State Trending,Majority-share in Rajasthan,9
Jain Automotive,BRAKE PARTS,ZF86AB71457GM,PAD WINGER NEW (NEW)(I31/8),0.515,Cross-State Trending,Majority-share in Assam,10
Jain Automotive,BRAKE PARTS,ZF86AB77527GM,SHOE KIT,1.0,Personal Repeat Purchase,Top 5 by recency-weighted quantity,11
Jain Automotive,BRAKE PARTS,ZF04L929897TG,Rotor (Alto),0.9749638902262879,Personal Repeat Purchase,Top 5 by recency-weighted quantity,12
Jain Automotive,BRAKE PARTS,ZF04N129307TG,ROTOR (SWIFT),0.8984111699566683,Personal Repeat Purchase,Top 5 by recency-weighted quantity,13
Jain Automotive,BRAKE PARTS,ZF043185987GM,W/C  ASSY(15.87)(K14/100),0.8916706788637457,Personal Repeat Purchase,Top 5 by recency-weighted quantity,14
Jain Automotive,BRAKE PARTS,ZF86AB75887GM,SHOE KIT(INCRIMENTAL ADJ.)15,0.8502648050072219,Personal Repeat Purchase,Top 5 by recency-weighted quantity,15
KIRTI  AGENCIES,LUBES,ZF04N216677GM,EP - 90 Gear Fluid 26 ltr,0.938,Cross-State Trending,Majority-share in Rajasthan,1
KIRTI  AGENCIES,LUBES,ZF04N438637GM,ENGINE OIL BOTTLE 20W40 (4T),0.878,Cross-State Trending,Majority-share in Rajasthan,2
KIRTI  AGENCIES,LUBES,ZF04N445957GM,Engine Oil 2W 20W40 4T,0.852,Cross-State Trending,Majority-share in Rajasthan,3
KIRTI  AGENCIES,BRAKE PARTS,ZF04L707227GM,Shoe Kit M_HAWK / Safari,0.605,Cross-State Trending,Majority-share in Assam,4
KIRTI  AGENCIES,AC GAS,ZF04N260123AC,R134A GAS CAN,0.602,Cross-State Trending,Majority-share in Haryana,5
KIRTI  AGENCIES,BRAKE PARTS,ZF047126167GM,CALIPER ASSEMBLY RH (H43/2),0.585,Cross-State Trending,Majority-share in Punjab,6
KIRTI  AGENCIES,BRAKE PARTS,ZF047126127GM,CALIPER ASSEMBLY LH (R)(H42/2),0.57,Cross-State Trending,Majority-share in Punjab,7
KIRTI  AGENCIES,BRAKE PARTS,ZF04L688207GM,"PAD KIT,  Frt",0.549,Cross-State Trending,Majority-share in Gujarat,8
KIRTI  AGENCIES,LUBES,ZF04N65848AST,2W ENGINE OIL BOTTLE 20W40 (4T) (900 ml),0.54,Cross-State Trending,Majority-share in Rajasthan,9
KIRTI  AGENCIES,EMS,ZF04N261775IC,IGNITION COIL,0.51,Cross-State Trending,Majority-share in Maharashtra,10
KIRTI  AGENCIES,BRAKE PARTS,ZF86AB70567GM,SHOE KIT  (1 LEADING- 1 TRAILING),1.0,Personal Repeat Purchase,Top 5 by recency-weighted quantity,11
KIRTI  AGENCIES,BRAKE FLUID,ZF86AB70057GM,BRAKE FLUID 1/4 LTR DOT3 (Non Petroleum),0.8892834086507424,Personal Repeat Purchase,Top 5 by recency-weighted quantity,12
KIRTI  AGENCIES,BRAKE PARTS,ZF86AB77527GM,SHOE KIT,0.8115719819238219,Personal Repeat Purchase,Top 5 by recency-weighted quantity,13
KIRTI  AGENCIES,BRAKE FLUID,ZF86AB70007GM,BRAKE FLUID 100ml DOT3 (Non Petroleum),0.7863137508069722,Personal Repeat Purchase,Top 5 by recency-weighted quantity,14
KIRTI  AGENCIES,BRAKE PARTS,ZF86AB73817GM,MINOR KIT W/C FR(J54/250),0.5622982569399613,Personal Repeat Purchase,Top 5 by recency-weighted quantity,15
KIRTI AGENCIE,LUBES,ZF04N216677GM,EP - 90 Gear Fluid 26 ltr,0.938,Cross-State Trending,Majority-share in Rajasthan,1
KIRTI AGENCIE,LUBES,ZF04N438637GM,ENGINE OIL BOTTLE 20W40 (4T),0.878,Cross-State Trending,Majority-share in Rajasthan,2
KIRTI AGENCIE,LUBES,ZF04N445957GM,Engine Oil 2W 20W40 4T,0.852,Cross-State Trending,Majority-share in Rajasthan,3
KIRTI AGENCIE,LUBES,ZF04N187507GM,EP - 90 Gear Fluid 500 ml,0.749,Cross-State Trending,Majority-share in Punjab,4
KIRTI AGENCIE,BRAKE PARTS,ZF04L707227GM,Shoe Kit M_HAWK / Safari,0.605,Cross-State Trending,Majority-share in Assam,5
KIRTI AGENCIE,AC GAS,ZF04N260123AC,R134A GAS CAN,0.602,Cross-State Trending,Majority-share in Haryana,6
KIRTI AGENCIE,BRAKE PARTS,ZF047126167GM,CALIPER ASSEMBLY RH (H43/2),0.585,Cross-State Trending,Majority-share in Punjab,7
KIRTI AGENCIE,BRAKE PARTS,ZF047126127GM,CALIPER ASSEMBLY LH (R)(H42/2),0.57,Cross-State Trending,Majority-share in Punjab,8
KIRTI AGENCIE,LUBES,ZF04N65848AST,2W ENGINE OIL BOTTLE 20W40 (4T) (900 ml),0.54,Cross-State Trending,Majority-share in Rajasthan,9
KIRTI AGENCIE,EMS,ZF04N261775IC,IGNITION COIL,0.51,Cross-State Trending,Majority-share in Maharashtra,10
KIRTI AGENCIE,BRAKE FLUID,ZF86AB70057GM,BRAKE FLUID 1/4 LTR DOT3 (Non Petroleum),1.0,Personal Repeat Purchase,Top 5 by recency-weighted quantity,11
KIRTI AGENCIE,BRAKE FLUID,ZF86AB70007GM,BRAKE FLUID 100ml DOT3 (Non Petroleum),0.8602150537634409,Personal Repeat Purchase,Top 5 by recency-weighted quantity,12
KIRTI AGENCIE,BRAKE PARTS,ZF86AB73837GM,MINOR KIT W/C FR(J56/250),0.5698924731182796,Personal Repeat Purchase,Top 5 by recency-weighted quantity,13
KIRTI AGENCIE,BRAKE PARTS,ZF86AB70567GM,SHOE KIT  (1 LEADING- 1 TRAILING),0.5031516499814609,Personal Repeat Purchase,Top 5 by recency-weighted quantity,14
KIRTI AGENCIE,BRAKE PARTS,ZF86AB77527GM,SHOE KIT,0.3825546903967371,Personal Repeat Purchase,Top 5 by recency-weighted quantity,15
KIRTI AGENCIES,LUBES,ZF04N216677GM,EP - 90 Gear Fluid 26 ltr,0.938,Cross-State Trending,Majority-share in Rajasthan,1
KIRTI AGENCIES,LUBES,ZF04N438637GM,ENGINE OIL BOTTLE 20W40 (4T),0.878,Cross-State Trending,Majority-share in Rajasthan,2
KIRTI AGENCIES,LUBES,ZF04N445957GM,Engine Oil 2W 20W40 4T,0.852,Cross-State Trending,Majority-share in Rajasthan,3
KIRTI AGENCIES,LUBES,ZF04N187507GM,EP - 90 Gear Fluid 500 ml,0.749,Cross-State Trending,Majority-share in Punjab,4
KIRTI AGENCIES,AC GAS,ZF04N260123AC,R134A GAS CAN,0.602,Cross-State Trending,Majority-share in Haryana,5
KIRTI AGENCIES,BRAKE PARTS,ZF047126167GM,CALIPER ASSEMBLY RH (H43/2),0.585,Cross-State Trending,Majority-share in Punjab,6
KIRTI AGENCIES,BRAKE PARTS,ZF047126127GM,CALIPER ASSEMBLY LH (R)(H42/2),0.57,Cross-State Trending,Majority-share in Punjab,7
KIRTI AGENCIES,BRAKE PARTS,ZF04L688207GM,"PAD KIT,  Frt",0.549,Cross-State Trending,Majority-share in Gujarat,8
KIRTI AGENCIES,LUBES,ZF04N65848AST,2W ENGINE OIL BOTTLE 20W40 (4T) (900 ml),0.54,Cross-State Trending,Majority-share in Rajasthan,9
KIRTI AGENCIES,BRAKE PARTS,ZF86AB71457GM,PAD WINGER NEW (NEW)(I31/8),0.515,Cross-State Trending,Majority-share in Assam,10
KIRTI AGENCIES,BRAKE FLUID,ZF86AB70057GM,BRAKE FLUID 1/4 LTR DOT3 (Non Petroleum),1.0,Personal Repeat Purchase,Top 5 by recency-weighted quantity,11
KIRTI AGENCIES,BRAKE FLUID,ZF86AB70007GM,BRAKE FLUID 100ml DOT3 (Non Petroleum),0.732824427480916,Personal Repeat Purchase,Top 5 by recency-weighted quantity,12
KIRTI AGENCIES,BRAKE PARTS,ZF86AB70567GM,SHOE KIT  (1 LEADING- 1 TRAILING),0.6732034745985785,Personal Repeat Purchase,Top 5 by recency-weighted quantity,13
KIRTI AGENCIES,BRAKE PARTS,ZF86AB73837GM,MINOR KIT W/C FR(J56/250),0.5114503816793893,Personal Repeat Purchase,Top 5 by recency-weighted quantity,14
KIRTI AGENCIES,BRAKE PARTS,ZF86AB73817GM,MINOR KIT W/C FR(J54/250),0.4069491971571466,Personal Repeat Purchase,Top 5 by recency-weighted quantity,15
KODRIVE INDIA PRIVATE LIMITED,LUBES,ZF04N216677GM,EP - 90 Gear Fluid 26 ltr,0.938,Cross-State Trending,Majority-share in Rajasthan,1
KODRIVE INDIA PRIVATE LIMITED,LUBES,ZF04N438657GM,2W ENGINE OIL BOTTLE 10W30 (4T) (1LTR),0.923,Cross-State Trending,Majority-share in Rajasthan,2
KODRIVE INDIA PRIVATE LIMITED,LUBES,ZF04N438637GM,ENGINE OIL BOTTLE 20W40 (4T),0.878,Cross-State Trending,Majority-share in Rajasthan,3
KODRIVE INDIA PRIVATE LIMITED,LUBES,ZF04N445957GM,Engine Oil 2W 20W40 4T,0.852,Cross-State Trending,Majority-share in Rajasthan,4
KODRIVE INDIA PRIVATE LIMITED,LUBES,ZF047979327GM,RADIATOR COOLANT 1 LTR. (Antifreeze),0.794,Cross-State Trending,Majority-share in Jammu and Kashmir,5
KODRIVE INDIA PRIVATE LIMITED,OTHERS,ZF04L927687GM,SHOCK ABS OIL 350ml,0.657,Cross-State Trending,Majority-share in Kerala,6
KODRIVE INDIA PRIVATE LIMITED,BRAKE PARTS,ZF04N129287TG,ROTOR (MAX PASSENGER),0.586,Cross-State Trending,Majority-share in Telangana,7
KODRIVE INDIA PRIVATE LIMITED,BRAKE PARTS,ZF047126167GM,CALIPER ASSEMBLY RH (H43/2),0.585,Cross-State Trending,Majority-share in Punjab,8
KODRIVE INDIA PRIVATE LIMITED,LUBES,ZF04N65848AST,2W ENGINE OIL BOTTLE 20W40 (4T) (900 ml),0.54,Cross-State Trending,Majority-share in Rajasthan,9
KODRIVE INDIA PRIVATE LIMITED,SUSPENSION,ZF04N330985SK,SHOCK ABSORBER  FORTU_NER RR/ RL,0.516,Cross-State Trending,Majority-share in Maharashtra,10
KODRIVE INDIA PRIVATE LIMITED,BRAKE PARTS,ZF04L699607GM,W/C ASSY. XYLO (Equlnt)(K62/25),1.0,Personal Repeat Purchase,Top 5 by recency-weighted quantity,11
KODRIVE INDIA PRIVATE LIMITED,BRAKE PARTS,ZF047168007GM,W/C ALTO (K53/100),0.997037037037037,Personal Repeat Purchase,Top 5 by recency-weighted quantity,12
KODRIVE INDIA PRIVATE LIMITED,BRAKE PARTS,ZF043185987GM,W/C  ASSY(15.87)(K14/100),0.9703703703703703,Personal Repeat Purchase,Top 5 by recency-weighted quantity,13
KODRIVE INDIA PRIVATE LIMITED,BRAKE PARTS,ZF86AB73287GM,KBX  PAD KIT,0.9207407407407407,Personal Repeat Purchase,Top 5 by recency-weighted quantity,14
KODRIVE INDIA PRIVATE LIMITED,BRAKE PARTS,ZF047138407GM,"W/C ASSLY RR, Ø 15.87MM",0.9022222222222223,Personal Repeat Purchase,Top 5 by recency-weighted quantity,15
KUMAON DIESELS,LUBES,ZF04N187507GM,EP - 90 Gear Fluid 500 ml,0.749,Cross-State Trending,Majority-share in Punjab,1
KUMAON DIESELS,OTHERS,ZF04L927687GM,SHOCK ABS OIL 350ml,0.657,Cross-State Trending,Majority-share in Kerala,2
KUMAON DIESELS,BRAKE PARTS,ZF04L707227GM,Shoe Kit M_HAWK / Safari,0.605,Cross-State Trending,Majority-share in Assam,3
KUMAON DIESELS,AC GAS,ZF04N260123AC,R134A GAS CAN,0.602,Cross-State Trending,Majority-share in Haryana,4
KUMAON DIESELS,BRAKE PARTS,ZF047126167GM,CALIPER ASSEMBLY RH (H43/2),0.585,Cross-State Trending,Majority-share in Punjab,5
KUMAON DIESELS,BRAKE PARTS,ZF047126127GM,CALIPER ASSEMBLY LH (R)(H42/2),0.57,Cross-State Trending,Majority-share in Punjab,6
KUMAON DIESELS,BRAKE PARTS,ZF04L688207GM,"PAD KIT,  Frt",0.549,Cross-State Trending,Majority-share in Gujarat,7
KUMAON DIESELS,LUBES,ZF04N65848AST,2W ENGINE OIL BOTTLE 20W40 (4T) (900 ml),0.54,Cross-State Trending,Majority-share in Rajasthan,8
KUMAON DIESELS,BRAKE PARTS,ZF86AB71457GM,PAD WINGER NEW (NEW)(I31/8),0.515,Cross-State Trending,Majority-share in Assam,9
KUMAON DIESELS,EMS,ZF04N261775IC,IGNITION COIL,0.51,Cross-State Trending,Majority-share in Maharashtra,10
KUMAON DIESELS,LUBES,ZF04N65832AST,GREEN COOLANT BOTTLE (1 LTR),1.0,Personal Repeat Purchase,Top 5 by recency-weighted quantity,11
KUMAON DIESELS,LUBES,ZF04N52895KIT,3W ENGINE OIL 15W40 CH4 (500 ml),0.4260355029585799,Personal Repeat Purchase,Top 5 by recency-weighted quantity,12
KUMAON DIESELS,OTHERS,ZF04L927677GM,SHOCK ABS OIl 175ml,0.3814827706230421,Personal Repeat Purchase,Top 5 by recency-weighted quantity,13
KUMAON DIESELS,LUBES,ZF04N438637GM,ENGINE OIL BOTTLE 20W40 (4T),0.29307344239470934,Personal Repeat Purchase,Top 5 by recency-weighted quantity,14
KUMAON DIESELS,LUBES,ZF04N528967GM,3W ENGINE OIL 15W40 CH4 (1 LTR),0.2826313957535677,Personal Repeat Purchase,Top 5 by recency-weighted quantity,15
Kirti Agencies,LUBES,ZF04N216677GM,EP - 90 Gear Fluid 26 ltr,0.938,Cross-State Trending,Majority-share in Rajasthan,1
Kirti Agencies,LUBES,ZF04N438637GM,ENGINE OIL BOTTLE 20W40 (4T),0.878,Cross-State Trending,Majority-share in Rajasthan,2
Kirti Agencies,LUBES,ZF04N445957GM,Engine Oil 2W 20W40 4T,0.852,Cross-State Trending,Majority-share in Rajasthan,3
Kirti Agencies,LUBES,ZF04N187507GM,EP - 90 Gear Fluid 500 ml,0.749,Cross-State Trending,Majority-share in Punjab,4
Kirti Agencies,AC GAS,ZF04N260123AC,R134A GAS CAN,0.602,Cross-State Trending,Majority-share in Haryana,5
Kirti Agencies,BRAKE PARTS,ZF047126167GM,CALIPER ASSEMBLY RH (H43/2),0.585,Cross-State Trending,Majority-share in Punjab,6
Kirti Agencies,BRAKE PARTS,ZF047126127GM,CALIPER ASSEMBLY LH (R)(H42/2),0.57,Cross-State Trending,Majority-share in Punjab,7
Kirti Agencies,BRAKE PARTS,ZF04L688207GM,"PAD KIT,  Frt",0.549,Cross-State Trending,Majority-share in Gujarat,8
Kirti Agencies,LUBES,ZF04N65848AST,2W ENGINE OIL BOTTLE 20W40 (4T) (900 ml),0.54,Cross-State Trending,Majority-share in Rajasthan,9
Kirti Agencies,EMS,ZF04N261775IC,IGNITION COIL,0.51,Cross-State Trending,Majority-share in Maharashtra,10
Kirti Agencies,BRAKE FLUID,ZF86AB70057GM,BRAKE FLUID 1/4 LTR DOT3 (Non Petroleum),1.0,Personal Repeat Purchase,Top 5 by recency-weighted quantity,11
Kirti Agencies,BRAKE FLUID,ZF86AB70007GM,BRAKE FLUID 100ml DOT3 (Non Petroleum),0.5942028985507246,Personal Repeat Purchase,Top 5 by recency-weighted quantity,12
Kirti Agencies,BRAKE PARTS,ZF86AB70567GM,SHOE KIT  (1 LEADING- 1 TRAILING),0.5234257871064468,Personal Repeat Purchase,Top 5 by recency-weighted quantity,13
Kirti Agencies,BRAKE PARTS,ZF043186027GM,WC ASSLY PVPL RR(K17/40),0.490192403798101,Personal Repeat Purchase,Top 5 by recency-weighted quantity,14
Kirti Agencies,BRAKE PARTS,ZF86AB73637GM,SHOE KIT FRONT (A.A.),0.4087331334332834,Personal Repeat Purchase,Top 5 by recency-weighted quantity,15
Kohli Automobiles,LUBES,ZF04N216677GM,EP - 90 Gear Fluid 26 ltr,0.938,Cross-State Trending,Majority-share in Rajasthan,1
Kohli Automobiles,LUBES,ZF04N438637GM,ENGINE OIL BOTTLE 20W40 (4T),0.878,Cross-State Trending,Majority-share in Rajasthan,2
Kohli Automobiles,LUBES,ZF04N445957GM,Engine Oil 2W 20W40 4T,0.852,Cross-State Trending,Majority-share in Rajasthan,3
Kohli Automobiles,LUBES,ZF04N187507GM,EP - 90 Gear Fluid 500 ml,0.749,Cross-State Trending,Majority-share in Punjab,4
Kohli Automobiles,AC GAS,ZF04N260123AC,R134A GAS CAN,0.602,Cross-State Trending,Majority-share in Haryana,5
Kohli Automobiles,BRAKE PARTS,ZF047126167GM,CALIPER ASSEMBLY RH (H43/2),0.585,Cross-State Trending,Majority-share in Punjab,6
Kohli Automobiles,BRAKE PARTS,ZF047126127GM,CALIPER ASSEMBLY LH (R)(H42/2),0.57,Cross-State Trending,Majority-share in Punjab,7
Kohli Automobiles,LUBES,ZF04N65848AST,2W ENGINE OIL BOTTLE 20W40 (4T) (900 ml),0.54,Cross-State Trending,Majority-share in Rajasthan,8
Kohli Automobiles,BRAKE PARTS,ZF86AB71457GM,PAD WINGER NEW (NEW)(I31/8),0.515,Cross-State Trending,Majority-share in Assam,9
Kohli Automobiles,EMS,ZF04N261775IC,IGNITION COIL,0.51,Cross-State Trending,Majority-share in Maharashtra,10
Kohli Automobiles,LUBES,ZF04N528967GM,3W ENGINE OIL 15W40 CH4 (1 LTR),1.0,Personal Repeat Purchase,Top 5 by recency-weighted quantity,11
Kohli Automobiles,LUBES,ZF04N65832AST,GREEN COOLANT BOTTLE (1 LTR),0.7222914072229141,Personal Repeat Purchase,Top 5 by recency-weighted quantity,12
Kohli Automobiles,BRAKE FLUID,ZF86AB70057GM,BRAKE FLUID 1/4 LTR DOT3 (Non Petroleum),0.6861768368617683,Personal Repeat Purchase,Top 5 by recency-weighted quantity,13
Kohli Automobiles,BRAKE FLUID,ZF86AB70097GM,BRAKE FLUID 1/4 Lt  DOT4 (Non Petroleum),0.613947696139477,Personal Repeat Purchase,Top 5 by recency-weighted quantity,14
Kohli Automobiles,LUBES,ZF04N65833AST,RED COOLANT BOTTLE (1 LTR),0.43119551681195517,Personal Repeat Purchase,Top 5 by recency-weighted quantity,15
Kushagra Agency,LUBES,ZF04N187507GM,EP - 90 Gear Fluid 500 ml,0.749,Cross-State Trending,Majority-share in Punjab,1
Kushagra Agency,OTHERS,ZF04L927687GM,SHOCK ABS OIL 350ml,0.657,Cross-State Trending,Majority-share in Kerala,2
Kushagra Agency,BRAKE PARTS,ZF047167857GM,WC S/A PENGUINE RR(K51/100),0.652,Cross-State Trending,Majority-share in Kerala,3
Kushagra Agency,BRAKE PARTS,ZF04L707227GM,Shoe Kit M_HAWK / Safari,0.605,Cross-State Trending,Majority-share in Assam,4
Kushagra Agency,AC GAS,ZF04N260123AC,R134A GAS CAN,0.602,Cross-State Trending,Majority-share in Haryana,5
Kushagra Agency,BRAKE PARTS,ZF047126167GM,CALIPER ASSEMBLY RH (H43/2),0.585,Cross-State Trending,Majority-share in Punjab,6
Kushagra Agency,BRAKE PARTS,ZF047126127GM,CALIPER ASSEMBLY LH (R)(H42/2),0.57,Cross-State Trending,Majority-share in Punjab,7
Kushagra Agency,BRAKE PARTS,ZF04L688207GM,"PAD KIT,  Frt",0.549,Cross-State Trending,Majority-share in Gujarat,8
Kushagra Agency,BRAKE PARTS,ZF86AB71457GM,PAD WINGER NEW (NEW)(I31/8),0.515,Cross-State Trending,Majority-share in Assam,9
Kushagra Agency,EMS,ZF04N261775IC,IGNITION COIL,0.51,Cross-State Trending,Majority-share in Maharashtra,10
Kushagra Agency,OTHERS,ZF04L927677GM,SHOCK ABS OIl 175ml,1.0,Personal Repeat Purchase,Top 5 by recency-weighted quantity,11
L N Auto India Private Limited,LUBES,ZF04N187507GM,EP - 90 Gear Fluid 500 ml,0.749,Cross-State Trending,Majority-share in Punjab,1
L N Auto India Private Limited,OTHERS,ZF04L927687GM,SHOCK ABS OIL 350ml,0.657,Cross-State Trending,Majority-share in Kerala,2
L N Auto India Private Limited,BRAKE PARTS,ZF047167857GM,WC S/A PENGUINE RR(K51/100),0.652,Cross-State Trending,Majority-share in Kerala,3
L N Auto India Private Limited,BRAKE PARTS,ZF04L707227GM,Shoe Kit M_HAWK / Safari,0.605,Cross-State Trending,Majority-share in Assam,4
L N Auto India Private Limited,AC GAS,ZF04N260123AC,R134A GAS CAN,0.602,Cross-State Trending,Majority-share in Haryana,5
L N Auto India Private Limited,BRAKE PARTS,ZF047126167GM,CALIPER ASSEMBLY RH (H43/2),0.585,Cross-State Trending,Majority-share in Punjab,6
L N Auto India Private Limited,BRAKE PARTS,ZF047126127GM,CALIPER ASSEMBLY LH (R)(H42/2),0.57,Cross-State Trending,Majority-share in Punjab,7
L N Auto India Private Limited,BRAKE PARTS,ZF04L688207GM,"PAD KIT,  Frt",0.549,Cross-State Trending,Majority-share in Gujarat,8
L N Auto India Private Limited,BRAKE PARTS,ZF86AB71457GM,PAD WINGER NEW (NEW)(I31/8),0.515,Cross-State Trending,Majority-share in Assam,9
L N Auto India Private Limited,EMS,ZF04N261775IC,IGNITION COIL,0.51,Cross-State Trending,Majority-share in Maharashtra,10
L N Auto India Private Limited,LUBES,ZF04N65848AST,2W ENGINE OIL BOTTLE 20W40 (4T) (900 ml),1.0,Personal Repeat Purchase,Top 5 by recency-weighted quantity,11
L N Auto India Private Limited,BRAKE PARTS,ZF04L906307TW,SHOE KIT 2W,0.6346368715083799,Personal Repeat Purchase,Top 5 by recency-weighted quantity,12
L N Auto India Private Limited,LUBES,ZF04N65846AST,2W ENGINE OIL BOTTLE 10W30 (4T) (900 ml),0.30307262569832405,Personal Repeat Purchase,Top 5 by recency-weighted quantity,13
L N Auto India Private Limited,BRAKE FLUID,ZF86AB70007GM,BRAKE FLUID 100ml DOT3 (Non Petroleum),0.2927374301675978,Personal Repeat Purchase,Top 5 by recency-weighted quantity,14
L N Auto India Private Limited,BRAKE PARTS,ZF04L906277TW,SHOE KIT 2W,0.25726256983240225,Personal Repeat Purchase,Top 5 by recency-weighted quantity,15
LABH SINGH SONS,LUBES,ZF04N216677GM,EP - 90 Gear Fluid 26 ltr,0.938,Cross-State Trending,Majority-share in Rajasthan,1
LABH SINGH SONS,LUBES,ZF04N438637GM,ENGINE OIL BOTTLE 20W40 (4T),0.878,Cross-State Trending,Majority-share in Rajasthan,2
LABH SINGH SONS,LUBES,ZF04N445957GM,Engine Oil 2W 20W40 4T,0.852,Cross-State Trending,Majority-share in Rajasthan,3
LABH SINGH SONS,LUBES,ZF047979327GM,RADIATOR COOLANT 1 LTR. (Antifreeze),0.794,Cross-State Trending,Majority-share in Jammu and Kashmir,4
LABH SINGH SONS,OTHERS,ZF04L927687GM,SHOCK ABS OIL 350ml,0.657,Cross-State Trending,Majority-share in Kerala,5
LABH SINGH SONS,BRAKE PARTS,ZF86AB76027GM,SHOE KIT,0.612,Cross-State Trending,Majority-share in Assam,6
LABH SINGH SONS,AC GAS,ZF04N260123AC,R134A GAS CAN,0.602,Cross-State Trending,Majority-share in Haryana,7
LABH SINGH SONS,BRAKE PARTS,ZF047126167GM,CALIPER ASSEMBLY RH (H43/2),0.585,Cross-State Trending,Majority-share in Punjab,8
LABH SINGH SONS,BRAKE PARTS,ZF047126127GM,CALIPER ASSEMBLY LH (R)(H42/2),0.57,Cross-State Trending,Majority-share in Punjab,9
LABH SINGH SONS,LUBES,ZF04N65848AST,2W ENGINE OIL BOTTLE 20W40 (4T) (900 ml),0.54,Cross-State Trending,Majority-share in Rajasthan,10
LABH SINGH SONS,BRAKE FLUID,ZF86AB70057GM,BRAKE FLUID 1/4 LTR DOT3 (Non Petroleum),1.0,Personal Repeat Purchase,Top 5 by recency-weighted quantity,11
LABH SINGH SONS,BRAKE FLUID,ZF86AB70007GM,BRAKE FLUID 100ml DOT3 (Non Petroleum),0.7303370786516854,Personal Repeat Purchase,Top 5 by recency-weighted quantity,12
LABH SINGH SONS,BRAKE PARTS,ZF86AB70567GM,SHOE KIT  (1 LEADING- 1 TRAILING),0.5183068578070515,Personal Repeat Purchase,Top 5 by recency-weighted quantity,13
LABH SINGH SONS,LUBES,ZF04N65832AST,GREEN COOLANT BOTTLE (1 LTR),0.4853738860906625,Personal Repeat Purchase,Top 5 by recency-weighted quantity,14
LABH SINGH SONS,BRAKE FLUID,ZF86AB70097GM,BRAKE FLUID 1/4 Lt  DOT4 (Non Petroleum),0.42173576133281676,Personal Repeat Purchase,Top 5 by recency-weighted quantity,15
LABHSINGH SONS,LUBES,ZF04N216677GM,EP - 90 Gear Fluid 26 ltr,0.938,Cross-State Trending,Majority-share in Rajasthan,1
LABHSINGH SONS,LUBES,ZF04N438637GM,ENGINE OIL BOTTLE 20W40 (4T),0.878,Cross-State Trending,Majority-share in Rajasthan,2
LABHSINGH SONS,LUBES,ZF04N445957GM,Engine Oil 2W 20W40 4T,0.852,Cross-State Trending,Majority-share in Rajasthan,3
LABHSINGH SONS,LUBES,ZF04N187507GM,EP - 90 Gear Fluid 500 ml,0.749,Cross-State Trending,Majority-share in Punjab,4
LABHSINGH SONS,BRAKE PARTS,ZF04L707227GM,Shoe Kit M_HAWK / Safari,0.605,Cross-State Trending,Majority-share in Assam,5
LABHSINGH SONS,AC GAS,ZF04N260123AC,R134A GAS CAN,0.602,Cross-State Trending,Majority-share in Haryana,6
LABHSINGH SONS,BRAKE PARTS,ZF047126167GM,CALIPER ASSEMBLY RH (H43/2),0.585,Cross-State Trending,Majority-share in Punjab,7
LABHSINGH SONS,BRAKE PARTS,ZF047126127GM,CALIPER ASSEMBLY LH (R)(H42/2),0.57,Cross-State Trending,Majority-share in Punjab,8
LABHSINGH SONS,BRAKE PARTS,ZF04L688207GM,"PAD KIT,  Frt",0.549,Cross-State Trending,Majority-share in Gujarat,9
LABHSINGH SONS,LUBES,ZF04N65848AST,2W ENGINE OIL BOTTLE 20W40 (4T) (900 ml),0.54,Cross-State Trending,Majority-share in Rajasthan,10
LABHSINGH SONS,BRAKE PARTS,ZF86AB75257GM,PAD KIT,1.0,Personal Repeat Purchase,Top 5 by recency-weighted quantity,11
LABHSINGH SONS,BRAKE PARTS,ZF04N603097TB,Brake Pad_Tru Blue,0.21428571428571427,Personal Repeat Purchase,Top 5 by recency-weighted quantity,12
LABHSINGH SONS,BRAKE PARTS,ZF86AB73477GM,KBX  PAD KIT,0.14285714285714285,Personal Repeat Purchase,Top 5 by recency-weighted quantity,13
LABHSINGH SONS,BRAKE PARTS,ZF04L774627GM,Pad Kit XENON,0.07142857142857142,Personal Repeat Purchase,Top 5 by recency-weighted quantity,14
LABHSINGH SONS,BRAKE PARTS,ZF04N172887GM,PAD KIT,0.07142857142857142,Personal Repeat Purchase,Top 5 by recency-weighted quantity,15
LAXMI MARKETING CO.,LUBES,ZF04N216677GM,EP - 90 Gear Fluid 26 ltr,0.938,Cross-State Trending,Majority-share in Rajasthan,1
LAXMI MARKETING CO.,LUBES,ZF04N438637GM,ENGINE OIL BOTTLE 20W40 (4T),0.878,Cross-State Trending,Majority-share in Rajasthan,2
LAXMI MARKETING CO.,LUBES,ZF04N445957GM,Engine Oil 2W 20W40 4T,0.852,Cross-State Trending,Majority-share in Rajasthan,3
LAXMI MARKETING CO.,OTHERS,ZF04L927687GM,SHOCK ABS OIL 350ml,0.657,Cross-State Trending,Majority-share in Kerala,4
LAXMI MARKETING CO.,AC GAS,ZF04N260123AC,R134A GAS CAN,0.602,Cross-State Trending,Majority-share in Haryana,5
LAXMI MARKETING CO.,BRAKE PARTS,ZF047126167GM,CALIPER ASSEMBLY RH (H43/2),0.585,Cross-State Trending,Majority-share in Punjab,6
LAXMI MARKETING CO.,BRAKE PARTS,ZF047126127GM,CALIPER ASSEMBLY LH (R)(H42/2),0.57,Cross-State Trending,Majority-share in Punjab,7
LAXMI MARKETING CO.,BRAKE PARTS,ZF04L688207GM,"PAD KIT,  Frt",0.549,Cross-State Trending,Majority-share in Gujarat,8
LAXMI MARKETING CO.,LUBES,ZF04N65848AST,2W ENGINE OIL BOTTLE 20W40 (4T) (900 ml),0.54,Cross-State Trending,Majority-share in Rajasthan,9
LAXMI MARKETING CO.,EMS,ZF04N261775IC,IGNITION COIL,0.51,Cross-State Trending,Majority-share in Maharashtra,10
LAXMI MARKETING CO.,BRAKE FLUID,ZF86AB70097GM,BRAKE FLUID 1/4 Lt  DOT4 (Non Petroleum),1.0,Personal Repeat Purchase,Top 5 by recency-weighted quantity,11
LAXMI MARKETING CO.,BRAKE FLUID,ZF86AB70047GM,BRAKE FLUID 1/2 Lt DOT3 (Non Petroleum),0.8315270935960591,Personal Repeat Purchase,Top 5 by recency-weighted quantity,12
LAXMI MARKETING CO.,BRAKE FLUID,ZF86AB70087GM,BRAKE FLUID 1/2 Lt DOT4 (Non Petroleum),0.645320197044335,Personal Repeat Purchase,Top 5 by recency-weighted quantity,13
LAXMI MARKETING CO.,LUBES,ZF04N65832AST,GREEN COOLANT BOTTLE (1 LTR),0.6285714285714286,Personal Repeat Purchase,Top 5 by recency-weighted quantity,14
LAXMI MARKETING CO.,BRAKE FLUID,ZF86AB70057GM,BRAKE FLUID 1/4 LTR DOT3 (Non Petroleum),0.5714285714285714,Personal Repeat Purchase,Top 5 by recency-weighted quantity,15
LIQUID ENGINEER,LUBES,ZF04N438657GM,2W ENGINE OIL BOTTLE 10W30 (4T) (1LTR),0.923,Cross-State Trending,Majority-share in Rajasthan,1
LIQUID ENGINEER,LUBES,ZF04N438637GM,ENGINE OIL BOTTLE 20W40 (4T),0.878,Cross-State Trending,Majority-share in Rajasthan,2
LIQUID ENGINEER,LUBES,ZF04N445957GM,Engine Oil 2W 20W40 4T,0.852,Cross-State Trending,Majority-share in Rajasthan,3
LIQUID ENGINEER,OTHERS,ZF04L927687GM,SHOCK ABS OIL 350ml,0.657,Cross-State Trending,Majority-share in Kerala,4
LIQUID ENGINEER,BRAKE PARTS,ZF047167857GM,WC S/A PENGUINE RR(K51/100),0.652,Cross-State Trending,Majority-share in Kerala,5
LIQUID ENGINEER,BRAKE PARTS,ZF04L707227GM,Shoe Kit M_HAWK / Safari,0.605,Cross-State Trending,Majority-share in Assam,6
LIQUID ENGINEER,AC GAS,ZF04N260123AC,R134A GAS CAN,0.602,Cross-State Trending,Majority-share in Haryana,7
LIQUID ENGINEER,BRAKE PARTS,ZF04L688207GM,"PAD KIT,  Frt",0.549,Cross-State Trending,Majority-share in Gujarat,8
LIQUID ENGINEER,BRAKE PARTS,ZF86AB71457GM,PAD WINGER NEW (NEW)(I31/8),0.515,Cross-State Trending,Majority-share in Assam,9
LIQUID ENGINEER,EMS,ZF04N261775IC,IGNITION COIL,0.51,Cross-State Trending,Majority-share in Maharashtra,10
LIQUID ENGINEER,OTHERS,ZF04L952157GM,POWER STEERING OIL BOTTLE(500ml),1.0,Personal Repeat Purchase,Top 5 by recency-weighted quantity,11
LIQUID ENGINEER,OTHERS,ZF04L952167GM,POWER STEERING FLUID 1 Ltr,0.8975876194811107,Personal Repeat Purchase,Top 5 by recency-weighted quantity,12
LIQUID ENGINEER,BRAKE FLUID,ZF86AB70057GM,BRAKE FLUID 1/4 LTR DOT3 (Non Petroleum),0.7919890760127446,Personal Repeat Purchase,Top 5 by recency-weighted quantity,13
LIQUID ENGINEER,LUBES,ZF04N65832AST,GREEN COOLANT BOTTLE (1 LTR),0.7391898042785616,Personal Repeat Purchase,Top 5 by recency-weighted quantity,14
LIQUID ENGINEER,LUBES,ZF04N65833AST,RED COOLANT BOTTLE (1 LTR),0.6863905325443787,Personal Repeat Purchase,Top 5 by recency-weighted quantity,15
Lakshmi Motor Co.,LUBES,ZF047979327GM,RADIATOR COOLANT 1 LTR. (Antifreeze),0.794,Cross-State Trending,Majority-share in Jammu and Kashmir,1
Lakshmi Motor Co.,LUBES,ZF04N187507GM,EP - 90 Gear Fluid 500 ml,0.749,Cross-State Trending,Majority-share in Punjab,2
Lakshmi Motor Co.,OTHERS,ZF04L927687GM,SHOCK ABS OIL 350ml,0.657,Cross-State Trending,Majority-share in Kerala,3
Lakshmi Motor Co.,BRAKE PARTS,ZF047167857GM,WC S/A PENGUINE RR(K51/100),0.652,Cross-State Trending,Majority-share in Kerala,4
Lakshmi Motor Co.,AC GAS,ZF04N260123AC,R134A GAS CAN,0.602,Cross-State Trending,Majority-share in Haryana,5
Lakshmi Motor Co.,BRAKE PARTS,ZF047126167GM,CALIPER ASSEMBLY RH (H43/2),0.585,Cross-State Trending,Majority-share in Punjab,6
Lakshmi Motor Co.,BRAKE PARTS,ZF047126127GM,CALIPER ASSEMBLY LH (R)(H42/2),0.57,Cross-State Trending,Majority-share in Punjab,7
Lakshmi Motor Co.,OTHERS,ZF04N139417GM,Power Steering Fluid 5L,0.545,Cross-State Trending,Majority-share in Chhattisgarh,8
Lakshmi Motor Co.,SUSPENSION,ZF04N330985SK,SHOCK ABSORBER  FORTU_NER RR/ RL,0.516,Cross-State Trending,Majority-share in Maharashtra,9
Lakshmi Motor Co.,BRAKE PARTS,ZF86AB71457GM,PAD WINGER NEW (NEW)(I31/8),0.515,Cross-State Trending,Majority-share in Assam,10
Lakshmi Motor Co.,LUBES,ZF04N65832AST,GREEN COOLANT BOTTLE (1 LTR),1.0,Personal Repeat Purchase,Top 5 by recency-weighted quantity,11
Lakshmi Motor Co.,BRAKE PARTS,ZF04L768967GM,"SHOE KIT WITH HBL, OMNI UPG.",0.5121537591859808,Personal Repeat Purchase,Top 5 by recency-weighted quantity,12
Lakshmi Motor Co.,BRAKE PARTS,ZF047139217GM,W/C ASSY. RR. RH.(17.46 mm),0.37733182589033354,Personal Repeat Purchase,Top 5 by recency-weighted quantity,13
Lakshmi Motor Co.,BRAKE PARTS,ZF047139187GM,W/C ASSY. RR. LH. CULTUS (17.46 mm),0.30610514414923684,Personal Repeat Purchase,Top 5 by recency-weighted quantity,14
Lakshmi Motor Co.,BRAKE PARTS,ZF043185987GM,W/C  ASSY(15.87)(K14/100),0.2621537591859808,Personal Repeat Purchase,Top 5 by recency-weighted quantity,15
Lakshmi Motor company,LUBES,ZF04N216677GM,EP - 90 Gear Fluid 26 ltr,0.938,Cross-State Trending,Majority-share in Rajasthan,1
Lakshmi Motor company,LUBES,ZF04N438657GM,2W ENGINE OIL BOTTLE 10W30 (4T) (1LTR),0.923,Cross-State Trending,Majority-share in Rajasthan,2
Lakshmi Motor company,LUBES,ZF04N438637GM,ENGINE OIL BOTTLE 20W40 (4T),0.878,Cross-State Trending,Majority-share in Rajasthan,3
Lakshmi Motor company,LUBES,ZF04N445957GM,Engine Oil 2W 20W40 4T,0.852,Cross-State Trending,Majority-share in Rajasthan,4
Lakshmi Motor company,LUBES,ZF04N187507GM,EP - 90 Gear Fluid 500 ml,0.749,Cross-State Trending,Majority-share in Punjab,5
Lakshmi Motor company,OTHERS,ZF04L927687GM,SHOCK ABS OIL 350ml,0.657,Cross-State Trending,Majority-share in Kerala,6
Lakshmi Motor company,BRAKE PARTS,ZF047167857GM,WC S/A PENGUINE RR(K51/100),0.652,Cross-State Trending,Majority-share in Kerala,7
Lakshmi Motor company,AC GAS,ZF04N260123AC,R134A GAS CAN,0.602,Cross-State Trending,Majority-share in Haryana,8
Lakshmi Motor company,LUBES,ZF04N65848AST,2W ENGINE OIL BOTTLE 20W40 (4T) (900 ml),0.54,Cross-State Trending,Majority-share in Rajasthan,9
Lakshmi Motor company,BRAKE PARTS,ZF86AB71457GM,PAD WINGER NEW (NEW)(I31/8),0.515,Cross-State Trending,Majority-share in Assam,10
Lakshmi Motor company,BRAKE PARTS,ZF86AB75887GM,SHOE KIT(INCRIMENTAL ADJ.)15,1.0,Personal Repeat Purchase,Top 5 by recency-weighted quantity,11
Lakshmi Motor company,BRAKE PARTS,ZF043185987GM,W/C  ASSY(15.87)(K14/100),0.6338148873653281,Personal Repeat Purchase,Top 5 by recency-weighted quantity,12
Lakshmi Motor company,BRAKE PARTS,ZF04L699607GM,W/C ASSY. XYLO (Equlnt)(K62/25),0.5269343780607247,Personal Repeat Purchase,Top 5 by recency-weighted quantity,13
Lakshmi Motor company,BRAKE PARTS,ZF047139187GM,W/C ASSY. RR. LH. CULTUS (17.46 mm),0.5121816846229187,Personal Repeat Purchase,Top 5 by recency-weighted quantity,14
Lakshmi Motor company,BRAKE PARTS,ZF04L665887GM,SHOE KIT,0.46155729676787466,Personal Repeat Purchase,Top 5 by recency-weighted quantity,15
M MEHTA AUTOLINES,LUBES,ZF04N216677GM,EP - 90 Gear Fluid 26 ltr,0.938,Cross-State Trending,Majority-share in Rajasthan,1
M MEHTA AUTOLINES,LUBES,ZF04N438637GM,ENGINE OIL BOTTLE 20W40 (4T),0.878,Cross-State Trending,Majority-share in Rajasthan,2
M MEHTA AUTOLINES,LUBES,ZF04N445957GM,Engine Oil 2W 20W40 4T,0.852,Cross-State Trending,Majority-share in Rajasthan,3
M MEHTA AUTOLINES,LUBES,ZF04N187507GM,EP - 90 Gear Fluid 500 ml,0.749,Cross-State Trending,Majority-share in Punjab,4
M MEHTA AUTOLINES,BRAKE PARTS,ZF04L707227GM,Shoe Kit M_HAWK / Safari,0.605,Cross-State Trending,Majority-share in Assam,5
M MEHTA AUTOLINES,AC GAS,ZF04N260123AC,R134A GAS CAN,0.602,Cross-State Trending,Majority-share in Haryana,6
M MEHTA AUTOLINES,BRAKE PARTS,ZF047126167GM,CALIPER ASSEMBLY RH (H43/2),0.585,Cross-State Trending,Majority-share in Punjab,7
M MEHTA AUTOLINES,BRAKE PARTS,ZF047126127GM,CALIPER ASSEMBLY LH (R)(H42/2),0.57,Cross-State Trending,Majority-share in Punjab,8
M MEHTA AUTOLINES,BRAKE PARTS,ZF86AB71457GM,PAD WINGER NEW (NEW)(I31/8),0.515,Cross-State Trending,Majority-share in Assam,9
M MEHTA AUTOLINES,EMS,ZF04N261775IC,IGNITION COIL,0.51,Cross-State Trending,Majority-share in Maharashtra,10
M MEHTA AUTOLINES,OTHERS,ZF04N21352AFL,AIR FILTER-IAM SUPER SPLENDOR HERO,1.0,Personal Repeat Purchase,Top 5 by recency-weighted quantity,11
M MEHTA AUTOLINES,LUBES,ZF04N65846AST,2W ENGINE OIL BOTTLE 10W30 (4T) (900 ml),0.8051724137931034,Personal Repeat Purchase,Top 5 by recency-weighted quantity,12
M MEHTA AUTOLINES,BRAKE FLUID,ZF86AB70097GM,BRAKE FLUID 1/4 Lt  DOT4 (Non Petroleum),0.8,Personal Repeat Purchase,Top 5 by recency-weighted quantity,13
M MEHTA AUTOLINES,BRAKE FLUID,ZF04L708617GM,BRAKE FLUID 100 ml  DOT4 (Non Petroleum),0.7,Personal Repeat Purchase,Top 5 by recency-weighted quantity,14
M MEHTA AUTOLINES,BRAKE PARTS,ZF04L71189KIT,MINOR KIT BAL TMC IAM,0.6508620689655172,Personal Repeat Purchase,Top 5 by recency-weighted quantity,15
M/S LUCKY AUTOMOBILES,LUBES,ZF04N216677GM,EP - 90 Gear Fluid 26 ltr,0.938,Cross-State Trending,Majority-share in Rajasthan,1
M/S LUCKY AUTOMOBILES,LUBES,ZF04N438637GM,ENGINE OIL BOTTLE 20W40 (4T),0.878,Cross-State Trending,Majority-share in Rajasthan,2
M/S LUCKY AUTOMOBILES,LUBES,ZF04N445957GM,Engine Oil 2W 20W40 4T,0.852,Cross-State Trending,Majority-share in Rajasthan,3
M/S LUCKY AUTOMOBILES,LUBES,ZF04N187507GM,EP - 90 Gear Fluid 500 ml,0.749,Cross-State Trending,Majority-share in Punjab,4
M/S LUCKY AUTOMOBILES,OTHERS,ZF04L927687GM,SHOCK ABS OIL 350ml,0.657,Cross-State Trending,Majority-share in Kerala,5
M/S LUCKY AUTOMOBILES,BRAKE PARTS,ZF04L707227GM,Shoe Kit M_HAWK / Safari,0.605,Cross-State Trending,Majority-share in Assam,6
M/S LUCKY AUTOMOBILES,AC GAS,ZF04N260123AC,R134A GAS CAN,0.602,Cross-State Trending,Majority-share in Haryana,7
M/S LUCKY AUTOMOBILES,BRAKE PARTS,ZF047126167GM,CALIPER ASSEMBLY RH (H43/2),0.585,Cross-State Trending,Majority-share in Punjab,8
M/S LUCKY AUTOMOBILES,BRAKE PARTS,ZF047126127GM,CALIPER ASSEMBLY LH (R)(H42/2),0.57,Cross-State Trending,Majority-share in Punjab,9
M/S LUCKY AUTOMOBILES,LUBES,ZF04N65848AST,2W ENGINE OIL BOTTLE 20W40 (4T) (900 ml),0.54,Cross-State Trending,Majority-share in Rajasthan,10
M/S LUCKY AUTOMOBILES,LUBES,ZF04N65832AST,GREEN COOLANT BOTTLE (1 LTR),1.0,Personal Repeat Purchase,Top 5 by recency-weighted quantity,11
M/S LUCKY AUTOMOBILES,LUBES,ZF04N187517GM,EP - 90 Gear Fluid 1   ltr,0.9109947643979057,Personal Repeat Purchase,Top 5 by recency-weighted quantity,12
M/S LUCKY AUTOMOBILES,LUBES,ZF04N66571AST,GEAR OIL BOTTLE (80W90) (1 ltr),0.9109947643979057,Personal Repeat Purchase,Top 5 by recency-weighted quantity,13
M/S LUCKY AUTOMOBILES,BRAKE PARTS,ZF043185987GM,W/C  ASSY(15.87)(K14/100),0.6413612565445026,Personal Repeat Purchase,Top 5 by recency-weighted quantity,14
M/S LUCKY AUTOMOBILES,BRAKE PARTS,ZF86AB73287GM,KBX  PAD KIT,0.6282722513089005,Personal Repeat Purchase,Top 5 by recency-weighted quantity,15
MAHARAJA TRADE LINKS,LUBES,ZF04N216677GM,EP - 90 Gear Fluid 26 ltr,0.938,Cross-State Trending,Majority-share in Rajasthan,1
MAHARAJA TRADE LINKS,LUBES,ZF04N438637GM,ENGINE OIL BOTTLE 20W40 (4T),0.878,Cross-State Trending,Majority-share in Rajasthan,2
MAHARAJA TRADE LINKS,LUBES,ZF04N445957GM,Engine Oil 2W 20W40 4T,0.852,Cross-State Trending,Majority-share in Rajasthan,3
MAHARAJA TRADE LINKS,LUBES,ZF04N187507GM,EP - 90 Gear Fluid 500 ml,0.749,Cross-State Trending,Majority-share in Punjab,4
MAHARAJA TRADE LINKS,BRAKE PARTS,ZF04L707227GM,Shoe Kit M_HAWK / Safari,0.605,Cross-State Trending,Majority-share in Assam,5
MAHARAJA TRADE LINKS,AC GAS,ZF04N260123AC,R134A GAS CAN,0.602,Cross-State Trending,Majority-share in Haryana,6
MAHARAJA TRADE LINKS,BRAKE PARTS,ZF047126167GM,CALIPER ASSEMBLY RH (H43/2),0.585,Cross-State Trending,Majority-share in Punjab,7
MAHARAJA TRADE LINKS,BRAKE PARTS,ZF047126127GM,CALIPER ASSEMBLY LH (R)(H42/2),0.57,Cross-State Trending,Majority-share in Punjab,8
MAHARAJA TRADE LINKS,BRAKE PARTS,ZF04L688207GM,"PAD KIT,  Frt",0.549,Cross-State Trending,Majority-share in Gujarat,9
MAHARAJA TRADE LINKS,LUBES,ZF04N65848AST,2W ENGINE OIL BOTTLE 20W40 (4T) (900 ml),0.54,Cross-State Trending,Majority-share in Rajasthan,10
MAHARAJA TRADE LINKS,OTHERS,ZF04L927677GM,SHOCK ABS OIl 175ml,1.0,Personal Repeat Purchase,Top 5 by recency-weighted quantity,11
MAHARAJA TRADE LINKS,BRAKE FLUID,ZF86AB70057GM,BRAKE FLUID 1/4 LTR DOT3 (Non Petroleum),0.9285714285714286,Personal Repeat Purchase,Top 5 by recency-weighted quantity,12
MAHARAJA TRADE LINKS,OTHERS,ZF04L927687GM,SHOCK ABS OIL 350ml,0.6650246305418719,Personal Repeat Purchase,Top 5 by recency-weighted quantity,13
MAHARAJA TRADE LINKS,BRAKE FLUID,ZF04L708617GM,BRAKE FLUID 100 ml  DOT4 (Non Petroleum),0.5714285714285714,Personal Repeat Purchase,Top 5 by recency-weighted quantity,14
MAHARAJA TRADE LINKS,BRAKE FLUID,ZF86AB70007GM,BRAKE FLUID 100ml DOT3 (Non Petroleum),0.5714285714285714,Personal Repeat Purchase,Top 5 by recency-weighted quantity,15
MANGLAM  VENTURE,LUBES,ZF04N216677GM,EP - 90 Gear Fluid 26 ltr,0.938,Cross-State Trending,Majority-share in Rajasthan,1
MANGLAM  VENTURE,LUBES,ZF04N438657GM,2W ENGINE OIL BOTTLE 10W30 (4T) (1LTR),0.923,Cross-State Trending,Majority-share in Rajasthan,2
MANGLAM  VENTURE,LUBES,ZF04N438637GM,ENGINE OIL BOTTLE 20W40 (4T),0.878,Cross-State Trending,Majority-share in Rajasthan,3
MANGLAM  VENTURE,LUBES,ZF04N445957GM,Engine Oil 2W 20W40 4T,0.852,Cross-State Trending,Majority-share in Rajasthan,4
MANGLAM  VENTURE,OTHERS,ZF04L927687GM,SHOCK ABS OIL 350ml,0.657,Cross-State Trending,Majority-share in Kerala,5
MANGLAM  VENTURE,BRAKE PARTS,ZF047167857GM,WC S/A PENGUINE RR(K51/100),0.652,Cross-State Trending,Majority-share in Kerala,6
MANGLAM  VENTURE,AC GAS,ZF04N260123AC,R134A GAS CAN,0.602,Cross-State Trending,Majority-share in Haryana,7
MANGLAM  VENTURE,BRAKE PARTS,ZF04N129287TG,ROTOR (MAX PASSENGER),0.586,Cross-State Trending,Majority-share in Telangana,8
MANGLAM  VENTURE,LUBES,ZF04N65848AST,2W ENGINE OIL BOTTLE 20W40 (4T) (900 ml),0.54,Cross-State Trending,Majority-share in Rajasthan,9
MANGLAM  VENTURE,EMS,ZF04N261775IC,IGNITION COIL,0.51,Cross-State Trending,Majority-share in Maharashtra,10
MANGLAM  VENTURE,LUBES,ZF04N65832AST,GREEN COOLANT BOTTLE (1 LTR),1.0,Personal Repeat Purchase,Top 5 by recency-weighted quantity,11
MANGLAM  VENTURE,BRAKE PARTS,ZF04L699607GM,W/C ASSY. XYLO (Equlnt)(K62/25),0.7061197041022192,Personal Repeat Purchase,Top 5 by recency-weighted quantity,12
MANGLAM  VENTURE,LUBES,ZF04N65833AST,RED COOLANT BOTTLE (1 LTR),0.7020847343644923,Personal Repeat Purchase,Top 5 by recency-weighted quantity,13
MANGLAM  VENTURE,BRAKE PARTS,ZF04N134127GM,Shoe Kit_Manza_Vista D_TCIC,0.6859448554135844,Personal Repeat Purchase,Top 5 by recency-weighted quantity,14
MANGLAM  VENTURE,LUBES,ZF04N66571AST,GEAR OIL BOTTLE (80W90) (1 ltr),0.46805648957632817,Personal Repeat Purchase,Top 5 by recency-weighted quantity,15
MEENAKSHI AUTO DISTRIBUTORS,LUBES,ZF04N216677GM,EP - 90 Gear Fluid 26 ltr,0.938,Cross-State Trending,Majority-share in Rajasthan,1
MEENAKSHI AUTO DISTRIBUTORS,LUBES,ZF04N438657GM,2W ENGINE OIL BOTTLE 10W30 (4T) (1LTR),0.923,Cross-State Trending,Majority-share in Rajasthan,2
MEENAKSHI AUTO DISTRIBUTORS,LUBES,ZF04N438637GM,ENGINE OIL BOTTLE 20W40 (4T),0.878,Cross-State Trending,Majority-share in Rajasthan,3
MEENAKSHI AUTO DISTRIBUTORS,LUBES,ZF04N445957GM,Engine Oil 2W 20W40 4T,0.852,Cross-State Trending,Majority-share in Rajasthan,4
MEENAKSHI AUTO DISTRIBUTORS,LUBES,ZF047979327GM,RADIATOR COOLANT 1 LTR. (Antifreeze),0.794,Cross-State Trending,Majority-share in Jammu and Kashmir,5
MEENAKSHI AUTO DISTRIBUTORS,BRAKE PARTS,ZF04L707227GM,Shoe Kit M_HAWK / Safari,0.605,Cross-State Trending,Majority-share in Assam,6
MEENAKSHI AUTO DISTRIBUTORS,AC GAS,ZF04N260123AC,R134A GAS CAN,0.602,Cross-State Trending,Majority-share in Haryana,7
MEENAKSHI AUTO DISTRIBUTORS,BRAKE PARTS,ZF047126167GM,CALIPER ASSEMBLY RH (H43/2),0.585,Cross-State Trending,Majority-share in Punjab,8
MEENAKSHI AUTO DISTRIBUTORS,BRAKE PARTS,ZF047126127GM,CALIPER ASSEMBLY LH (R)(H42/2),0.57,Cross-State Trending,Majority-share in Punjab,9
MEENAKSHI AUTO DISTRIBUTORS,LUBES,ZF04N65848AST,2W ENGINE OIL BOTTLE 20W40 (4T) (900 ml),0.54,Cross-State Trending,Majority-share in Rajasthan,10
MEENAKSHI AUTO DISTRIBUTORS,BRAKE PARTS,ZF043185987GM,W/C  ASSY(15.87)(K14/100),1.0,Personal Repeat Purchase,Top 5 by recency-weighted quantity,11
MEENAKSHI AUTO DISTRIBUTORS,BRAKE PARTS,ZF047168007GM,W/C ALTO (K53/100),0.8876712328767123,Personal Repeat Purchase,Top 5 by recency-weighted quantity,12
MEENAKSHI AUTO DISTRIBUTORS,BRAKE PARTS,ZF047138407GM,"W/C ASSLY RR, Ø 15.87MM",0.7705479452054794,Personal Repeat Purchase,Top 5 by recency-weighted quantity,13
MEENAKSHI AUTO DISTRIBUTORS,BRAKE PARTS,ZF048086407GM,Wheel Cylinder Al FRT,0.6931506849315069,Personal Repeat Purchase,Top 5 by recency-weighted quantity,14
MEENAKSHI AUTO DISTRIBUTORS,BRAKE PARTS,ZF86AB73287GM,KBX  PAD KIT,0.678082191780822,Personal Repeat Purchase,Top 5 by recency-weighted quantity,15
MEENAKSHI AUTO DISTRIBUTORS.,LUBES,ZF04N216677GM,EP - 90 Gear Fluid 26 ltr,0.938,Cross-State Trending,Majority-share in Rajasthan,1
MEENAKSHI AUTO DISTRIBUTORS.,LUBES,ZF04N438657GM,2W ENGINE OIL BOTTLE 10W30 (4T) (1LTR),0.923,Cross-State Trending,Majority-share in Rajasthan,2
MEENAKSHI AUTO DISTRIBUTORS.,LUBES,ZF04N438637GM,ENGINE OIL BOTTLE 20W40 (4T),0.878,Cross-State Trending,Majority-share in Rajasthan,3
MEENAKSHI AUTO DISTRIBUTORS.,LUBES,ZF04N445957GM,Engine Oil 2W 20W40 4T,0.852,Cross-State Trending,Majority-share in Rajasthan,4
MEENAKSHI AUTO DISTRIBUTORS.,LUBES,ZF04N187507GM,EP - 90 Gear Fluid 500 ml,0.749,Cross-State Trending,Majority-share in Punjab,5
MEENAKSHI AUTO DISTRIBUTORS.,BRAKE PARTS,ZF04L707227GM,Shoe Kit M_HAWK / Safari,0.605,Cross-State Trending,Majority-share in Assam,6
MEENAKSHI AUTO DISTRIBUTORS.,AC GAS,ZF04N260123AC,R134A GAS CAN,0.602,Cross-State Trending,Majority-share in Haryana,7
MEENAKSHI AUTO DISTRIBUTORS.,BRAKE PARTS,ZF047126167GM,CALIPER ASSEMBLY RH (H43/2),0.585,Cross-State Trending,Majority-share in Punjab,8
MEENAKSHI AUTO DISTRIBUTORS.,BRAKE PARTS,ZF047126127GM,CALIPER ASSEMBLY LH (R)(H42/2),0.57,Cross-State Trending,Majority-share in Punjab,9
MEENAKSHI AUTO DISTRIBUTORS.,LUBES,ZF04N65848AST,2W ENGINE OIL BOTTLE 20W40 (4T) (900 ml),0.54,Cross-State Trending,Majority-share in Rajasthan,10
MEENAKSHI AUTO DISTRIBUTORS.,BRAKE PARTS,ZF86AB73287GM,KBX  PAD KIT,1.0,Personal Repeat Purchase,Top 5 by recency-weighted quantity,11
MEENAKSHI AUTO DISTRIBUTORS.,OTHERS,ZF04L952167GM,POWER STEERING FLUID 1 Ltr,0.6790697674418604,Personal Repeat Purchase,Top 5 by recency-weighted quantity,12
MEENAKSHI AUTO DISTRIBUTORS.,BRAKE PARTS,ZF043185987GM,W/C  ASSY(15.87)(K14/100),0.5813953488372093,Personal Repeat Purchase,Top 5 by recency-weighted quantity,13
MEENAKSHI AUTO DISTRIBUTORS.,BRAKE PARTS,ZF043189957GM,W/C Model K cr3 (19.05)(K31/100),0.5813953488372093,Personal Repeat Purchase,Top 5 by recency-weighted quantity,14
MEENAKSHI AUTO DISTRIBUTORS.,BRAKE PARTS,ZF047167857GM,WC S/A PENGUINE RR(K51/100),0.5813953488372093,Personal Repeat Purchase,Top 5 by recency-weighted quantity,15
MEENAKSHI TRADERS,LUBES,ZF04N216677GM,EP - 90 Gear Fluid 26 ltr,0.938,Cross-State Trending,Majority-share in Rajasthan,1
MEENAKSHI TRADERS,LUBES,ZF04N438637GM,ENGINE OIL BOTTLE 20W40 (4T),0.878,Cross-State Trending,Majority-share in Rajasthan,2
MEENAKSHI TRADERS,LUBES,ZF04N445957GM,Engine Oil 2W 20W40 4T,0.852,Cross-State Trending,Majority-share in Rajasthan,3
MEENAKSHI TRADERS,BRAKE PARTS,ZF04L707227GM,Shoe Kit M_HAWK / Safari,0.605,Cross-State Trending,Majority-share in Assam,4
MEENAKSHI TRADERS,AC GAS,ZF04N260123AC,R134A GAS CAN,0.602,Cross-State Trending,Majority-share in Haryana,5
MEENAKSHI TRADERS,BRAKE PARTS,ZF047126167GM,CALIPER ASSEMBLY RH (H43/2),0.585,Cross-State Trending,Majority-share in Punjab,6
MEENAKSHI TRADERS,BRAKE PARTS,ZF047126127GM,CALIPER ASSEMBLY LH (R)(H42/2),0.57,Cross-State Trending,Majority-share in Punjab,7
MEENAKSHI TRADERS,BRAKE PARTS,ZF04L688207GM,"PAD KIT,  Frt",0.549,Cross-State Trending,Majority-share in Gujarat,8
MEENAKSHI TRADERS,BRAKE PARTS,ZF86AB71457GM,PAD WINGER NEW (NEW)(I31/8),0.515,Cross-State Trending,Majority-share in Assam,9
MEENAKSHI TRADERS,EMS,ZF04N261775IC,IGNITION COIL,0.51,Cross-State Trending,Majority-share in Maharashtra,10
MEENAKSHI TRADERS,BRAKE FLUID,ZF86AB70057GM,BRAKE FLUID 1/4 LTR DOT3 (Non Petroleum),1.0,Personal Repeat Purchase,Top 5 by recency-weighted quantity,11
MEENAKSHI TRADERS,BRAKE FLUID,ZF86AB70007GM,BRAKE FLUID 100ml DOT3 (Non Petroleum),0.9361702127659575,Personal Repeat Purchase,Top 5 by recency-weighted quantity,12
MEENAKSHI TRADERS,BRAKE PARTS,ZF86AB77527GM,SHOE KIT,0.535399853264857,Personal Repeat Purchase,Top 5 by recency-weighted quantity,13
MEENAKSHI TRADERS,BRAKE PARTS,ZF043186027GM,WC ASSLY PVPL RR(K17/40),0.5016507703595011,Personal Repeat Purchase,Top 5 by recency-weighted quantity,14
MEENAKSHI TRADERS,BRAKE PARTS,ZF86AB73617GM,SHOE KIT  RH(A.A.),0.4506603081438004,Personal Repeat Purchase,Top 5 by recency-weighted quantity,15
MINDA AGENCIES PRIVATE LIMITED,LUBES,ZF04N216677GM,EP - 90 Gear Fluid 26 ltr,0.938,Cross-State Trending,Majority-share in Rajasthan,1
MINDA AGENCIES PRIVATE LIMITED,LUBES,ZF04N438637GM,ENGINE OIL BOTTLE 20W40 (4T),0.878,Cross-State Trending,Majority-share in Rajasthan,2
MINDA AGENCIES PRIVATE LIMITED,LUBES,ZF04N445957GM,Engine Oil 2W 20W40 4T,0.852,Cross-State Trending,Majority-share in Rajasthan,3
MINDA AGENCIES PRIVATE LIMITED,LUBES,ZF04N187507GM,EP - 90 Gear Fluid 500 ml,0.749,Cross-State Trending,Majority-share in Punjab,4
MINDA AGENCIES PRIVATE LIMITED,AC GAS,ZF04N260123AC,R134A GAS CAN,0.602,Cross-State Trending,Majority-share in Haryana,5
MINDA AGENCIES PRIVATE LIMITED,BRAKE PARTS,ZF047126167GM,CALIPER ASSEMBLY RH (H43/2),0.585,Cross-State Trending,Majority-share in Punjab,6
MINDA AGENCIES PRIVATE LIMITED,BRAKE PARTS,ZF047126127GM,CALIPER ASSEMBLY LH (R)(H42/2),0.57,Cross-State Trending,Majority-share in Punjab,7
MINDA AGENCIES PRIVATE LIMITED,BRAKE PARTS,ZF04L688207GM,"PAD KIT,  Frt",0.549,Cross-State Trending,Majority-share in Gujarat,8
MINDA AGENCIES PRIVATE LIMITED,LUBES,ZF04N65848AST,2W ENGINE OIL BOTTLE 20W40 (4T) (900 ml),0.54,Cross-State Trending,Majority-share in Rajasthan,9
MINDA AGENCIES PRIVATE LIMITED,EMS,ZF04N261775IC,IGNITION COIL,0.51,Cross-State Trending,Majority-share in Maharashtra,10
MINDA AGENCIES PRIVATE LIMITED,BRAKE FLUID,ZF86AB70057GM,BRAKE FLUID 1/4 LTR DOT3 (Non Petroleum),1.0,Personal Repeat Purchase,Top 5 by recency-weighted quantity,11
MINDA AGENCIES PRIVATE LIMITED,BRAKE FLUID,ZF86AB70007GM,BRAKE FLUID 100ml DOT3 (Non Petroleum),0.9604193410355156,Personal Repeat Purchase,Top 5 by recency-weighted quantity,12
MINDA AGENCIES PRIVATE LIMITED,BRAKE FLUID,ZF04L708617GM,BRAKE FLUID 100 ml  DOT4 (Non Petroleum),0.5291684495792326,Personal Repeat Purchase,Top 5 by recency-weighted quantity,13
MINDA AGENCIES PRIVATE LIMITED,BRAKE FLUID,ZF86AB70047GM,BRAKE FLUID 1/2 Lt DOT3 (Non Petroleum),0.345742404792469,Personal Repeat Purchase,Top 5 by recency-weighted quantity,14
MINDA AGENCIES PRIVATE LIMITED,BRAKE FLUID,ZF86AB70097GM,BRAKE FLUID 1/4 Lt  DOT4 (Non Petroleum),0.27841962630152617,Personal Repeat Purchase,Top 5 by recency-weighted quantity,15
MIRJE AUTOMOBILES,LUBES,ZF04N216677GM,EP - 90 Gear Fluid 26 ltr,0.938,Cross-State Trending,Majority-share in Rajasthan,1
MIRJE AUTOMOBILES,LUBES,ZF04N438637GM,ENGINE OIL BOTTLE 20W40 (4T),0.878,Cross-State Trending,Majority-share in Rajasthan,2
MIRJE AUTOMOBILES,LUBES,ZF04N445957GM,Engine Oil 2W 20W40 4T,0.852,Cross-State Trending,Majority-share in Rajasthan,3
MIRJE AUTOMOBILES,LUBES,ZF04N187507GM,EP - 90 Gear Fluid 500 ml,0.749,Cross-State Trending,Majority-share in Punjab,4
MIRJE AUTOMOBILES,OTHERS,ZF04L927687GM,SHOCK ABS OIL 350ml,0.657,Cross-State Trending,Majority-share in Kerala,5
MIRJE AUTOMOBILES,AC GAS,ZF04N260123AC,R134A GAS CAN,0.602,Cross-State Trending,Majority-share in Haryana,6
MIRJE AUTOMOBILES,BRAKE PARTS,ZF047126167GM,CALIPER ASSEMBLY RH (H43/2),0.585,Cross-State Trending,Majority-share in Punjab,7
MIRJE AUTOMOBILES,BRAKE PARTS,ZF047126127GM,CALIPER ASSEMBLY LH (R)(H42/2),0.57,Cross-State Trending,Majority-share in Punjab,8
MIRJE AUTOMOBILES,LUBES,ZF04N65848AST,2W ENGINE OIL BOTTLE 20W40 (4T) (900 ml),0.54,Cross-State Trending,Majority-share in Rajasthan,9
MIRJE AUTOMOBILES,BRAKE PARTS,ZF86AB71457GM,PAD WINGER NEW (NEW)(I31/8),0.515,Cross-State Trending,Majority-share in Assam,10
MIRJE AUTOMOBILES,OTHERS,ZF04L952157GM,POWER STEERING OIL BOTTLE(500ml),1.0,Personal Repeat Purchase,Top 5 by recency-weighted quantity,11
MIRJE AUTOMOBILES,OTHERS,ZF04L952167GM,POWER STEERING FLUID 1 Ltr,0.8260869565217391,Personal Repeat Purchase,Top 5 by recency-weighted quantity,12
MIRJE AUTOMOBILES,LUBES,ZF04N187517GM,EP - 90 Gear Fluid 1   ltr,0.5217391304347826,Personal Repeat Purchase,Top 5 by recency-weighted quantity,13
MIRJE AUTOMOBILES,BRAKE PARTS,ZF86AB75887GM,SHOE KIT(INCRIMENTAL ADJ.)15,0.29985007496251875,Personal Repeat Purchase,Top 5 by recency-weighted quantity,14
MIRJE AUTOMOBILES,BRAKE PARTS,ZF86AB74827GM,PAD FRICTION KING,0.2661169415292354,Personal Repeat Purchase,Top 5 by recency-weighted quantity,15
MONGA MOTORS,LUBES,ZF04N216677GM,EP - 90 Gear Fluid 26 ltr,0.938,Cross-State Trending,Majority-share in Rajasthan,1
MONGA MOTORS,LUBES,ZF04N438637GM,ENGINE OIL BOTTLE 20W40 (4T),0.878,Cross-State Trending,Majority-share in Rajasthan,2
MONGA MOTORS,LUBES,ZF04N445957GM,Engine Oil 2W 20W40 4T,0.852,Cross-State Trending,Majority-share in Rajasthan,3
MONGA MOTORS,OTHERS,ZF04L927687GM,SHOCK ABS OIL 350ml,0.657,Cross-State Trending,Majority-share in Kerala,4
MONGA MOTORS,BRAKE PARTS,ZF04L707227GM,Shoe Kit M_HAWK / Safari,0.605,Cross-State Trending,Majority-share in Assam,5
MONGA MOTORS,AC GAS,ZF04N260123AC,R134A GAS CAN,0.602,Cross-State Trending,Majority-share in Haryana,6
MONGA MOTORS,BRAKE PARTS,ZF04L688207GM,"PAD KIT,  Frt",0.549,Cross-State Trending,Majority-share in Gujarat,7
MONGA MOTORS,LUBES,ZF04N65848AST,2W ENGINE OIL BOTTLE 20W40 (4T) (900 ml),0.54,Cross-State Trending,Majority-share in Rajasthan,8
MONGA MOTORS,BRAKE PARTS,ZF86AB71457GM,PAD WINGER NEW (NEW)(I31/8),0.515,Cross-State Trending,Majority-share in Assam,9
MONGA MOTORS,EMS,ZF04N261775IC,IGNITION COIL,0.51,Cross-State Trending,Majority-share in Maharashtra,10
MONGA MOTORS,BRAKE FLUID,ZF86AB70057GM,BRAKE FLUID 1/4 LTR DOT3 (Non Petroleum),1.0,Personal Repeat Purchase,Top 5 by recency-weighted quantity,11
MONGA MOTORS,BRAKE FLUID,ZF86AB70097GM,BRAKE FLUID 1/4 Lt  DOT4 (Non Petroleum),0.8650937689050212,Personal Repeat Purchase,Top 5 by recency-weighted quantity,12
MONGA MOTORS,BRAKE FLUID,ZF86AB70007GM,BRAKE FLUID 100ml DOT3 (Non Petroleum),0.6842105263157895,Personal Repeat Purchase,Top 5 by recency-weighted quantity,13
MONGA MOTORS,LUBES,ZF04N187507GM,EP - 90 Gear Fluid 500 ml,0.3508771929824561,Personal Repeat Purchase,Top 5 by recency-weighted quantity,14
MONGA MOTORS,BRAKE FLUID,ZF86AB70047GM,BRAKE FLUID 1/2 Lt DOT3 (Non Petroleum),0.2982456140350877,Personal Repeat Purchase,Top 5 by recency-weighted quantity,15
MRV AUTOMATES,LUBES,ZF04N216677GM,EP - 90 Gear Fluid 26 ltr,0.938,Cross-State Trending,Majority-share in Rajasthan,1
MRV AUTOMATES,LUBES,ZF04N438657GM,2W ENGINE OIL BOTTLE 10W30 (4T) (1LTR),0.923,Cross-State Trending,Majority-share in Rajasthan,2
MRV AUTOMATES,LUBES,ZF04N438637GM,ENGINE OIL BOTTLE 20W40 (4T),0.878,Cross-State Trending,Majority-share in Rajasthan,3
MRV AUTOMATES,LUBES,ZF04N445957GM,Engine Oil 2W 20W40 4T,0.852,Cross-State Trending,Majority-share in Rajasthan,4
MRV AUTOMATES,LUBES,ZF04N187507GM,EP - 90 Gear Fluid 500 ml,0.749,Cross-State Trending,Majority-share in Punjab,5
MRV AUTOMATES,OTHERS,ZF04L927687GM,SHOCK ABS OIL 350ml,0.657,Cross-State Trending,Majority-share in Kerala,6
MRV AUTOMATES,BRAKE PARTS,ZF047126167GM,CALIPER ASSEMBLY RH (H43/2),0.585,Cross-State Trending,Majority-share in Punjab,7
MRV AUTOMATES,BRAKE PARTS,ZF047126127GM,CALIPER ASSEMBLY LH (R)(H42/2),0.57,Cross-State Trending,Majority-share in Punjab,8
MRV AUTOMATES,LUBES,ZF04N65848AST,2W ENGINE OIL BOTTLE 20W40 (4T) (900 ml),0.54,Cross-State Trending,Majority-share in Rajasthan,9
MRV AUTOMATES,EMS,ZF04N261775IC,IGNITION COIL,0.51,Cross-State Trending,Majority-share in Maharashtra,10
MRV AUTOMATES,BRAKE PARTS,ZF047168007GM,W/C ALTO (K53/100),1.0,Personal Repeat Purchase,Top 5 by recency-weighted quantity,11
MRV AUTOMATES,BRAKE PARTS,ZF86AB77527GM,SHOE KIT,0.8182184602982668,Personal Repeat Purchase,Top 5 by recency-weighted quantity,12
MRV AUTOMATES,BRAKE PARTS,ZF043185987GM,W/C  ASSY(15.87)(K14/100),0.7013301088270859,Personal Repeat Purchase,Top 5 by recency-weighted quantity,13
MRV AUTOMATES,BRAKE PARTS,ZF86AB75817GM,SHOE KIT(15),0.6444981862152358,Personal Repeat Purchase,Top 5 by recency-weighted quantity,14
MRV AUTOMATES,BRAKE PARTS,ZF04L699607GM,W/C ASSY. XYLO (Equlnt)(K62/25),0.5765820233776703,Personal Repeat Purchase,Top 5 by recency-weighted quantity,15
Marvin Motors,LUBES,ZF04N216677GM,EP - 90 Gear Fluid 26 ltr,0.938,Cross-State Trending,Majority-share in Rajasthan,1
Marvin Motors,LUBES,ZF04N438637GM,ENGINE OIL BOTTLE 20W40 (4T),0.878,Cross-State Trending,Majority-share in Rajasthan,2
Marvin Motors,LUBES,ZF04N445957GM,Engine Oil 2W 20W40 4T,0.852,Cross-State Trending,Majority-share in Rajasthan,3
Marvin Motors,LUBES,ZF04N187507GM,EP - 90 Gear Fluid 500 ml,0.749,Cross-State Trending,Majority-share in Punjab,4
Marvin Motors,AC GAS,ZF04N260123AC,R134A GAS CAN,0.602,Cross-State Trending,Majority-share in Haryana,5
Marvin Motors,BRAKE PARTS,ZF047126167GM,CALIPER ASSEMBLY RH (H43/2),0.585,Cross-State Trending,Majority-share in Punjab,6
Marvin Motors,BRAKE PARTS,ZF047126127GM,CALIPER ASSEMBLY LH (R)(H42/2),0.57,Cross-State Trending,Majority-share in Punjab,7
Marvin Motors,LUBES,ZF04N65848AST,2W ENGINE OIL BOTTLE 20W40 (4T) (900 ml),0.54,Cross-State Trending,Majority-share in Rajasthan,8
Marvin Motors,BRAKE PARTS,ZF86AB71457GM,PAD WINGER NEW (NEW)(I31/8),0.515,Cross-State Trending,Majority-share in Assam,9
Marvin Motors,EMS,ZF04N261775IC,IGNITION COIL,0.51,Cross-State Trending,Majority-share in Maharashtra,10
Marvin Motors,BRAKE PARTS,ZF04L688207GM,"PAD KIT,  Frt",1.0,Personal Repeat Purchase,Top 5 by recency-weighted quantity,11
Marvin Motors,BRAKE PARTS,ZF86AB75887GM,SHOE KIT(INCRIMENTAL ADJ.)15,0.8732876712328768,Personal Repeat Purchase,Top 5 by recency-weighted quantity,12
Marvin Motors,BRAKE PARTS,ZF043185987GM,W/C  ASSY(15.87)(K14/100),0.7871004566210046,Personal Repeat Purchase,Top 5 by recency-weighted quantity,13
Marvin Motors,BRAKE PARTS,ZF86AB73287GM,KBX  PAD KIT,0.7220319634703196,Personal Repeat Purchase,Top 5 by recency-weighted quantity,14
Marvin Motors,BRAKE PARTS,ZF86AB75867GM,MINOR KIT W/C(J91/250),0.684931506849315,Personal Repeat Purchase,Top 5 by recency-weighted quantity,15
Motor Oil Company,LUBES,ZF04N216677GM,EP - 90 Gear Fluid 26 ltr,0.938,Cross-State Trending,Majority-share in Rajasthan,1
Motor Oil Company,LUBES,ZF04N438637GM,ENGINE OIL BOTTLE 20W40 (4T),0.878,Cross-State Trending,Majority-share in Rajasthan,2
Motor Oil Company,LUBES,ZF04N445957GM,Engine Oil 2W 20W40 4T,0.852,Cross-State Trending,Majority-share in Rajasthan,3
Motor Oil Company,LUBES,ZF04N187507GM,EP - 90 Gear Fluid 500 ml,0.749,Cross-State Trending,Majority-share in Punjab,4
Motor Oil Company,BRAKE PARTS,ZF04L707227GM,Shoe Kit M_HAWK / Safari,0.605,Cross-State Trending,Majority-share in Assam,5
Motor Oil Company,AC GAS,ZF04N260123AC,R134A GAS CAN,0.602,Cross-State Trending,Majority-share in Haryana,6
Motor Oil Company,BRAKE PARTS,ZF047126167GM,CALIPER ASSEMBLY RH (H43/2),0.585,Cross-State Trending,Majority-share in Punjab,7
Motor Oil Company,BRAKE PARTS,ZF047126127GM,CALIPER ASSEMBLY LH (R)(H42/2),0.57,Cross-State Trending,Majority-share in Punjab,8
Motor Oil Company,BRAKE PARTS,ZF04L688207GM,"PAD KIT,  Frt",0.549,Cross-State Trending,Majority-share in Gujarat,9
Motor Oil Company,LUBES,ZF04N65848AST,2W ENGINE OIL BOTTLE 20W40 (4T) (900 ml),0.54,Cross-State Trending,Majority-share in Rajasthan,10
Motor Oil Company,BRAKE FLUID,ZF86AB70057GM,BRAKE FLUID 1/4 LTR DOT3 (Non Petroleum),1.0,Personal Repeat Purchase,Top 5 by recency-weighted quantity,11
Motor Oil Company,BRAKE FLUID,ZF86AB70097GM,BRAKE FLUID 1/4 Lt  DOT4 (Non Petroleum),1.0,Personal Repeat Purchase,Top 5 by recency-weighted quantity,12
NANDANI TRADERS,LUBES,ZF04N216677GM,EP - 90 Gear Fluid 26 ltr,0.938,Cross-State Trending,Majority-share in Rajasthan,1
NANDANI TRADERS,LUBES,ZF04N438637GM,ENGINE OIL BOTTLE 20W40 (4T),0.878,Cross-State Trending,Majority-share in Rajasthan,2
NANDANI TRADERS,LUBES,ZF04N187507GM,EP - 90 Gear Fluid 500 ml,0.749,Cross-State Trending,Majority-share in Punjab,3
NANDANI TRADERS,OTHERS,ZF04L927687GM,SHOCK ABS OIL 350ml,0.657,Cross-State Trending,Majority-share in Kerala,4
NANDANI TRADERS,BRAKE PARTS,ZF04L707227GM,Shoe Kit M_HAWK / Safari,0.605,Cross-State Trending,Majority-share in Assam,5
NANDANI TRADERS,AC GAS,ZF04N260123AC,R134A GAS CAN,0.602,Cross-State Trending,Majority-share in Haryana,6
NANDANI TRADERS,BRAKE PARTS,ZF047126167GM,CALIPER ASSEMBLY RH (H43/2),0.585,Cross-State Trending,Majority-share in Punjab,7
NANDANI TRADERS,BRAKE PARTS,ZF047126127GM,CALIPER ASSEMBLY LH (R)(H42/2),0.57,Cross-State Trending,Majority-share in Punjab,8
NANDANI TRADERS,BRAKE PARTS,ZF86AB71457GM,PAD WINGER NEW (NEW)(I31/8),0.515,Cross-State Trending,Majority-share in Assam,9
NANDANI TRADERS,EMS,ZF04N261775IC,IGNITION COIL,0.51,Cross-State Trending,Majority-share in Maharashtra,10
NANDANI TRADERS,BRAKE PARTS,ZF04N229207GM,Shoes Assy W/O Spring,1.0,Personal Repeat Purchase,Top 5 by recency-weighted quantity,11
NANDANI TRADERS,BRAKE PARTS,ZF86AB73837GM,MINOR KIT W/C FR(J56/250),0.8345280764635603,Personal Repeat Purchase,Top 5 by recency-weighted quantity,12
NANDANI TRADERS,BRAKE PARTS,ZF86AB70567GM,SHOE KIT  (1 LEADING- 1 TRAILING),0.6583034647550776,Personal Repeat Purchase,Top 5 by recency-weighted quantity,13
NANDANI TRADERS,BRAKE PARTS,ZF043189847GM,W/C ASSY. LH(19.05 mm),0.534647550776583,Personal Repeat Purchase,Top 5 by recency-weighted quantity,14
NANDANI TRADERS,BRAKE PARTS,ZF86AB73627GM,SHOE KIT LH (A.A.),0.3951612903225806,Personal Repeat Purchase,Top 5 by recency-weighted quantity,15
NANDINI  AUTOMOTIVES,LUBES,ZF04N216677GM,EP - 90 Gear Fluid 26 ltr,0.938,Cross-State Trending,Majority-share in Rajasthan,1
NANDINI  AUTOMOTIVES,LUBES,ZF04N438637GM,ENGINE OIL BOTTLE 20W40 (4T),0.878,Cross-State Trending,Majority-share in Rajasthan,2
NANDINI  AUTOMOTIVES,LUBES,ZF04N445957GM,Engine Oil 2W 20W40 4T,0.852,Cross-State Trending,Majority-share in Rajasthan,3
NANDINI  AUTOMOTIVES,LUBES,ZF04N187507GM,EP - 90 Gear Fluid 500 ml,0.749,Cross-State Trending,Majority-share in Punjab,4
NANDINI  AUTOMOTIVES,AC GAS,ZF04N260123AC,R134A GAS CAN,0.602,Cross-State Trending,Majority-share in Haryana,5
NANDINI  AUTOMOTIVES,BRAKE PARTS,ZF047126167GM,CALIPER ASSEMBLY RH (H43/2),0.585,Cross-State Trending,Majority-share in Punjab,6
NANDINI  AUTOMOTIVES,BRAKE PARTS,ZF047126127GM,CALIPER ASSEMBLY LH (R)(H42/2),0.57,Cross-State Trending,Majority-share in Punjab,7
NANDINI  AUTOMOTIVES,BRAKE PARTS,ZF04L688207GM,"PAD KIT,  Frt",0.549,Cross-State Trending,Majority-share in Gujarat,8
NANDINI  AUTOMOTIVES,LUBES,ZF04N65848AST,2W ENGINE OIL BOTTLE 20W40 (4T) (900 ml),0.54,Cross-State Trending,Majority-share in Rajasthan,9
NANDINI  AUTOMOTIVES,EMS,ZF04N261775IC,IGNITION COIL,0.51,Cross-State Trending,Majority-share in Maharashtra,10
NANDINI  AUTOMOTIVES,BRAKE PARTS,ZF86AB70567GM,SHOE KIT  (1 LEADING- 1 TRAILING),1.0,Personal Repeat Purchase,Top 5 by recency-weighted quantity,11
NANDINI  AUTOMOTIVES,BRAKE FLUID,ZF86AB70007GM,BRAKE FLUID 100ml DOT3 (Non Petroleum),0.8595360824742269,Personal Repeat Purchase,Top 5 by recency-weighted quantity,12
NANDINI  AUTOMOTIVES,BRAKE PARTS,ZF86AB77527GM,SHOE KIT,0.6417525773195877,Personal Repeat Purchase,Top 5 by recency-weighted quantity,13
NANDINI  AUTOMOTIVES,BRAKE FLUID,ZF86AB70057GM,BRAKE FLUID 1/4 LTR DOT3 (Non Petroleum),0.6353092783505154,Personal Repeat Purchase,Top 5 by recency-weighted quantity,14
NANDINI  AUTOMOTIVES,BRAKE PARTS,ZF86AB73617GM,SHOE KIT  RH(A.A.),0.6095360824742269,Personal Repeat Purchase,Top 5 by recency-weighted quantity,15
NATIONAL AUTOMOBILES,LUBES,ZF04N216677GM,EP - 90 Gear Fluid 26 ltr,0.938,Cross-State Trending,Majority-share in Rajasthan,1
NATIONAL AUTOMOBILES,LUBES,ZF04N438657GM,2W ENGINE OIL BOTTLE 10W30 (4T) (1LTR),0.923,Cross-State Trending,Majority-share in Rajasthan,2
NATIONAL AUTOMOBILES,LUBES,ZF04N438637GM,ENGINE OIL BOTTLE 20W40 (4T),0.878,Cross-State Trending,Majority-share in Rajasthan,3
NATIONAL AUTOMOBILES,LUBES,ZF04N445957GM,Engine Oil 2W 20W40 4T,0.852,Cross-State Trending,Majority-share in Rajasthan,4
NATIONAL AUTOMOBILES,OTHERS,ZF04L927687GM,SHOCK ABS OIL 350ml,0.657,Cross-State Trending,Majority-share in Kerala,5
NATIONAL AUTOMOBILES,BRAKE PARTS,ZF04L707227GM,Shoe Kit M_HAWK / Safari,0.605,Cross-State Trending,Majority-share in Assam,6
NATIONAL AUTOMOBILES,AC GAS,ZF04N260123AC,R134A GAS CAN,0.602,Cross-State Trending,Majority-share in Haryana,7
NATIONAL AUTOMOBILES,BRAKE PARTS,ZF04L688207GM,"PAD KIT,  Frt",0.549,Cross-State Trending,Majority-share in Gujarat,8
NATIONAL AUTOMOBILES,LUBES,ZF04N65848AST,2W ENGINE OIL BOTTLE 20W40 (4T) (900 ml),0.54,Cross-State Trending,Majority-share in Rajasthan,9
NATIONAL AUTOMOBILES,EMS,ZF04N261775IC,IGNITION COIL,0.51,Cross-State Trending,Majority-share in Maharashtra,10
NATIONAL AUTOMOBILES,BRAKE PARTS,ZF043185987GM,W/C  ASSY(15.87)(K14/100),1.0,Personal Repeat Purchase,Top 5 by recency-weighted quantity,11
NATIONAL AUTOMOBILES,BRAKE PARTS,ZF047138407GM,"W/C ASSLY RR, Ø 15.87MM",0.722678043977683,Personal Repeat Purchase,Top 5 by recency-weighted quantity,12
NATIONAL AUTOMOBILES,BRAKE PARTS,ZF86AB73407GM,KBX  PAD KIT,0.6366918280275681,Personal Repeat Purchase,Top 5 by recency-weighted quantity,13
NATIONAL AUTOMOBILES,BRAKE PARTS,ZF047168007GM,W/C ALTO (K53/100),0.47554972103708565,Personal Repeat Purchase,Top 5 by recency-weighted quantity,14
NATIONAL AUTOMOBILES,BRAKE PARTS,ZF86AB75887GM,SHOE KIT(INCRIMENTAL ADJ.)15,0.4693140794223827,Personal Repeat Purchase,Top 5 by recency-weighted quantity,15
Nandini Automoties,LUBES,ZF04N216677GM,EP - 90 Gear Fluid 26 ltr,0.938,Cross-State Trending,Majority-share in Rajasthan,1
Nandini Automoties,LUBES,ZF04N438637GM,ENGINE OIL BOTTLE 20W40 (4T),0.878,Cross-State Trending,Majority-share in Rajasthan,2
Nandini Automoties,LUBES,ZF04N445957GM,Engine Oil 2W 20W40 4T,0.852,Cross-State Trending,Majority-share in Rajasthan,3
Nandini Automoties,LUBES,ZF04N187507GM,EP - 90 Gear Fluid 500 ml,0.749,Cross-State Trending,Majority-share in Punjab,4
Nandini Automoties,AC GAS,ZF04N260123AC,R134A GAS CAN,0.602,Cross-State Trending,Majority-share in Haryana,5
Nandini Automoties,BRAKE PARTS,ZF047126167GM,CALIPER ASSEMBLY RH (H43/2),0.585,Cross-State Trending,Majority-share in Punjab,6
Nandini Automoties,BRAKE PARTS,ZF047126127GM,CALIPER ASSEMBLY LH (R)(H42/2),0.57,Cross-State Trending,Majority-share in Punjab,7
Nandini Automoties,BRAKE PARTS,ZF04L688207GM,"PAD KIT,  Frt",0.549,Cross-State Trending,Majority-share in Gujarat,8
Nandini Automoties,LUBES,ZF04N65848AST,2W ENGINE OIL BOTTLE 20W40 (4T) (900 ml),0.54,Cross-State Trending,Majority-share in Rajasthan,9
Nandini Automoties,EMS,ZF04N261775IC,IGNITION COIL,0.51,Cross-State Trending,Majority-share in Maharashtra,10
Nandini Automoties,BRAKE FLUID,ZF86AB70057GM,BRAKE FLUID 1/4 LTR DOT3 (Non Petroleum),1.0,Personal Repeat Purchase,Top 5 by recency-weighted quantity,11
Nandini Automoties,BRAKE FLUID,ZF86AB70007GM,BRAKE FLUID 100ml DOT3 (Non Petroleum),0.6346153846153846,Personal Repeat Purchase,Top 5 by recency-weighted quantity,12
Nandini Automoties,BRAKE FLUID,ZF86AB70097GM,BRAKE FLUID 1/4 Lt  DOT4 (Non Petroleum),0.5961538461538461,Personal Repeat Purchase,Top 5 by recency-weighted quantity,13
Nandini Automoties,BRAKE PARTS,ZF86AB73837GM,MINOR KIT W/C FR(J56/250),0.5749336870026526,Personal Repeat Purchase,Top 5 by recency-weighted quantity,14
Nandini Automoties,BRAKE FLUID,ZF86AB70047GM,BRAKE FLUID 1/2 Lt DOT3 (Non Petroleum),0.5437665782493368,Personal Repeat Purchase,Top 5 by recency-weighted quantity,15
Nandini Automotives,LUBES,ZF04N216677GM,EP - 90 Gear Fluid 26 ltr,0.938,Cross-State Trending,Majority-share in Rajasthan,1
Nandini Automotives,LUBES,ZF04N438637GM,ENGINE OIL BOTTLE 20W40 (4T),0.878,Cross-State Trending,Majority-share in Rajasthan,2
Nandini Automotives,LUBES,ZF04N445957GM,Engine Oil 2W 20W40 4T,0.852,Cross-State Trending,Majority-share in Rajasthan,3
Nandini Automotives,LUBES,ZF04N187507GM,EP - 90 Gear Fluid 500 ml,0.749,Cross-State Trending,Majority-share in Punjab,4
Nandini Automotives,AC GAS,ZF04N260123AC,R134A GAS CAN,0.602,Cross-State Trending,Majority-share in Haryana,5
Nandini Automotives,BRAKE PARTS,ZF047126167GM,CALIPER ASSEMBLY RH (H43/2),0.585,Cross-State Trending,Majority-share in Punjab,6
Nandini Automotives,BRAKE PARTS,ZF047126127GM,CALIPER ASSEMBLY LH (R)(H42/2),0.57,Cross-State Trending,Majority-share in Punjab,7
Nandini Automotives,BRAKE PARTS,ZF04L688207GM,"PAD KIT,  Frt",0.549,Cross-State Trending,Majority-share in Gujarat,8
Nandini Automotives,LUBES,ZF04N65848AST,2W ENGINE OIL BOTTLE 20W40 (4T) (900 ml),0.54,Cross-State Trending,Majority-share in Rajasthan,9
Nandini Automotives,EMS,ZF04N261775IC,IGNITION COIL,0.51,Cross-State Trending,Majority-share in Maharashtra,10
Nandini Automotives,BRAKE PARTS,ZF86AB73617GM,SHOE KIT  RH(A.A.),1.0,Personal Repeat Purchase,Top 5 by recency-weighted quantity,11
Nandini Automotives,BRAKE FLUID,ZF86AB70057GM,BRAKE FLUID 1/4 LTR DOT3 (Non Petroleum),0.9940177849636217,Personal Repeat Purchase,Top 5 by recency-weighted quantity,12
Nandini Automotives,BRAKE PARTS,ZF86AB73627GM,SHOE KIT LH (A.A.),0.8509296685529507,Personal Repeat Purchase,Top 5 by recency-weighted quantity,13
Nandini Automotives,BRAKE PARTS,ZF043186027GM,WC ASSLY PVPL RR(K17/40),0.7152789005658852,Personal Repeat Purchase,Top 5 by recency-weighted quantity,14
Nandini Automotives,BRAKE PARTS,ZF86AB73837GM,MINOR KIT W/C FR(J56/250),0.7126919967663703,Personal Repeat Purchase,Top 5 by recency-weighted quantity,15
PARNAV AGENCIES PVT. LTD,LUBES,ZF04N216677GM,EP - 90 Gear Fluid 26 ltr,0.938,Cross-State Trending,Majority-share in Rajasthan,1
PARNAV AGENCIES PVT. LTD,LUBES,ZF04N438657GM,2W ENGINE OIL BOTTLE 10W30 (4T) (1LTR),0.923,Cross-State Trending,Majority-share in Rajasthan,2
PARNAV AGENCIES PVT. LTD,LUBES,ZF04N438637GM,ENGINE OIL BOTTLE 20W40 (4T),0.878,Cross-State Trending,Majority-share in Rajasthan,3
PARNAV AGENCIES PVT. LTD,LUBES,ZF04N445957GM,Engine Oil 2W 20W40 4T,0.852,Cross-State Trending,Majority-share in Rajasthan,4
PARNAV AGENCIES PVT. LTD,OTHERS,ZF04L927687GM,SHOCK ABS OIL 350ml,0.657,Cross-State Trending,Majority-share in Kerala,5
PARNAV AGENCIES PVT. LTD,BRAKE PARTS,ZF04N129287TG,ROTOR (MAX PASSENGER),0.586,Cross-State Trending,Majority-share in Telangana,6
PARNAV AGENCIES PVT. LTD,BRAKE PARTS,ZF047126167GM,CALIPER ASSEMBLY RH (H43/2),0.585,Cross-State Trending,Majority-share in Punjab,7
PARNAV AGENCIES PVT. LTD,BRAKE PARTS,ZF047126127GM,CALIPER ASSEMBLY LH (R)(H42/2),0.57,Cross-State Trending,Majority-share in Punjab,8
PARNAV AGENCIES PVT. LTD,LUBES,ZF04N65848AST,2W ENGINE OIL BOTTLE 20W40 (4T) (900 ml),0.54,Cross-State Trending,Majority-share in Rajasthan,9
PARNAV AGENCIES PVT. LTD,SUSPENSION,ZF04N330985SK,SHOCK ABSORBER  FORTU_NER RR/ RL,0.516,Cross-State Trending,Majority-share in Maharashtra,10
PARNAV AGENCIES PVT. LTD,BRAKE FLUID,ZF86AB70057GM,BRAKE FLUID 1/4 LTR DOT3 (Non Petroleum),1.0,Personal Repeat Purchase,Top 5 by recency-weighted quantity,11
PARNAV AGENCIES PVT. LTD,BRAKE PARTS,ZF86AB70567GM,SHOE KIT  (1 LEADING- 1 TRAILING),0.7603043753963221,Personal Repeat Purchase,Top 5 by recency-weighted quantity,12
PARNAV AGENCIES PVT. LTD,BRAKE PARTS,ZF043185987GM,W/C  ASSY(15.87)(K14/100),0.7523779327837666,Personal Repeat Purchase,Top 5 by recency-weighted quantity,13
PARNAV AGENCIES PVT. LTD,BRAKE PARTS,ZF043189017GM,W/C ASSY. RH(K23/40),0.7506341154090045,Personal Repeat Purchase,Top 5 by recency-weighted quantity,14
PARNAV AGENCIES PVT. LTD,BRAKE PARTS,ZF043189417GM,W/C ASSY. LH.omni (k26/40),0.7436588459099556,Personal Repeat Purchase,Top 5 by recency-weighted quantity,15
PONMANI AUTO CENTRE,LUBES,ZF04N216677GM,EP - 90 Gear Fluid 26 ltr,0.938,Cross-State Trending,Majority-share in Rajasthan,1
PONMANI AUTO CENTRE,LUBES,ZF04N438637GM,ENGINE OIL BOTTLE 20W40 (4T),0.878,Cross-State Trending,Majority-share in Rajasthan,2
PONMANI AUTO CENTRE,LUBES,ZF04N445957GM,Engine Oil 2W 20W40 4T,0.852,Cross-State Trending,Majority-share in Rajasthan,3
PONMANI AUTO CENTRE,LUBES,ZF04N187507GM,EP - 90 Gear Fluid 500 ml,0.749,Cross-State Trending,Majority-share in Punjab,4
PONMANI AUTO CENTRE,AC GAS,ZF04N260123AC,R134A GAS CAN,0.602,Cross-State Trending,Majority-share in Haryana,5
PONMANI AUTO CENTRE,BRAKE PARTS,ZF047126167GM,CALIPER ASSEMBLY RH (H43/2),0.585,Cross-State Trending,Majority-share in Punjab,6
PONMANI AUTO CENTRE,BRAKE PARTS,ZF047126127GM,CALIPER ASSEMBLY LH (R)(H42/2),0.57,Cross-State Trending,Majority-share in Punjab,7
PONMANI AUTO CENTRE,BRAKE PARTS,ZF04L688207GM,"PAD KIT,  Frt",0.549,Cross-State Trending,Majority-share in Gujarat,8
PONMANI AUTO CENTRE,LUBES,ZF04N65848AST,2W ENGINE OIL BOTTLE 20W40 (4T) (900 ml),0.54,Cross-State Trending,Majority-share in Rajasthan,9
PONMANI AUTO CENTRE,EMS,ZF04N261775IC,IGNITION COIL,0.51,Cross-State Trending,Majority-share in Maharashtra,10
PONMANI AUTO CENTRE,BRAKE PARTS,ZF043186027GM,WC ASSLY PVPL RR(K17/40),1.0,Personal Repeat Purchase,Top 5 by recency-weighted quantity,11
PONMANI AUTO CENTRE,BRAKE PARTS,ZF86AB73617GM,SHOE KIT  RH(A.A.),0.980709275136399,Personal Repeat Purchase,Top 5 by recency-weighted quantity,12
PONMANI AUTO CENTRE,BRAKE PARTS,ZF86AB73627GM,SHOE KIT LH (A.A.),0.9319953234606392,Personal Repeat Purchase,Top 5 by recency-weighted quantity,13
PONMANI AUTO CENTRE,BRAKE PARTS,ZF86AB73637GM,SHOE KIT FRONT (A.A.),0.7192127825409197,Personal Repeat Purchase,Top 5 by recency-weighted quantity,14
PONMANI AUTO CENTRE,BRAKE PARTS,ZF86AB73837GM,MINOR KIT W/C FR(J56/250),0.6554949337490257,Personal Repeat Purchase,Top 5 by recency-weighted quantity,15
PRITHVI DISTRIBUTORS,LUBES,ZF04N187507GM,EP - 90 Gear Fluid 500 ml,0.749,Cross-State Trending,Majority-share in Punjab,1
PRITHVI DISTRIBUTORS,OTHERS,ZF04L927687GM,SHOCK ABS OIL 350ml,0.657,Cross-State Trending,Majority-share in Kerala,2
PRITHVI DISTRIBUTORS,BRAKE PARTS,ZF047167857GM,WC S/A PENGUINE RR(K51/100),0.652,Cross-State Trending,Majority-share in Kerala,3
PRITHVI DISTRIBUTORS,BRAKE PARTS,ZF04L707227GM,Shoe Kit M_HAWK / Safari,0.605,Cross-State Trending,Majority-share in Assam,4
PRITHVI DISTRIBUTORS,AC GAS,ZF04N260123AC,R134A GAS CAN,0.602,Cross-State Trending,Majority-share in Haryana,5
PRITHVI DISTRIBUTORS,BRAKE PARTS,ZF047126167GM,CALIPER ASSEMBLY RH (H43/2),0.585,Cross-State Trending,Majority-share in Punjab,6
PRITHVI DISTRIBUTORS,BRAKE PARTS,ZF047126127GM,CALIPER ASSEMBLY LH (R)(H42/2),0.57,Cross-State Trending,Majority-share in Punjab,7
PRITHVI DISTRIBUTORS,BRAKE PARTS,ZF04L688207GM,"PAD KIT,  Frt",0.549,Cross-State Trending,Majority-share in Gujarat,8
PRITHVI DISTRIBUTORS,BRAKE PARTS,ZF86AB71457GM,PAD WINGER NEW (NEW)(I31/8),0.515,Cross-State Trending,Majority-share in Assam,9
PRITHVI DISTRIBUTORS,EMS,ZF04N261775IC,IGNITION COIL,0.51,Cross-State Trending,Majority-share in Maharashtra,10
PRITHVI DISTRIBUTORS,EMS,ZF04N261905IC,IGNITION COIL,1.0,Personal Repeat Purchase,Top 5 by recency-weighted quantity,11
PRITHVI DISTRIBUTORS,EMS,ZF04N263285FP,IN-TANK FUEL PUMP,1.0,Personal Repeat Purchase,Top 5 by recency-weighted quantity,12
PRITHVI DISTRIBUTORS,EMS,ZF04N263355FP,IN-TANK FUEL PUMP,1.0,Personal Repeat Purchase,Top 5 by recency-weighted quantity,13
PRITHVI DISTRIBUTORS,EMS,ZF04N591935FP,FUEL PUMP MODULE,1.0,Personal Repeat Purchase,Top 5 by recency-weighted quantity,14
PRITHVI DISTRIBUTORS,SUSPENSION,ZF04N331005SK,SHOCK ABSORBER INNO_VA FR,1.0,Personal Repeat Purchase,Top 5 by recency-weighted quantity,15
PUKHARAJ AUTOMOTIVE,LUBES,ZF04N216677GM,EP - 90 Gear Fluid 26 ltr,0.938,Cross-State Trending,Majority-share in Rajasthan,1
PUKHARAJ AUTOMOTIVE,LUBES,ZF04N438657GM,2W ENGINE OIL BOTTLE 10W30 (4T) (1LTR),0.923,Cross-State Trending,Majority-share in Rajasthan,2
PUKHARAJ AUTOMOTIVE,LUBES,ZF04N438637GM,ENGINE OIL BOTTLE 20W40 (4T),0.878,Cross-State Trending,Majority-share in Rajasthan,3
PUKHARAJ AUTOMOTIVE,LUBES,ZF04N445957GM,Engine Oil 2W 20W40 4T,0.852,Cross-State Trending,Majority-share in Rajasthan,4
PUKHARAJ AUTOMOTIVE,LUBES,ZF047979327GM,RADIATOR COOLANT 1 LTR. (Antifreeze),0.794,Cross-State Trending,Majority-share in Jammu and Kashmir,5
PUKHARAJ AUTOMOTIVE,OTHERS,ZF04L927687GM,SHOCK ABS OIL 350ml,0.657,Cross-State Trending,Majority-share in Kerala,6
PUKHARAJ AUTOMOTIVE,AC GAS,ZF04N260123AC,R134A GAS CAN,0.602,Cross-State Trending,Majority-share in Haryana,7
PUKHARAJ AUTOMOTIVE,BRAKE PARTS,ZF04N129287TG,ROTOR (MAX PASSENGER),0.586,Cross-State Trending,Majority-share in Telangana,8
PUKHARAJ AUTOMOTIVE,LUBES,ZF04N65848AST,2W ENGINE OIL BOTTLE 20W40 (4T) (900 ml),0.54,Cross-State Trending,Majority-share in Rajasthan,9
PUKHARAJ AUTOMOTIVE,BRAKE PARTS,ZF86AB71457GM,PAD WINGER NEW (NEW)(I31/8),0.515,Cross-State Trending,Majority-share in Assam,10
PUKHARAJ AUTOMOTIVE,BRAKE FLUID,ZF86AB70057GM,BRAKE FLUID 1/4 LTR DOT3 (Non Petroleum),1.0,Personal Repeat Purchase,Top 5 by recency-weighted quantity,11
PUKHARAJ AUTOMOTIVE,LUBES,ZF04N65832AST,GREEN COOLANT BOTTLE (1 LTR),0.8125,Personal Repeat Purchase,Top 5 by recency-weighted quantity,12
PUKHARAJ AUTOMOTIVE,OTHERS,ZF04L952167GM,POWER STEERING FLUID 1 Ltr,0.5775862068965517,Personal Repeat Purchase,Top 5 by recency-weighted quantity,13
PUKHARAJ AUTOMOTIVE,LUBES,ZF04N187517GM,EP - 90 Gear Fluid 1   ltr,0.5770474137931034,Personal Repeat Purchase,Top 5 by recency-weighted quantity,14
PUKHARAJ AUTOMOTIVE,BRAKE PARTS,ZF04L768967GM,"SHOE KIT WITH HBL, OMNI UPG.",0.37176724137931033,Personal Repeat Purchase,Top 5 by recency-weighted quantity,15
Pawan Enterprises,LUBES,ZF04N216677GM,EP - 90 Gear Fluid 26 ltr,0.938,Cross-State Trending,Majority-share in Rajasthan,1
Pawan Enterprises,LUBES,ZF04N438657GM,2W ENGINE OIL BOTTLE 10W30 (4T) (1LTR),0.923,Cross-State Trending,Majority-share in Rajasthan,2
Pawan Enterprises,LUBES,ZF04N438637GM,ENGINE OIL BOTTLE 20W40 (4T),0.878,Cross-State Trending,Majority-share in Rajasthan,3
Pawan Enterprises,LUBES,ZF04N445957GM,Engine Oil 2W 20W40 4T,0.852,Cross-State Trending,Majority-share in Rajasthan,4
Pawan Enterprises,LUBES,ZF047979327GM,RADIATOR COOLANT 1 LTR. (Antifreeze),0.794,Cross-State Trending,Majority-share in Jammu and Kashmir,5
Pawan Enterprises,LUBES,ZF04N187507GM,EP - 90 Gear Fluid 500 ml,0.749,Cross-State Trending,Majority-share in Punjab,6
Pawan Enterprises,OTHERS,ZF04L927687GM,SHOCK ABS OIL 350ml,0.657,Cross-State Trending,Majority-share in Kerala,7
Pawan Enterprises,OTHERS,ZF04N139417GM,Power Steering Fluid 5L,0.545,Cross-State Trending,Majority-share in Chhattisgarh,8
Pawan Enterprises,LUBES,ZF04N65848AST,2W ENGINE OIL BOTTLE 20W40 (4T) (900 ml),0.54,Cross-State Trending,Majority-share in Rajasthan,9
Pawan Enterprises,SUSPENSION,ZF04N330985SK,SHOCK ABSORBER  FORTU_NER RR/ RL,0.516,Cross-State Trending,Majority-share in Maharashtra,10
Pawan Enterprises,BRAKE FLUID,ZF86AB70057GM,BRAKE FLUID 1/4 LTR DOT3 (Non Petroleum),1.0,Personal Repeat Purchase,Top 5 by recency-weighted quantity,11
Pawan Enterprises,BRAKE FLUID,ZF86AB70097GM,BRAKE FLUID 1/4 Lt  DOT4 (Non Petroleum),0.6830870279146142,Personal Repeat Purchase,Top 5 by recency-weighted quantity,12
Pawan Enterprises,BRAKE PARTS,ZF04L699607GM,W/C ASSY. XYLO (Equlnt)(K62/25),0.513136288998358,Personal Repeat Purchase,Top 5 by recency-weighted quantity,13
Pawan Enterprises,BRAKE FLUID,ZF86AB70047GM,BRAKE FLUID 1/2 Lt DOT3 (Non Petroleum),0.3374384236453202,Personal Repeat Purchase,Top 5 by recency-weighted quantity,14
Pawan Enterprises,LUBES,ZF04N65832AST,GREEN COOLANT BOTTLE (1 LTR),0.3150656814449918,Personal Repeat Purchase,Top 5 by recency-weighted quantity,15
Philips Auto Agencies (India) Pvt L,LUBES,ZF04N216677GM,EP - 90 Gear Fluid 26 ltr,0.938,Cross-State Trending,Majority-share in Rajasthan,1
Philips Auto Agencies (India) Pvt L,LUBES,ZF04N438657GM,2W ENGINE OIL BOTTLE 10W30 (4T) (1LTR),0.923,Cross-State Trending,Majority-share in Rajasthan,2
Philips Auto Agencies (India) Pvt L,LUBES,ZF04N438637GM,ENGINE OIL BOTTLE 20W40 (4T),0.878,Cross-State Trending,Majority-share in Rajasthan,3
Philips Auto Agencies (India) Pvt L,LUBES,ZF04N445957GM,Engine Oil 2W 20W40 4T,0.852,Cross-State Trending,Majority-share in Rajasthan,4
Philips Auto Agencies (India) Pvt L,LUBES,ZF04N187507GM,EP - 90 Gear Fluid 500 ml,0.749,Cross-State Trending,Majority-share in Punjab,5
Philips Auto Agencies (India) Pvt L,BRAKE PARTS,ZF04L707227GM,Shoe Kit M_HAWK / Safari,0.605,Cross-State Trending,Majority-share in Assam,6
Philips Auto Agencies (India) Pvt L,AC GAS,ZF04N260123AC,R134A GAS CAN,0.602,Cross-State Trending,Majority-share in Haryana,7
Philips Auto Agencies (India) Pvt L,BRAKE PARTS,ZF047126167GM,CALIPER ASSEMBLY RH (H43/2),0.585,Cross-State Trending,Majority-share in Punjab,8
Philips Auto Agencies (India) Pvt L,LUBES,ZF04N65848AST,2W ENGINE OIL BOTTLE 20W40 (4T) (900 ml),0.54,Cross-State Trending,Majority-share in Rajasthan,9
Philips Auto Agencies (India) Pvt L,EMS,ZF04N261775IC,IGNITION COIL,0.51,Cross-State Trending,Majority-share in Maharashtra,10
Philips Auto Agencies (India) Pvt L,BRAKE FLUID,ZF86AB70057GM,BRAKE FLUID 1/4 LTR DOT3 (Non Petroleum),1.0,Personal Repeat Purchase,Top 5 by recency-weighted quantity,11
Philips Auto Agencies (India) Pvt L,BRAKE FLUID,ZF86AB70007GM,BRAKE FLUID 100ml DOT3 (Non Petroleum),0.7169344870210136,Personal Repeat Purchase,Top 5 by recency-weighted quantity,12
Philips Auto Agencies (India) Pvt L,BRAKE PARTS,ZF043185987GM,W/C  ASSY(15.87)(K14/100),0.6355583024309848,Personal Repeat Purchase,Top 5 by recency-weighted quantity,13
Philips Auto Agencies (India) Pvt L,BRAKE PARTS,ZF86AB73837GM,MINOR KIT W/C FR(J56/250),0.5854964977338277,Personal Repeat Purchase,Top 5 by recency-weighted quantity,14
Philips Auto Agencies (India) Pvt L,BRAKE FLUID,ZF86AB70097GM,BRAKE FLUID 1/4 Lt  DOT4 (Non Petroleum),0.5669550885867326,Personal Repeat Purchase,Top 5 by recency-weighted quantity,15
Prince Automobiles,LUBES,ZF04N216677GM,EP - 90 Gear Fluid 26 ltr,0.938,Cross-State Trending,Majority-share in Rajasthan,1
Prince Automobiles,LUBES,ZF04N438637GM,ENGINE OIL BOTTLE 20W40 (4T),0.878,Cross-State Trending,Majority-share in Rajasthan,2
Prince Automobiles,LUBES,ZF04N445957GM,Engine Oil 2W 20W40 4T,0.852,Cross-State Trending,Majority-share in Rajasthan,3
Prince Automobiles,LUBES,ZF04N187507GM,EP - 90 Gear Fluid 500 ml,0.749,Cross-State Trending,Majority-share in Punjab,4
Prince Automobiles,AC GAS,ZF04N260123AC,R134A GAS CAN,0.602,Cross-State Trending,Majority-share in Haryana,5
Prince Automobiles,BRAKE PARTS,ZF047126167GM,CALIPER ASSEMBLY RH (H43/2),0.585,Cross-State Trending,Majority-share in Punjab,6
Prince Automobiles,BRAKE PARTS,ZF047126127GM,CALIPER ASSEMBLY LH (R)(H42/2),0.57,Cross-State Trending,Majority-share in Punjab,7
Prince Automobiles,BRAKE PARTS,ZF04L688207GM,"PAD KIT,  Frt",0.549,Cross-State Trending,Majority-share in Gujarat,8
Prince Automobiles,LUBES,ZF04N65848AST,2W ENGINE OIL BOTTLE 20W40 (4T) (900 ml),0.54,Cross-State Trending,Majority-share in Rajasthan,9
Prince Automobiles,EMS,ZF04N261775IC,IGNITION COIL,0.51,Cross-State Trending,Majority-share in Maharashtra,10
Prince Automobiles,BRAKE PARTS,ZF047484147GM,SHOE KIT RH RR APE CITY (I 11/20),1.0,Personal Repeat Purchase,Top 5 by recency-weighted quantity,11
Prince Automobiles,OTHERS,ZF04L927677GM,SHOCK ABS OIl 175ml,0.85451197053407,Personal Repeat Purchase,Top 5 by recency-weighted quantity,12
R K Motors,LUBES,ZF04N216677GM,EP - 90 Gear Fluid 26 ltr,0.938,Cross-State Trending,Majority-share in Rajasthan,1
R K Motors,LUBES,ZF04N438637GM,ENGINE OIL BOTTLE 20W40 (4T),0.878,Cross-State Trending,Majority-share in Rajasthan,2
R K Motors,LUBES,ZF04N445957GM,Engine Oil 2W 20W40 4T,0.852,Cross-State Trending,Majority-share in Rajasthan,3
R K Motors,LUBES,ZF04N187507GM,EP - 90 Gear Fluid 500 ml,0.749,Cross-State Trending,Majority-share in Punjab,4
R K Motors,BRAKE PARTS,ZF04L707227GM,Shoe Kit M_HAWK / Safari,0.605,Cross-State Trending,Majority-share in Assam,5
R K Motors,AC GAS,ZF04N260123AC,R134A GAS CAN,0.602,Cross-State Trending,Majority-share in Haryana,6
R K Motors,BRAKE PARTS,ZF047126167GM,CALIPER ASSEMBLY RH (H43/2),0.585,Cross-State Trending,Majority-share in Punjab,7
R K Motors,BRAKE PARTS,ZF047126127GM,CALIPER ASSEMBLY LH (R)(H42/2),0.57,Cross-State Trending,Majority-share in Punjab,8
R K Motors,LUBES,ZF04N65848AST,2W ENGINE OIL BOTTLE 20W40 (4T) (900 ml),0.54,Cross-State Trending,Majority-share in Rajasthan,9
R K Motors,EMS,ZF04N261775IC,IGNITION COIL,0.51,Cross-State Trending,Majority-share in Maharashtra,10
R K Motors,OTHERS,ZF04L952167GM,POWER STEERING FLUID 1 Ltr,1.0,Personal Repeat Purchase,Top 5 by recency-weighted quantity,11
R K Motors,LUBES,ZF04N498727GM,4W ENGINE OIL 5W30 (3.5 LTR),0.8,Personal Repeat Purchase,Top 5 by recency-weighted quantity,12
R.A.TRADERS,LUBES,ZF04N216677GM,EP - 90 Gear Fluid 26 ltr,0.938,Cross-State Trending,Majority-share in Rajasthan,1
R.A.TRADERS,LUBES,ZF04N438657GM,2W ENGINE OIL BOTTLE 10W30 (4T) (1LTR),0.923,Cross-State Trending,Majority-share in Rajasthan,2
R.A.TRADERS,LUBES,ZF04N438637GM,ENGINE OIL BOTTLE 20W40 (4T),0.878,Cross-State Trending,Majority-share in Rajasthan,3
R.A.TRADERS,LUBES,ZF04N445957GM,Engine Oil 2W 20W40 4T,0.852,Cross-State Trending,Majority-share in Rajasthan,4
R.A.TRADERS,LUBES,ZF04N187507GM,EP - 90 Gear Fluid 500 ml,0.749,Cross-State Trending,Majority-share in Punjab,5
R.A.TRADERS,OTHERS,ZF04L927687GM,SHOCK ABS OIL 350ml,0.657,Cross-State Trending,Majority-share in Kerala,6
R.A.TRADERS,BRAKE PARTS,ZF047167857GM,WC S/A PENGUINE RR(K51/100),0.652,Cross-State Trending,Majority-share in Kerala,7
R.A.TRADERS,BRAKE PARTS,ZF04N129287TG,ROTOR (MAX PASSENGER),0.586,Cross-State Trending,Majority-share in Telangana,8
R.A.TRADERS,LUBES,ZF04N65848AST,2W ENGINE OIL BOTTLE 20W40 (4T) (900 ml),0.54,Cross-State Trending,Majority-share in Rajasthan,9
R.A.TRADERS,SUSPENSION,ZF04N330985SK,SHOCK ABSORBER  FORTU_NER RR/ RL,0.516,Cross-State Trending,Majority-share in Maharashtra,10
R.A.TRADERS,BRAKE FLUID,ZF86AB70097GM,BRAKE FLUID 1/4 Lt  DOT4 (Non Petroleum),1.0,Personal Repeat Purchase,Top 5 by recency-weighted quantity,11
R.A.TRADERS,BRAKE FLUID,ZF86AB70057GM,BRAKE FLUID 1/4 LTR DOT3 (Non Petroleum),0.8672199170124482,Personal Repeat Purchase,Top 5 by recency-weighted quantity,12
R.A.TRADERS,LUBES,ZF04N65832AST,GREEN COOLANT BOTTLE (1 LTR),0.8298755186721992,Personal Repeat Purchase,Top 5 by recency-weighted quantity,13
R.A.TRADERS,BRAKE PARTS,ZF04L726307GM,Wheel Cylinder Assy,0.4966286307053942,Personal Repeat Purchase,Top 5 by recency-weighted quantity,14
R.A.TRADERS,LUBES,ZF04N66571AST,GEAR OIL BOTTLE (80W90) (1 ltr),0.45643153526970953,Personal Repeat Purchase,Top 5 by recency-weighted quantity,15
RAHUL MARKETING,LUBES,ZF04N216677GM,EP - 90 Gear Fluid 26 ltr,0.938,Cross-State Trending,Majority-share in Rajasthan,1
RAHUL MARKETING,LUBES,ZF04N438657GM,2W ENGINE OIL BOTTLE 10W30 (4T) (1LTR),0.923,Cross-State Trending,Majority-share in Rajasthan,2
RAHUL MARKETING,LUBES,ZF04N438637GM,ENGINE OIL BOTTLE 20W40 (4T),0.878,Cross-State Trending,Majority-share in Rajasthan,3
RAHUL MARKETING,LUBES,ZF04N445957GM,Engine Oil 2W 20W40 4T,0.852,Cross-State Trending,Majority-share in Rajasthan,4
RAHUL MARKETING,LUBES,ZF04N187507GM,EP - 90 Gear Fluid 500 ml,0.749,Cross-State Trending,Majority-share in Punjab,5
RAHUL MARKETING,OTHERS,ZF04L927687GM,SHOCK ABS OIL 350ml,0.657,Cross-State Trending,Majority-share in Kerala,6
RAHUL MARKETING,BRAKE PARTS,ZF047167857GM,WC S/A PENGUINE RR(K51/100),0.652,Cross-State Trending,Majority-share in Kerala,7
RAHUL MARKETING,LUBES,ZF04N65848AST,2W ENGINE OIL BOTTLE 20W40 (4T) (900 ml),0.54,Cross-State Trending,Majority-share in Rajasthan,8
RAHUL MARKETING,SUSPENSION,ZF04N330985SK,SHOCK ABSORBER  FORTU_NER RR/ RL,0.516,Cross-State Trending,Majority-share in Maharashtra,9
RAHUL MARKETING,BRAKE PARTS,ZF86AB71457GM,PAD WINGER NEW (NEW)(I31/8),0.515,Cross-State Trending,Majority-share in Assam,10
RAHUL MARKETING,BRAKE FLUID,ZF86AB70057GM,BRAKE FLUID 1/4 LTR DOT3 (Non Petroleum),1.0,Personal Repeat Purchase,Top 5 by recency-weighted quantity,11
RAHUL MARKETING,BRAKE FLUID,ZF86AB70097GM,BRAKE FLUID 1/4 Lt  DOT4 (Non Petroleum),0.3393797542422469,Personal Repeat Purchase,Top 5 by recency-weighted quantity,12
RAHUL MARKETING,BRAKE PARTS,ZF04L92349KIT,TMC Assy Compact,0.2949093036863663,Personal Repeat Purchase,Top 5 by recency-weighted quantity,13
RAHUL MARKETING,OTHERS,ZF04L952157GM,POWER STEERING OIL BOTTLE(500ml),0.2884727911059099,Personal Repeat Purchase,Top 5 by recency-weighted quantity,14
RAHUL MARKETING,AC GAS,ZF04N260123AC,R134A GAS CAN,0.2545348156816852,Personal Repeat Purchase,Top 5 by recency-weighted quantity,15
RAJ AGENCIES,LUBES,ZF04N438657GM,2W ENGINE OIL BOTTLE 10W30 (4T) (1LTR),0.923,Cross-State Trending,Majority-share in Rajasthan,1
RAJ AGENCIES,LUBES,ZF04N438637GM,ENGINE OIL BOTTLE 20W40 (4T),0.878,Cross-State Trending,Majority-share in Rajasthan,2
RAJ AGENCIES,LUBES,ZF04N445957GM,Engine Oil 2W 20W40 4T,0.852,Cross-State Trending,Majority-share in Rajasthan,3
RAJ AGENCIES,LUBES,ZF047979327GM,RADIATOR COOLANT 1 LTR. (Antifreeze),0.794,Cross-State Trending,Majority-share in Jammu and Kashmir,4
RAJ AGENCIES,LUBES,ZF04N187507GM,EP - 90 Gear Fluid 500 ml,0.749,Cross-State Trending,Majority-share in Punjab,5
RAJ AGENCIES,OTHERS,ZF04L927687GM,SHOCK ABS OIL 350ml,0.657,Cross-State Trending,Majority-share in Kerala,6
RAJ AGENCIES,BRAKE PARTS,ZF047126167GM,CALIPER ASSEMBLY RH (H43/2),0.585,Cross-State Trending,Majority-share in Punjab,7
RAJ AGENCIES,BRAKE PARTS,ZF047126127GM,CALIPER ASSEMBLY LH (R)(H42/2),0.57,Cross-State Trending,Majority-share in Punjab,8
RAJ AGENCIES,LUBES,ZF04N65848AST,2W ENGINE OIL BOTTLE 20W40 (4T) (900 ml),0.54,Cross-State Trending,Majority-share in Rajasthan,9
RAJ AGENCIES,SUSPENSION,ZF04N330985SK,SHOCK ABSORBER  FORTU_NER RR/ RL,0.516,Cross-State Trending,Majority-share in Maharashtra,10
RAJ AGENCIES,BRAKE FLUID,ZF86AB70057GM,BRAKE FLUID 1/4 LTR DOT3 (Non Petroleum),1.0,Personal Repeat Purchase,Top 5 by recency-weighted quantity,11
RAJ AGENCIES,BRAKE FLUID,ZF86AB70007GM,BRAKE FLUID 100ml DOT3 (Non Petroleum),0.7738359201773836,Personal Repeat Purchase,Top 5 by recency-weighted quantity,12
RAJ AGENCIES,BRAKE FLUID,ZF86AB70097GM,BRAKE FLUID 1/4 Lt  DOT4 (Non Petroleum),0.29490022172949004,Personal Repeat Purchase,Top 5 by recency-weighted quantity,13
RAJ AGENCIES,BRAKE PARTS,ZF86AB73837GM,MINOR KIT W/C FR(J56/250),0.14056885082957413,Personal Repeat Purchase,Top 5 by recency-weighted quantity,14
RAJ AGENCIES,OTHERS,ZF04L952157GM,POWER STEERING OIL BOTTLE(500ml),0.1352549889135255,Personal Repeat Purchase,Top 5 by recency-weighted quantity,15
RAMESWAR AUTO ELECTRICAL PVT. LTD.,LUBES,ZF04N216677GM,EP - 90 Gear Fluid 26 ltr,0.938,Cross-State Trending,Majority-share in Rajasthan,1
RAMESWAR AUTO ELECTRICAL PVT. LTD.,LUBES,ZF04N438637GM,ENGINE OIL BOTTLE 20W40 (4T),0.878,Cross-State Trending,Majority-share in Rajasthan,2
RAMESWAR AUTO ELECTRICAL PVT. LTD.,LUBES,ZF04N445957GM,Engine Oil 2W 20W40 4T,0.852,Cross-State Trending,Majority-share in Rajasthan,3
RAMESWAR AUTO ELECTRICAL PVT. LTD.,BRAKE PARTS,ZF04L707227GM,Shoe Kit M_HAWK / Safari,0.605,Cross-State Trending,Majority-share in Assam,4
RAMESWAR AUTO ELECTRICAL PVT. LTD.,AC GAS,ZF04N260123AC,R134A GAS CAN,0.602,Cross-State Trending,Majority-share in Haryana,5
RAMESWAR AUTO ELECTRICAL PVT. LTD.,BRAKE PARTS,ZF047126167GM,CALIPER ASSEMBLY RH (H43/2),0.585,Cross-State Trending,Majority-share in Punjab,6
RAMESWAR AUTO ELECTRICAL PVT. LTD.,BRAKE PARTS,ZF047126127GM,CALIPER ASSEMBLY LH (R)(H42/2),0.57,Cross-State Trending,Majority-share in Punjab,7
RAMESWAR AUTO ELECTRICAL PVT. LTD.,LUBES,ZF04N65848AST,2W ENGINE OIL BOTTLE 20W40 (4T) (900 ml),0.54,Cross-State Trending,Majority-share in Rajasthan,8
RAMESWAR AUTO ELECTRICAL PVT. LTD.,BRAKE PARTS,ZF86AB71457GM,PAD WINGER NEW (NEW)(I31/8),0.515,Cross-State Trending,Majority-share in Assam,9
RAMESWAR AUTO ELECTRICAL PVT. LTD.,EMS,ZF04N261775IC,IGNITION COIL,0.51,Cross-State Trending,Majority-share in Maharashtra,10
RAMESWAR AUTO ELECTRICAL PVT. LTD.,BRAKE FLUID,ZF04L708617GM,BRAKE FLUID 100 ml  DOT4 (Non Petroleum),1.0,Personal Repeat Purchase,Top 5 by recency-weighted quantity,11
RAMESWAR AUTO ELECTRICAL PVT. LTD.,BRAKE FLUID,ZF86AB70007GM,BRAKE FLUID 100ml DOT3 (Non Petroleum),0.9613457408732999,Personal Repeat Purchase,Top 5 by recency-weighted quantity,12
RAMESWAR AUTO ELECTRICAL PVT. LTD.,BRAKE FLUID,ZF86AB70057GM,BRAKE FLUID 1/4 LTR DOT3 (Non Petroleum),0.7888332140300645,Personal Repeat Purchase,Top 5 by recency-weighted quantity,13
RAMESWAR AUTO ELECTRICAL PVT. LTD.,BRAKE PARTS,ZF86AB73837GM,MINOR KIT W/C FR(J56/250),0.5841088045812455,Personal Repeat Purchase,Top 5 by recency-weighted quantity,14
RAMESWAR AUTO ELECTRICAL PVT. LTD.,BRAKE PARTS,ZF86AB73617GM,SHOE KIT  RH(A.A.),0.5662133142448104,Personal Repeat Purchase,Top 5 by recency-weighted quantity,15
ROXY AUTOMOTIVES,LUBES,ZF04N216677GM,EP - 90 Gear Fluid 26 ltr,0.938,Cross-State Trending,Majority-share in Rajasthan,1
ROXY AUTOMOTIVES,LUBES,ZF04N438637GM,ENGINE OIL BOTTLE 20W40 (4T),0.878,Cross-State Trending,Majority-share in Rajasthan,2
ROXY AUTOMOTIVES,LUBES,ZF04N445957GM,Engine Oil 2W 20W40 4T,0.852,Cross-State Trending,Majority-share in Rajasthan,3
ROXY AUTOMOTIVES,LUBES,ZF04N187507GM,EP - 90 Gear Fluid 500 ml,0.749,Cross-State Trending,Majority-share in Punjab,4
ROXY AUTOMOTIVES,AC GAS,ZF04N260123AC,R134A GAS CAN,0.602,Cross-State Trending,Majority-share in Haryana,5
ROXY AUTOMOTIVES,BRAKE PARTS,ZF047126167GM,CALIPER ASSEMBLY RH (H43/2),0.585,Cross-State Trending,Majority-share in Punjab,6
ROXY AUTOMOTIVES,BRAKE PARTS,ZF047126127GM,CALIPER ASSEMBLY LH (R)(H42/2),0.57,Cross-State Trending,Majority-share in Punjab,7
ROXY AUTOMOTIVES,BRAKE PARTS,ZF04L688207GM,"PAD KIT,  Frt",0.549,Cross-State Trending,Majority-share in Gujarat,8
ROXY AUTOMOTIVES,LUBES,ZF04N65848AST,2W ENGINE OIL BOTTLE 20W40 (4T) (900 ml),0.54,Cross-State Trending,Majority-share in Rajasthan,9
ROXY AUTOMOTIVES,EMS,ZF04N261775IC,IGNITION COIL,0.51,Cross-State Trending,Majority-share in Maharashtra,10
ROXY AUTOMOTIVES,BRAKE FLUID,ZF86AB70007GM,BRAKE FLUID 100ml DOT3 (Non Petroleum),1.0,Personal Repeat Purchase,Top 5 by recency-weighted quantity,11
ROXY AUTOMOTIVES,BRAKE FLUID,ZF86AB70057GM,BRAKE FLUID 1/4 LTR DOT3 (Non Petroleum),1.0,Personal Repeat Purchase,Top 5 by recency-weighted quantity,12
Rajvir Auto Service Station,LUBES,ZF04N216677GM,EP - 90 Gear Fluid 26 ltr,0.938,Cross-State Trending,Majority-share in Rajasthan,1
Rajvir Auto Service Station,LUBES,ZF04N438657GM,2W ENGINE OIL BOTTLE 10W30 (4T) (1LTR),0.923,Cross-State Trending,Majority-share in Rajasthan,2
Rajvir Auto Service Station,LUBES,ZF04N438637GM,ENGINE OIL BOTTLE 20W40 (4T),0.878,Cross-State Trending,Majority-share in Rajasthan,3
Rajvir Auto Service Station,LUBES,ZF04N445957GM,Engine Oil 2W 20W40 4T,0.852,Cross-State Trending,Majority-share in Rajasthan,4
Rajvir Auto Service Station,LUBES,ZF04N187507GM,EP - 90 Gear Fluid 500 ml,0.749,Cross-State Trending,Majority-share in Punjab,5
Rajvir Auto Service Station,OTHERS,ZF04L927687GM,SHOCK ABS OIL 350ml,0.657,Cross-State Trending,Majority-share in Kerala,6
Rajvir Auto Service Station,AC GAS,ZF04N260123AC,R134A GAS CAN,0.602,Cross-State Trending,Majority-share in Haryana,7
Rajvir Auto Service Station,BRAKE PARTS,ZF047126167GM,CALIPER ASSEMBLY RH (H43/2),0.585,Cross-State Trending,Majority-share in Punjab,8
Rajvir Auto Service Station,BRAKE PARTS,ZF047126127GM,CALIPER ASSEMBLY LH (R)(H42/2),0.57,Cross-State Trending,Majority-share in Punjab,9
Rajvir Auto Service Station,LUBES,ZF04N65848AST,2W ENGINE OIL BOTTLE 20W40 (4T) (900 ml),0.54,Cross-State Trending,Majority-share in Rajasthan,10
Rajvir Auto Service Station,BRAKE FLUID,ZF86AB70097GM,BRAKE FLUID 1/4 Lt  DOT4 (Non Petroleum),1.0,Personal Repeat Purchase,Top 5 by recency-weighted quantity,11
Rajvir Auto Service Station,LUBES,ZF04N66571AST,GEAR OIL BOTTLE (80W90) (1 ltr),0.6153846153846154,Personal Repeat Purchase,Top 5 by recency-weighted quantity,12
Rajvir Auto Service Station,OTHERS,ZF04L952167GM,POWER STEERING FLUID 1 Ltr,0.5,Personal Repeat Purchase,Top 5 by recency-weighted quantity,13
Rajvir Auto Service Station,EMS,ZF04N261775IC,IGNITION COIL,0.4336870026525199,Personal Repeat Purchase,Top 5 by recency-weighted quantity,14
Rajvir Auto Service Station,BRAKE PARTS,ZF04L699607GM,W/C ASSY. XYLO (Equlnt)(K62/25),0.41942970822281167,Personal Repeat Purchase,Top 5 by recency-weighted quantity,15
Ramesh Agencies,LUBES,ZF04N216677GM,EP - 90 Gear Fluid 26 ltr,0.938,Cross-State Trending,Majority-share in Rajasthan,1
Ramesh Agencies,LUBES,ZF04N438637GM,ENGINE OIL BOTTLE 20W40 (4T),0.878,Cross-State Trending,Majority-share in Rajasthan,2
Ramesh Agencies,LUBES,ZF04N445957GM,Engine Oil 2W 20W40 4T,0.852,Cross-State Trending,Majority-share in Rajasthan,3
Ramesh Agencies,LUBES,ZF04N187507GM,EP - 90 Gear Fluid 500 ml,0.749,Cross-State Trending,Majority-share in Punjab,4
Ramesh Agencies,AC GAS,ZF04N260123AC,R134A GAS CAN,0.602,Cross-State Trending,Majority-share in Haryana,5
Ramesh Agencies,BRAKE PARTS,ZF047126167GM,CALIPER ASSEMBLY RH (H43/2),0.585,Cross-State Trending,Majority-share in Punjab,6
Ramesh Agencies,BRAKE PARTS,ZF047126127GM,CALIPER ASSEMBLY LH (R)(H42/2),0.57,Cross-State Trending,Majority-share in Punjab,7
Ramesh Agencies,BRAKE PARTS,ZF04L688207GM,"PAD KIT,  Frt",0.549,Cross-State Trending,Majority-share in Gujarat,8
Ramesh Agencies,LUBES,ZF04N65848AST,2W ENGINE OIL BOTTLE 20W40 (4T) (900 ml),0.54,Cross-State Trending,Majority-share in Rajasthan,9
Ramesh Agencies,EMS,ZF04N261775IC,IGNITION COIL,0.51,Cross-State Trending,Majority-share in Maharashtra,10
Ramesh Agencies,LUBES,ZF04N528967GM,3W ENGINE OIL 15W40 CH4 (1 LTR),1.0,Personal Repeat Purchase,Top 5 by recency-weighted quantity,11
Ramesh Agencies,LUBES,ZF04N52895KIT,3W ENGINE OIL 15W40 CH4 (500 ml),0.9333333333333333,Personal Repeat Purchase,Top 5 by recency-weighted quantity,12
Ramesh Agencies,OTHERS,ZF04N25260AFL,A/F APE BS4,0.6385057471264368,Personal Repeat Purchase,Top 5 by recency-weighted quantity,13
Ramesh Agencies,BRAKE FLUID,ZF86AB70007GM,BRAKE FLUID 100ml DOT3 (Non Petroleum),0.3333333333333333,Personal Repeat Purchase,Top 5 by recency-weighted quantity,14
Ramesh Agencies,BRAKE FLUID,ZF86AB70057GM,BRAKE FLUID 1/4 LTR DOT3 (Non Petroleum),0.3333333333333333,Personal Repeat Purchase,Top 5 by recency-weighted quantity,15
Rameswar Auto Electrical Pvt Ltd,LUBES,ZF04N216677GM,EP - 90 Gear Fluid 26 ltr,0.938,Cross-State Trending,Majority-share in Rajasthan,1
Rameswar Auto Electrical Pvt Ltd,LUBES,ZF04N438657GM,2W ENGINE OIL BOTTLE 10W30 (4T) (1LTR),0.923,Cross-State Trending,Majority-share in Rajasthan,2
Rameswar Auto Electrical Pvt Ltd,LUBES,ZF04N438637GM,ENGINE OIL BOTTLE 20W40 (4T),0.878,Cross-State Trending,Majority-share in Rajasthan,3
Rameswar Auto Electrical Pvt Ltd,LUBES,ZF04N445957GM,Engine Oil 2W 20W40 4T,0.852,Cross-State Trending,Majority-share in Rajasthan,4
Rameswar Auto Electrical Pvt Ltd,BRAKE PARTS,ZF04L707227GM,Shoe Kit M_HAWK / Safari,0.605,Cross-State Trending,Majority-share in Assam,5
Rameswar Auto Electrical Pvt Ltd,AC GAS,ZF04N260123AC,R134A GAS CAN,0.602,Cross-State Trending,Majority-share in Haryana,6
Rameswar Auto Electrical Pvt Ltd,BRAKE PARTS,ZF047126167GM,CALIPER ASSEMBLY RH (H43/2),0.585,Cross-State Trending,Majority-share in Punjab,7
Rameswar Auto Electrical Pvt Ltd,BRAKE PARTS,ZF047126127GM,CALIPER ASSEMBLY LH (R)(H42/2),0.57,Cross-State Trending,Majority-share in Punjab,8
Rameswar Auto Electrical Pvt Ltd,LUBES,ZF04N65848AST,2W ENGINE OIL BOTTLE 20W40 (4T) (900 ml),0.54,Cross-State Trending,Majority-share in Rajasthan,9
Rameswar Auto Electrical Pvt Ltd,EMS,ZF04N261775IC,IGNITION COIL,0.51,Cross-State Trending,Majority-share in Maharashtra,10
Rameswar Auto Electrical Pvt Ltd,BRAKE FLUID,ZF86AB70007GM,BRAKE FLUID 100ml DOT3 (Non Petroleum),1.0,Personal Repeat Purchase,Top 5 by recency-weighted quantity,11
Rameswar Auto Electrical Pvt Ltd,BRAKE PARTS,ZF86AB73837GM,MINOR KIT W/C FR(J56/250),0.9116781157998037,Personal Repeat Purchase,Top 5 by recency-weighted quantity,12
Rameswar Auto Electrical Pvt Ltd,BRAKE FLUID,ZF86AB70057GM,BRAKE FLUID 1/4 LTR DOT3 (Non Petroleum),0.8982662741249591,Personal Repeat Purchase,Top 5 by recency-weighted quantity,13
Rameswar Auto Electrical Pvt Ltd,BRAKE PARTS,ZF047143697GM,SHOE HOLD DOWN SPRING(A.A),0.7733889434085705,Personal Repeat Purchase,Top 5 by recency-weighted quantity,14
Rameswar Auto Electrical Pvt Ltd,BRAKE PARTS,ZF86AB73627GM,SHOE KIT LH (A.A.),0.7033038927052666,Personal Repeat Purchase,Top 5 by recency-weighted quantity,15
Royal Auto Mobile,LUBES,ZF04N216677GM,EP - 90 Gear Fluid 26 ltr,0.938,Cross-State Trending,Majority-share in Rajasthan,1
Royal Auto Mobile,LUBES,ZF04N438637GM,ENGINE OIL BOTTLE 20W40 (4T),0.878,Cross-State Trending,Majority-share in Rajasthan,2
Royal Auto Mobile,LUBES,ZF04N445957GM,Engine Oil 2W 20W40 4T,0.852,Cross-State Trending,Majority-share in Rajasthan,3
Royal Auto Mobile,LUBES,ZF04N187507GM,EP - 90 Gear Fluid 500 ml,0.749,Cross-State Trending,Majority-share in Punjab,4
Royal Auto Mobile,AC GAS,ZF04N260123AC,R134A GAS CAN,0.602,Cross-State Trending,Majority-share in Haryana,5
Royal Auto Mobile,BRAKE PARTS,ZF047126167GM,CALIPER ASSEMBLY RH (H43/2),0.585,Cross-State Trending,Majority-share in Punjab,6
Royal Auto Mobile,BRAKE PARTS,ZF047126127GM,CALIPER ASSEMBLY LH (R)(H42/2),0.57,Cross-State Trending,Majority-share in Punjab,7
Royal Auto Mobile,BRAKE PARTS,ZF04L688207GM,"PAD KIT,  Frt",0.549,Cross-State Trending,Majority-share in Gujarat,8
Royal Auto Mobile,LUBES,ZF04N65848AST,2W ENGINE OIL BOTTLE 20W40 (4T) (900 ml),0.54,Cross-State Trending,Majority-share in Rajasthan,9
Royal Auto Mobile,EMS,ZF04N261775IC,IGNITION COIL,0.51,Cross-State Trending,Majority-share in Maharashtra,10
Royal Auto Mobile,LUBES,ZF04N65849AST,2W ENGINE OIL BOTTLE 20W40 (4T) (1 ltr),1.0,Personal Repeat Purchase,Top 5 by recency-weighted quantity,11
Royal Auto Mobile,BRAKE FLUID,ZF86AB70007GM,BRAKE FLUID 100ml DOT3 (Non Petroleum),0.25375,Personal Repeat Purchase,Top 5 by recency-weighted quantity,12
Royal Auto Mobile,BRAKE FLUID,ZF86AB70057GM,BRAKE FLUID 1/4 LTR DOT3 (Non Petroleum),0.0725,Personal Repeat Purchase,Top 5 by recency-weighted quantity,13
Royal Auto Mobile,OTHERS,ZF04L927677GM,SHOCK ABS OIl 175ml,0.03625,Personal Repeat Purchase,Top 5 by recency-weighted quantity,14
Royal Auto Mobile,BRAKE PARTS,ZF04L906277TW,SHOE KIT 2W,0.02,Personal Repeat Purchase,Top 5 by recency-weighted quantity,15
S M AUTOMOBILES,LUBES,ZF04N216677GM,EP - 90 Gear Fluid 26 ltr,0.938,Cross-State Trending,Majority-share in Rajasthan,1
S M AUTOMOBILES,LUBES,ZF04N438637GM,ENGINE OIL BOTTLE 20W40 (4T),0.878,Cross-State Trending,Majority-share in Rajasthan,2
S M AUTOMOBILES,LUBES,ZF04N445957GM,Engine Oil 2W 20W40 4T,0.852,Cross-State Trending,Majority-share in Rajasthan,3
S M AUTOMOBILES,LUBES,ZF04N187507GM,EP - 90 Gear Fluid 500 ml,0.749,Cross-State Trending,Majority-share in Punjab,4
S M AUTOMOBILES,AC GAS,ZF04N260123AC,R134A GAS CAN,0.602,Cross-State Trending,Majority-share in Haryana,5
S M AUTOMOBILES,BRAKE PARTS,ZF047126167GM,CALIPER ASSEMBLY RH (H43/2),0.585,Cross-State Trending,Majority-share in Punjab,6
S M AUTOMOBILES,BRAKE PARTS,ZF047126127GM,CALIPER ASSEMBLY LH (R)(H42/2),0.57,Cross-State Trending,Majority-share in Punjab,7
S M AUTOMOBILES,BRAKE PARTS,ZF04L688207GM,"PAD KIT,  Frt",0.549,Cross-State Trending,Majority-share in Gujarat,8
S M AUTOMOBILES,LUBES,ZF04N65848AST,2W ENGINE OIL BOTTLE 20W40 (4T) (900 ml),0.54,Cross-State Trending,Majority-share in Rajasthan,9
S M AUTOMOBILES,EMS,ZF04N261775IC,IGNITION COIL,0.51,Cross-State Trending,Majority-share in Maharashtra,10
S M AUTOMOBILES,BRAKE PARTS,ZF86AB73817GM,MINOR KIT W/C FR(J54/250),1.0,Personal Repeat Purchase,Top 5 by recency-weighted quantity,11
S M AUTOMOBILES,BRAKE PARTS,ZF86AB73837GM,MINOR KIT W/C FR(J56/250),0.9973544973544973,Personal Repeat Purchase,Top 5 by recency-weighted quantity,12
S M AUTOMOBILES,BRAKE PARTS,ZF04L71188KIT,MINOR KIT TMC PIAGGIO,0.9606481481481481,Personal Repeat Purchase,Top 5 by recency-weighted quantity,13
S M AUTOMOBILES,BRAKE PARTS,ZF86AB73627GM,SHOE KIT LH (A.A.),0.9371693121693122,Personal Repeat Purchase,Top 5 by recency-weighted quantity,14
S M AUTOMOBILES,BRAKE PARTS,ZF04L71194KIT,MINOR KIT TMC,0.8978174603174603,Personal Repeat Purchase,Top 5 by recency-weighted quantity,15
S.R.AUTO SALES,LUBES,ZF04N216677GM,EP - 90 Gear Fluid 26 ltr,0.938,Cross-State Trending,Majority-share in Rajasthan,1
S.R.AUTO SALES,LUBES,ZF04N438657GM,2W ENGINE OIL BOTTLE 10W30 (4T) (1LTR),0.923,Cross-State Trending,Majority-share in Rajasthan,2
S.R.AUTO SALES,LUBES,ZF04N438637GM,ENGINE OIL BOTTLE 20W40 (4T),0.878,Cross-State Trending,Majority-share in Rajasthan,3
S.R.AUTO SALES,LUBES,ZF04N445957GM,Engine Oil 2W 20W40 4T,0.852,Cross-State Trending,Majority-share in Rajasthan,4
S.R.AUTO SALES,OTHERS,ZF04L927687GM,SHOCK ABS OIL 350ml,0.657,Cross-State Trending,Majority-share in Kerala,5
S.R.AUTO SALES,BRAKE PARTS,ZF04L707227GM,Shoe Kit M_HAWK / Safari,0.605,Cross-State Trending,Majority-share in Assam,6
S.R.AUTO SALES,AC GAS,ZF04N260123AC,R134A GAS CAN,0.602,Cross-State Trending,Majority-share in Haryana,7
S.R.AUTO SALES,LUBES,ZF04N65848AST,2W ENGINE OIL BOTTLE 20W40 (4T) (900 ml),0.54,Cross-State Trending,Majority-share in Rajasthan,8
S.R.AUTO SALES,BRAKE PARTS,ZF86AB71457GM,PAD WINGER NEW (NEW)(I31/8),0.515,Cross-State Trending,Majority-share in Assam,9
S.R.AUTO SALES,EMS,ZF04N261775IC,IGNITION COIL,0.51,Cross-State Trending,Majority-share in Maharashtra,10
S.R.AUTO SALES,BRAKE PARTS,ZF043185987GM,W/C  ASSY(15.87)(K14/100),1.0,Personal Repeat Purchase,Top 5 by recency-weighted quantity,11
S.R.AUTO SALES,BRAKE FLUID,ZF86AB70097GM,BRAKE FLUID 1/4 Lt  DOT4 (Non Petroleum),0.8444040036396724,Personal Repeat Purchase,Top 5 by recency-weighted quantity,12
S.R.AUTO SALES,BRAKE FLUID,ZF86AB70057GM,BRAKE FLUID 1/4 LTR DOT3 (Non Petroleum),0.6333030027297544,Personal Repeat Purchase,Top 5 by recency-weighted quantity,13
S.R.AUTO SALES,BRAKE FLUID,ZF86AB70047GM,BRAKE FLUID 1/2 Lt DOT3 (Non Petroleum),0.5805277525022748,Personal Repeat Purchase,Top 5 by recency-weighted quantity,14
S.R.AUTO SALES,BRAKE PARTS,ZF86AB73407GM,KBX  PAD KIT,0.39126478616924476,Personal Repeat Purchase,Top 5 by recency-weighted quantity,15
S.V.AUTO SALES,LUBES,ZF04N216677GM,EP - 90 Gear Fluid 26 ltr,0.938,Cross-State Trending,Majority-share in Rajasthan,1
S.V.AUTO SALES,LUBES,ZF04N438637GM,ENGINE OIL BOTTLE 20W40 (4T),0.878,Cross-State Trending,Majority-share in Rajasthan,2
S.V.AUTO SALES,LUBES,ZF04N445957GM,Engine Oil 2W 20W40 4T,0.852,Cross-State Trending,Majority-share in Rajasthan,3
S.V.AUTO SALES,LUBES,ZF04N187507GM,EP - 90 Gear Fluid 500 ml,0.749,Cross-State Trending,Majority-share in Punjab,4
S.V.AUTO SALES,AC GAS,ZF04N260123AC,R134A GAS CAN,0.602,Cross-State Trending,Majority-share in Haryana,5
S.V.AUTO SALES,BRAKE PARTS,ZF047126167GM,CALIPER ASSEMBLY RH (H43/2),0.585,Cross-State Trending,Majority-share in Punjab,6
S.V.AUTO SALES,BRAKE PARTS,ZF047126127GM,CALIPER ASSEMBLY LH (R)(H42/2),0.57,Cross-State Trending,Majority-share in Punjab,7
S.V.AUTO SALES,BRAKE PARTS,ZF04L688207GM,"PAD KIT,  Frt",0.549,Cross-State Trending,Majority-share in Gujarat,8
S.V.AUTO SALES,LUBES,ZF04N65848AST,2W ENGINE OIL BOTTLE 20W40 (4T) (900 ml),0.54,Cross-State Trending,Majority-share in Rajasthan,9
S.V.AUTO SALES,EMS,ZF04N261775IC,IGNITION COIL,0.51,Cross-State Trending,Majority-share in Maharashtra,10
S.V.AUTO SALES,BRAKE FLUID,ZF86AB70057GM,BRAKE FLUID 1/4 LTR DOT3 (Non Petroleum),1.0,Personal Repeat Purchase,Top 5 by recency-weighted quantity,11
S.V.AUTO SALES,BRAKE FLUID,ZF86AB70097GM,BRAKE FLUID 1/4 Lt  DOT4 (Non Petroleum),1.0,Personal Repeat Purchase,Top 5 by recency-weighted quantity,12
SAGAR TEMPO HOUSE,LUBES,ZF04N216677GM,EP - 90 Gear Fluid 26 ltr,0.938,Cross-State Trending,Majority-share in Rajasthan,1
SAGAR TEMPO HOUSE,LUBES,ZF04N438637GM,ENGINE OIL BOTTLE 20W40 (4T),0.878,Cross-State Trending,Majority-share in Rajasthan,2
SAGAR TEMPO HOUSE,LUBES,ZF04N445957GM,Engine Oil 2W 20W40 4T,0.852,Cross-State Trending,Majority-share in Rajasthan,3
SAGAR TEMPO HOUSE,LUBES,ZF04N187507GM,EP - 90 Gear Fluid 500 ml,0.749,Cross-State Trending,Majority-share in Punjab,4
SAGAR TEMPO HOUSE,AC GAS,ZF04N260123AC,R134A GAS CAN,0.602,Cross-State Trending,Majority-share in Haryana,5
SAGAR TEMPO HOUSE,BRAKE PARTS,ZF047126167GM,CALIPER ASSEMBLY RH (H43/2),0.585,Cross-State Trending,Majority-share in Punjab,6
SAGAR TEMPO HOUSE,BRAKE PARTS,ZF047126127GM,CALIPER ASSEMBLY LH (R)(H42/2),0.57,Cross-State Trending,Majority-share in Punjab,7
SAGAR TEMPO HOUSE,BRAKE PARTS,ZF04L688207GM,"PAD KIT,  Frt",0.549,Cross-State Trending,Majority-share in Gujarat,8
SAGAR TEMPO HOUSE,LUBES,ZF04N65848AST,2W ENGINE OIL BOTTLE 20W40 (4T) (900 ml),0.54,Cross-State Trending,Majority-share in Rajasthan,9
SAGAR TEMPO HOUSE,EMS,ZF04N261775IC,IGNITION COIL,0.51,Cross-State Trending,Majority-share in Maharashtra,10
SAGAR TEMPO HOUSE,BRAKE FLUID,ZF86AB70007GM,BRAKE FLUID 100ml DOT3 (Non Petroleum),1.0,Personal Repeat Purchase,Top 5 by recency-weighted quantity,11
SAGAR TEMPO HOUSE,BRAKE FLUID,ZF86AB70057GM,BRAKE FLUID 1/4 LTR DOT3 (Non Petroleum),1.0,Personal Repeat Purchase,Top 5 by recency-weighted quantity,12
SAGAR TEMPO HOUSE,BRAKE PARTS,ZF04L71189KIT,MINOR KIT BAL TMC IAM,0.3,Personal Repeat Purchase,Top 5 by recency-weighted quantity,13
SAGAR TEMPO HOUSE,BRAKE PARTS,ZF04L82030KIT,MINOR KIT (Only Seals),0.3,Personal Repeat Purchase,Top 5 by recency-weighted quantity,14
SAGAR TEMPO HOUSE,BRAKE PARTS,ZF04N229207GM,Shoes Assy W/O Spring,0.3,Personal Repeat Purchase,Top 5 by recency-weighted quantity,15
SHEKHAR AUTO CENTRE,LUBES,ZF04N216677GM,EP - 90 Gear Fluid 26 ltr,0.938,Cross-State Trending,Majority-share in Rajasthan,1
SHEKHAR AUTO CENTRE,LUBES,ZF04N438637GM,ENGINE OIL BOTTLE 20W40 (4T),0.878,Cross-State Trending,Majority-share in Rajasthan,2
SHEKHAR AUTO CENTRE,LUBES,ZF04N445957GM,Engine Oil 2W 20W40 4T,0.852,Cross-State Trending,Majority-share in Rajasthan,3
SHEKHAR AUTO CENTRE,LUBES,ZF04N187507GM,EP - 90 Gear Fluid 500 ml,0.749,Cross-State Trending,Majority-share in Punjab,4
SHEKHAR AUTO CENTRE,BRAKE PARTS,ZF04L707227GM,Shoe Kit M_HAWK / Safari,0.605,Cross-State Trending,Majority-share in Assam,5
SHEKHAR AUTO CENTRE,AC GAS,ZF04N260123AC,R134A GAS CAN,0.602,Cross-State Trending,Majority-share in Haryana,6
SHEKHAR AUTO CENTRE,BRAKE PARTS,ZF047126167GM,CALIPER ASSEMBLY RH (H43/2),0.585,Cross-State Trending,Majority-share in Punjab,7
SHEKHAR AUTO CENTRE,BRAKE PARTS,ZF047126127GM,CALIPER ASSEMBLY LH (R)(H42/2),0.57,Cross-State Trending,Majority-share in Punjab,8
SHEKHAR AUTO CENTRE,LUBES,ZF04N65848AST,2W ENGINE OIL BOTTLE 20W40 (4T) (900 ml),0.54,Cross-State Trending,Majority-share in Rajasthan,9
SHEKHAR AUTO CENTRE,BRAKE PARTS,ZF86AB71457GM,PAD WINGER NEW (NEW)(I31/8),0.515,Cross-State Trending,Majority-share in Assam,10
SHEKHAR AUTO CENTRE,BRAKE PARTS,ZF86AB77527GM,SHOE KIT,1.0,Personal Repeat Purchase,Top 5 by recency-weighted quantity,11
SHEKHAR AUTO CENTRE,LUBES,ZF04N65834AST,BLUE COOLANT BOTTLE (1 LTR),0.8980645161290323,Personal Repeat Purchase,Top 5 by recency-weighted quantity,12
SHEKHAR AUTO CENTRE,LUBES,ZF04N65832AST,GREEN COOLANT BOTTLE (1 LTR),0.7483870967741936,Personal Repeat Purchase,Top 5 by recency-weighted quantity,13
SHEKHAR AUTO CENTRE,BRAKE PARTS,ZF043186027GM,WC ASSLY PVPL RR(K17/40),0.3870967741935484,Personal Repeat Purchase,Top 5 by recency-weighted quantity,14
SHEKHAR AUTO CENTRE,BRAKE PARTS,ZF04L768967GM,"SHOE KIT WITH HBL, OMNI UPG.",0.3716129032258065,Personal Repeat Purchase,Top 5 by recency-weighted quantity,15
SHREE AGENCIES,LUBES,ZF04N216677GM,EP - 90 Gear Fluid 26 ltr,0.938,Cross-State Trending,Majority-share in Rajasthan,1
SHREE AGENCIES,LUBES,ZF04N438637GM,ENGINE OIL BOTTLE 20W40 (4T),0.878,Cross-State Trending,Majority-share in Rajasthan,2
SHREE AGENCIES,LUBES,ZF04N445957GM,Engine Oil 2W 20W40 4T,0.852,Cross-State Trending,Majority-share in Rajasthan,3
SHREE AGENCIES,LUBES,ZF04N187507GM,EP - 90 Gear Fluid 500 ml,0.749,Cross-State Trending,Majority-share in Punjab,4
SHREE AGENCIES,BRAKE PARTS,ZF04L707227GM,Shoe Kit M_HAWK / Safari,0.605,Cross-State Trending,Majority-share in Assam,5
SHREE AGENCIES,AC GAS,ZF04N260123AC,R134A GAS CAN,0.602,Cross-State Trending,Majority-share in Haryana,6
SHREE AGENCIES,BRAKE PARTS,ZF047126167GM,CALIPER ASSEMBLY RH (H43/2),0.585,Cross-State Trending,Majority-share in Punjab,7
SHREE AGENCIES,BRAKE PARTS,ZF047126127GM,CALIPER ASSEMBLY LH (R)(H42/2),0.57,Cross-State Trending,Majority-share in Punjab,8
SHREE AGENCIES,LUBES,ZF04N65848AST,2W ENGINE OIL BOTTLE 20W40 (4T) (900 ml),0.54,Cross-State Trending,Majority-share in Rajasthan,9
SHREE AGENCIES,BRAKE PARTS,ZF86AB71457GM,PAD WINGER NEW (NEW)(I31/8),0.515,Cross-State Trending,Majority-share in Assam,10
SHREE AGENCIES,BRAKE FLUID,ZF86AB70007GM,BRAKE FLUID 100ml DOT3 (Non Petroleum),1.0,Personal Repeat Purchase,Top 5 by recency-weighted quantity,11
SHREE AGENCIES,BRAKE FLUID,ZF86AB70057GM,BRAKE FLUID 1/4 LTR DOT3 (Non Petroleum),1.0,Personal Repeat Purchase,Top 5 by recency-weighted quantity,12
SHREE AGENCIES,BRAKE PARTS,ZF86AB77527GM,SHOE KIT,0.9339080459770115,Personal Repeat Purchase,Top 5 by recency-weighted quantity,13
SHREE AGENCIES,BRAKE PARTS,ZF043185987GM,W/C  ASSY(15.87)(K14/100),0.6824712643678161,Personal Repeat Purchase,Top 5 by recency-weighted quantity,14
SHREE AGENCIES,BRAKE PARTS,ZF043186027GM,WC ASSLY PVPL RR(K17/40),0.5747126436781609,Personal Repeat Purchase,Top 5 by recency-weighted quantity,15
SHREE BHARAT PETRO,LUBES,ZF04N216677GM,EP - 90 Gear Fluid 26 ltr,0.938,Cross-State Trending,Majority-share in Rajasthan,1
SHREE BHARAT PETRO,LUBES,ZF04N438637GM,ENGINE OIL BOTTLE 20W40 (4T),0.878,Cross-State Trending,Majority-share in Rajasthan,2
SHREE BHARAT PETRO,LUBES,ZF04N445957GM,Engine Oil 2W 20W40 4T,0.852,Cross-State Trending,Majority-share in Rajasthan,3
SHREE BHARAT PETRO,LUBES,ZF04N187507GM,EP - 90 Gear Fluid 500 ml,0.749,Cross-State Trending,Majority-share in Punjab,4
SHREE BHARAT PETRO,AC GAS,ZF04N260123AC,R134A GAS CAN,0.602,Cross-State Trending,Majority-share in Haryana,5
SHREE BHARAT PETRO,BRAKE PARTS,ZF047126167GM,CALIPER ASSEMBLY RH (H43/2),0.585,Cross-State Trending,Majority-share in Punjab,6
SHREE BHARAT PETRO,BRAKE PARTS,ZF047126127GM,CALIPER ASSEMBLY LH (R)(H42/2),0.57,Cross-State Trending,Majority-share in Punjab,7
SHREE BHARAT PETRO,BRAKE PARTS,ZF04L688207GM,"PAD KIT,  Frt",0.549,Cross-State Trending,Majority-share in Gujarat,8
SHREE BHARAT PETRO,LUBES,ZF04N65848AST,2W ENGINE OIL BOTTLE 20W40 (4T) (900 ml),0.54,Cross-State Trending,Majority-share in Rajasthan,9
SHREE BHARAT PETRO,EMS,ZF04N261775IC,IGNITION COIL,0.51,Cross-State Trending,Majority-share in Maharashtra,10
SHREE BHARAT PETRO,BRAKE FLUID,ZF86AB70057GM,BRAKE FLUID 1/4 LTR DOT3 (Non Petroleum),1.0,Personal Repeat Purchase,Top 5 by recency-weighted quantity,11
SHREE BHARAT PETRO,LUBES,ZF04N65832AST,GREEN COOLANT BOTTLE (1 LTR),0.5454545454545454,Personal Repeat Purchase,Top 5 by recency-weighted quantity,12
SHREE BHARAT PETRO,BRAKE FLUID,ZF86AB70007GM,BRAKE FLUID 100ml DOT3 (Non Petroleum),0.45454545454545453,Personal Repeat Purchase,Top 5 by recency-weighted quantity,13
SHREE TIRUPATI AUTO AGENCIES,LUBES,ZF04N216677GM,EP - 90 Gear Fluid 26 ltr,0.938,Cross-State Trending,Majority-share in Rajasthan,1
SHREE TIRUPATI AUTO AGENCIES,LUBES,ZF04N438637GM,ENGINE OIL BOTTLE 20W40 (4T),0.878,Cross-State Trending,Majority-share in Rajasthan,2
SHREE TIRUPATI AUTO AGENCIES,LUBES,ZF04N445957GM,Engine Oil 2W 20W40 4T,0.852,Cross-State Trending,Majority-share in Rajasthan,3
SHREE TIRUPATI AUTO AGENCIES,LUBES,ZF04N187507GM,EP - 90 Gear Fluid 500 ml,0.749,Cross-State Trending,Majority-share in Punjab,4
SHREE TIRUPATI AUTO AGENCIES,AC GAS,ZF04N260123AC,R134A GAS CAN,0.602,Cross-State Trending,Majority-share in Haryana,5
SHREE TIRUPATI AUTO AGENCIES,BRAKE PARTS,ZF047126167GM,CALIPER ASSEMBLY RH (H43/2),0.585,Cross-State Trending,Majority-share in Punjab,6
SHREE TIRUPATI AUTO AGENCIES,BRAKE PARTS,ZF047126127GM,CALIPER ASSEMBLY LH (R)(H42/2),0.57,Cross-State Trending,Majority-share in Punjab,7
SHREE TIRUPATI AUTO AGENCIES,BRAKE PARTS,ZF04L688207GM,"PAD KIT,  Frt",0.549,Cross-State Trending,Majority-share in Gujarat,8
SHREE TIRUPATI AUTO AGENCIES,LUBES,ZF04N65848AST,2W ENGINE OIL BOTTLE 20W40 (4T) (900 ml),0.54,Cross-State Trending,Majority-share in Rajasthan,9
SHREE TIRUPATI AUTO AGENCIES,EMS,ZF04N261775IC,IGNITION COIL,0.51,Cross-State Trending,Majority-share in Maharashtra,10
SHREE TIRUPATI AUTO AGENCIES,BRAKE FLUID,ZF86AB70057GM,BRAKE FLUID 1/4 LTR DOT3 (Non Petroleum),1.0,Personal Repeat Purchase,Top 5 by recency-weighted quantity,11
SHREE TIRUPATI AUTO AGENCIES,BRAKE FLUID,ZF86AB70007GM,BRAKE FLUID 100ml DOT3 (Non Petroleum),0.909323116219668,Personal Repeat Purchase,Top 5 by recency-weighted quantity,12
SHREE TIRUPATI AUTO AGENCIES,BRAKE PARTS,ZF86AB73617GM,SHOE KIT  RH(A.A.),0.3925007982120051,Personal Repeat Purchase,Top 5 by recency-weighted quantity,13
SHREE TIRUPATI AUTO AGENCIES,BRAKE PARTS,ZF86AB73627GM,SHOE KIT LH (A.A.),0.3888888888888889,Personal Repeat Purchase,Top 5 by recency-weighted quantity,14
SHREE TIRUPATI AUTO AGENCIES,BRAKE PARTS,ZF86AB70567GM,SHOE KIT  (1 LEADING- 1 TRAILING),0.34524664750957856,Personal Repeat Purchase,Top 5 by recency-weighted quantity,15
SIDDHI VINAYAK ENTERPRISES,LUBES,ZF04N216677GM,EP - 90 Gear Fluid 26 ltr,0.938,Cross-State Trending,Majority-share in Rajasthan,1
SIDDHI VINAYAK ENTERPRISES,LUBES,ZF04N438657GM,2W ENGINE OIL BOTTLE 10W30 (4T) (1LTR),0.923,Cross-State Trending,Majority-share in Rajasthan,2
SIDDHI VINAYAK ENTERPRISES,LUBES,ZF04N438637GM,ENGINE OIL BOTTLE 20W40 (4T),0.878,Cross-State Trending,Majority-share in Rajasthan,3
SIDDHI VINAYAK ENTERPRISES,LUBES,ZF04N445957GM,Engine Oil 2W 20W40 4T,0.852,Cross-State Trending,Majority-share in Rajasthan,4
SIDDHI VINAYAK ENTERPRISES,LUBES,ZF04N187507GM,EP - 90 Gear Fluid 500 ml,0.749,Cross-State Trending,Majority-share in Punjab,5
SIDDHI VINAYAK ENTERPRISES,OTHERS,ZF04L927687GM,SHOCK ABS OIL 350ml,0.657,Cross-State Trending,Majority-share in Kerala,6
SIDDHI VINAYAK ENTERPRISES,BRAKE PARTS,ZF047167857GM,WC S/A PENGUINE RR(K51/100),0.652,Cross-State Trending,Majority-share in Kerala,7
SIDDHI VINAYAK ENTERPRISES,BRAKE PARTS,ZF047126167GM,CALIPER ASSEMBLY RH (H43/2),0.585,Cross-State Trending,Majority-share in Punjab,8
SIDDHI VINAYAK ENTERPRISES,BRAKE PARTS,ZF047126127GM,CALIPER ASSEMBLY LH (R)(H42/2),0.57,Cross-State Trending,Majority-share in Punjab,9
SIDDHI VINAYAK ENTERPRISES,LUBES,ZF04N65848AST,2W ENGINE OIL BOTTLE 20W40 (4T) (900 ml),0.54,Cross-State Trending,Majority-share in Rajasthan,10
SIDDHI VINAYAK ENTERPRISES,BRAKE FLUID,ZF86AB70097GM,BRAKE FLUID 1/4 Lt  DOT4 (Non Petroleum),1.0,Personal Repeat Purchase,Top 5 by recency-weighted quantity,11
SIDDHI VINAYAK ENTERPRISES,BRAKE FLUID,ZF86AB70057GM,BRAKE FLUID 1/4 LTR DOT3 (Non Petroleum),0.9428251121076233,Personal Repeat Purchase,Top 5 by recency-weighted quantity,12
SIDDHI VINAYAK ENTERPRISES,OTHERS,ZF04L952157GM,POWER STEERING OIL BOTTLE(500ml),0.5880044843049327,Personal Repeat Purchase,Top 5 by recency-weighted quantity,13
SIDDHI VINAYAK ENTERPRISES,BRAKE PARTS,ZF86AB73837GM,MINOR KIT W/C FR(J56/250),0.41816143497757846,Personal Repeat Purchase,Top 5 by recency-weighted quantity,14
SIDDHI VINAYAK ENTERPRISES,LUBES,ZF04N187517GM,EP - 90 Gear Fluid 1   ltr,0.40358744394618834,Personal Repeat Purchase,Top 5 by recency-weighted quantity,15
SNEHA SRI MARKETER,LUBES,ZF04N216677GM,EP - 90 Gear Fluid 26 ltr,0.938,Cross-State Trending,Majority-share in Rajasthan,1
SNEHA SRI MARKETER,LUBES,ZF04N438637GM,ENGINE OIL BOTTLE 20W40 (4T),0.878,Cross-State Trending,Majority-share in Rajasthan,2
SNEHA SRI MARKETER,LUBES,ZF04N445957GM,Engine Oil 2W 20W40 4T,0.852,Cross-State Trending,Majority-share in Rajasthan,3
SNEHA SRI MARKETER,LUBES,ZF04N187507GM,EP - 90 Gear Fluid 500 ml,0.749,Cross-State Trending,Majority-share in Punjab,4
SNEHA SRI MARKETER,BRAKE PARTS,ZF04L707227GM,Shoe Kit M_HAWK / Safari,0.605,Cross-State Trending,Majority-share in Assam,5
SNEHA SRI MARKETER,AC GAS,ZF04N260123AC,R134A GAS CAN,0.602,Cross-State Trending,Majority-share in Haryana,6
SNEHA SRI MARKETER,BRAKE PARTS,ZF047126167GM,CALIPER ASSEMBLY RH (H43/2),0.585,Cross-State Trending,Majority-share in Punjab,7
SNEHA SRI MARKETER,BRAKE PARTS,ZF047126127GM,CALIPER ASSEMBLY LH (R)(H42/2),0.57,Cross-State Trending,Majority-share in Punjab,8
SNEHA SRI MARKETER,BRAKE PARTS,ZF04L688207GM,"PAD KIT,  Frt",0.549,Cross-State Trending,Majority-share in Gujarat,9
SNEHA SRI MARKETER,EMS,ZF04N261775IC,IGNITION COIL,0.51,Cross-State Trending,Majority-share in Maharashtra,10
SNEHA SRI MARKETER,BRAKE FLUID,ZF86AB70057GM,BRAKE FLUID 1/4 LTR DOT3 (Non Petroleum),1.0,Personal Repeat Purchase,Top 5 by recency-weighted quantity,11
SNEHA SRI MARKETER,BRAKE FLUID,ZF86AB70007GM,BRAKE FLUID 100ml DOT3 (Non Petroleum),0.725,Personal Repeat Purchase,Top 5 by recency-weighted quantity,12
SNEHA SRI MARKETER,BRAKE PARTS,ZF86AB73837GM,MINOR KIT W/C FR(J56/250),0.675,Personal Repeat Purchase,Top 5 by recency-weighted quantity,13
SNEHA SRI MARKETER,BRAKE PARTS,ZF86AB70567GM,SHOE KIT  (1 LEADING- 1 TRAILING),0.44913793103448274,Personal Repeat Purchase,Top 5 by recency-weighted quantity,14
SNEHA SRI MARKETER,BRAKE FLUID,ZF86AB70097GM,BRAKE FLUID 1/4 Lt  DOT4 (Non Petroleum),0.35344827586206895,Personal Repeat Purchase,Top 5 by recency-weighted quantity,15
SRI  BALAJI  AUTO  AGENCIES,LUBES,ZF04N216677GM,EP - 90 Gear Fluid 26 ltr,0.938,Cross-State Trending,Majority-share in Rajasthan,1
SRI  BALAJI  AUTO  AGENCIES,LUBES,ZF04N438637GM,ENGINE OIL BOTTLE 20W40 (4T),0.878,Cross-State Trending,Majority-share in Rajasthan,2
SRI  BALAJI  AUTO  AGENCIES,LUBES,ZF04N445957GM,Engine Oil 2W 20W40 4T,0.852,Cross-State Trending,Majority-share in Rajasthan,3
SRI  BALAJI  AUTO  AGENCIES,LUBES,ZF04N187507GM,EP - 90 Gear Fluid 500 ml,0.749,Cross-State Trending,Majority-share in Punjab,4
SRI  BALAJI  AUTO  AGENCIES,AC GAS,ZF04N260123AC,R134A GAS CAN,0.602,Cross-State Trending,Majority-share in Haryana,5
SRI  BALAJI  AUTO  AGENCIES,BRAKE PARTS,ZF047126167GM,CALIPER ASSEMBLY RH (H43/2),0.585,Cross-State Trending,Majority-share in Punjab,6
SRI  BALAJI  AUTO  AGENCIES,BRAKE PARTS,ZF047126127GM,CALIPER ASSEMBLY LH (R)(H42/2),0.57,Cross-State Trending,Majority-share in Punjab,7
SRI  BALAJI  AUTO  AGENCIES,BRAKE PARTS,ZF04L688207GM,"PAD KIT,  Frt",0.549,Cross-State Trending,Majority-share in Gujarat,8
SRI  BALAJI  AUTO  AGENCIES,LUBES,ZF04N65848AST,2W ENGINE OIL BOTTLE 20W40 (4T) (900 ml),0.54,Cross-State Trending,Majority-share in Rajasthan,9
SRI  BALAJI  AUTO  AGENCIES,EMS,ZF04N261775IC,IGNITION COIL,0.51,Cross-State Trending,Majority-share in Maharashtra,10
SRI  BALAJI  AUTO  AGENCIES,BRAKE FLUID,ZF86AB70097GM,BRAKE FLUID 1/4 Lt  DOT4 (Non Petroleum),1.0,Personal Repeat Purchase,Top 5 by recency-weighted quantity,11
SRI  BALAJI  AUTO  AGENCIES,OTHERS,ZF04L952157GM,POWER STEERING OIL BOTTLE(500ml),0.7386569872958257,Personal Repeat Purchase,Top 5 by recency-weighted quantity,12
SRI  BALAJI  AUTO  AGENCIES,BRAKE PARTS,ZF86AB70567GM,SHOE KIT  (1 LEADING- 1 TRAILING),0.49727767695099817,Personal Repeat Purchase,Top 5 by recency-weighted quantity,13
SRI  BALAJI  AUTO  AGENCIES,OTHERS,ZF04L952167GM,POWER STEERING FLUID 1 Ltr,0.43148820326678766,Personal Repeat Purchase,Top 5 by recency-weighted quantity,14
SRI  BALAJI  AUTO  AGENCIES,BRAKE PARTS,ZF047139217GM,W/C ASSY. RR. RH.(17.46 mm),0.3929219600725953,Personal Repeat Purchase,Top 5 by recency-weighted quantity,15
SUBHASH AUTO ENTERPRISES,LUBES,ZF04N216677GM,EP - 90 Gear Fluid 26 ltr,0.938,Cross-State Trending,Majority-share in Rajasthan,1
SUBHASH AUTO ENTERPRISES,LUBES,ZF04N438637GM,ENGINE OIL BOTTLE 20W40 (4T),0.878,Cross-State Trending,Majority-share in Rajasthan,2
SUBHASH AUTO ENTERPRISES,LUBES,ZF04N445957GM,Engine Oil 2W 20W40 4T,0.852,Cross-State Trending,Majority-share in Rajasthan,3
SUBHASH AUTO ENTERPRISES,LUBES,ZF04N187507GM,EP - 90 Gear Fluid 500 ml,0.749,Cross-State Trending,Majority-share in Punjab,4
SUBHASH AUTO ENTERPRISES,BRAKE PARTS,ZF04L707227GM,Shoe Kit M_HAWK / Safari,0.605,Cross-State Trending,Majority-share in Assam,5
SUBHASH AUTO ENTERPRISES,AC GAS,ZF04N260123AC,R134A GAS CAN,0.602,Cross-State Trending,Majority-share in Haryana,6
SUBHASH AUTO ENTERPRISES,BRAKE PARTS,ZF047126167GM,CALIPER ASSEMBLY RH (H43/2),0.585,Cross-State Trending,Majority-share in Punjab,7
SUBHASH AUTO ENTERPRISES,BRAKE PARTS,ZF047126127GM,CALIPER ASSEMBLY LH (R)(H42/2),0.57,Cross-State Trending,Majority-share in Punjab,8
SUBHASH AUTO ENTERPRISES,LUBES,ZF04N65848AST,2W ENGINE OIL BOTTLE 20W40 (4T) (900 ml),0.54,Cross-State Trending,Majority-share in Rajasthan,9
SUBHASH AUTO ENTERPRISES,BRAKE PARTS,ZF86AB71457GM,PAD WINGER NEW (NEW)(I31/8),0.515,Cross-State Trending,Majority-share in Assam,10
SUBHASH AUTO ENTERPRISES,BRAKE PARTS,ZF043189317GM,W /C ASSY RH SANTRO,1.0,Personal Repeat Purchase,Top 5 by recency-weighted quantity,11
SUBHASH AUTO ENTERPRISES,BRAKE PARTS,ZF043189947GM,W/C ASSY LH SANTRO,0.9622356495468278,Personal Repeat Purchase,Top 5 by recency-weighted quantity,12
SUBHASH AUTO ENTERPRISES,BRAKE PARTS,ZF043185987GM,W/C  ASSY(15.87)(K14/100),0.9327794561933535,Personal Repeat Purchase,Top 5 by recency-weighted quantity,13
SUBHASH AUTO ENTERPRISES,BRAKE PARTS,ZF047138407GM,"W/C ASSLY RR, Ø 15.87MM",0.6835347432024169,Personal Repeat Purchase,Top 5 by recency-weighted quantity,14
SUBHASH AUTO ENTERPRISES,BRAKE PARTS,ZF86AB70567GM,SHOE KIT  (1 LEADING- 1 TRAILING),0.6616314199395771,Personal Repeat Purchase,Top 5 by recency-weighted quantity,15
SUKH AGENCY,LUBES,ZF04N216677GM,EP - 90 Gear Fluid 26 ltr,0.938,Cross-State Trending,Majority-share in Rajasthan,1
SUKH AGENCY,LUBES,ZF04N438637GM,ENGINE OIL BOTTLE 20W40 (4T),0.878,Cross-State Trending,Majority-share in Rajasthan,2
SUKH AGENCY,LUBES,ZF04N445957GM,Engine Oil 2W 20W40 4T,0.852,Cross-State Trending,Majority-share in Rajasthan,3
SUKH AGENCY,LUBES,ZF04N187507GM,EP - 90 Gear Fluid 500 ml,0.749,Cross-State Trending,Majority-share in Punjab,4
SUKH AGENCY,BRAKE PARTS,ZF04L707227GM,Shoe Kit M_HAWK / Safari,0.605,Cross-State Trending,Majority-share in Assam,5
SUKH AGENCY,AC GAS,ZF04N260123AC,R134A GAS CAN,0.602,Cross-State Trending,Majority-share in Haryana,6
SUKH AGENCY,BRAKE PARTS,ZF047126167GM,CALIPER ASSEMBLY RH (H43/2),0.585,Cross-State Trending,Majority-share in Punjab,7
SUKH AGENCY,BRAKE PARTS,ZF047126127GM,CALIPER ASSEMBLY LH (R)(H42/2),0.57,Cross-State Trending,Majority-share in Punjab,8
SUKH AGENCY,BRAKE PARTS,ZF04L688207GM,"PAD KIT,  Frt",0.549,Cross-State Trending,Majority-share in Gujarat,9
SUKH AGENCY,LUBES,ZF04N65848AST,2W ENGINE OIL BOTTLE 20W40 (4T) (900 ml),0.54,Cross-State Trending,Majority-share in Rajasthan,10
SUKH AGENCY,OTHERS,ZF04L927687GM,SHOCK ABS OIL 350ml,1.0,Personal Repeat Purchase,Top 5 by recency-weighted quantity,11
SUKH AGENCY,BRAKE FLUID,ZF04L708617GM,BRAKE FLUID 100 ml  DOT4 (Non Petroleum),0.7671957671957672,Personal Repeat Purchase,Top 5 by recency-weighted quantity,12
SUKH AGENCY,OTHERS,ZF04L927677GM,SHOCK ABS OIl 175ml,0.6904761904761905,Personal Repeat Purchase,Top 5 by recency-weighted quantity,13
SUKH AGENCY,BRAKE FLUID,ZF86AB70057GM,BRAKE FLUID 1/4 LTR DOT3 (Non Petroleum),0.3835978835978836,Personal Repeat Purchase,Top 5 by recency-weighted quantity,14
SUKH AGENCY,BRAKE FLUID,ZF86AB70097GM,BRAKE FLUID 1/4 Lt  DOT4 (Non Petroleum),0.23015873015873015,Personal Repeat Purchase,Top 5 by recency-weighted quantity,15
SUNLITE AUTO AGENCIES,LUBES,ZF04N216677GM,EP - 90 Gear Fluid 26 ltr,0.938,Cross-State Trending,Majority-share in Rajasthan,1
SUNLITE AUTO AGENCIES,LUBES,ZF04N438637GM,ENGINE OIL BOTTLE 20W40 (4T),0.878,Cross-State Trending,Majority-share in Rajasthan,2
SUNLITE AUTO AGENCIES,LUBES,ZF04N445957GM,Engine Oil 2W 20W40 4T,0.852,Cross-State Trending,Majority-share in Rajasthan,3
SUNLITE AUTO AGENCIES,LUBES,ZF04N187507GM,EP - 90 Gear Fluid 500 ml,0.749,Cross-State Trending,Majority-share in Punjab,4
SUNLITE AUTO AGENCIES,BRAKE PARTS,ZF04L707227GM,Shoe Kit M_HAWK / Safari,0.605,Cross-State Trending,Majority-share in Assam,5
SUNLITE AUTO AGENCIES,AC GAS,ZF04N260123AC,R134A GAS CAN,0.602,Cross-State Trending,Majority-share in Haryana,6
SUNLITE AUTO AGENCIES,BRAKE PARTS,ZF047126167GM,CALIPER ASSEMBLY RH (H43/2),0.585,Cross-State Trending,Majority-share in Punjab,7
SUNLITE AUTO AGENCIES,BRAKE PARTS,ZF047126127GM,CALIPER ASSEMBLY LH (R)(H42/2),0.57,Cross-State Trending,Majority-share in Punjab,8
SUNLITE AUTO AGENCIES,LUBES,ZF04N65848AST,2W ENGINE OIL BOTTLE 20W40 (4T) (900 ml),0.54,Cross-State Trending,Majority-share in Rajasthan,9
SUNLITE AUTO AGENCIES,BRAKE PARTS,ZF86AB71457GM,PAD WINGER NEW (NEW)(I31/8),0.515,Cross-State Trending,Majority-share in Assam,10
SUNLITE AUTO AGENCIES,BRAKE PARTS,ZF86AB75107GM,MINOR KIT W/C RR.(J78/500),1.0,Personal Repeat Purchase,Top 5 by recency-weighted quantity,11
SUNLITE AUTO AGENCIES,BRAKE PARTS,ZF86AB75097GM,MINOR KIT W/C FRT.(J77/500),0.8257956448911222,Personal Repeat Purchase,Top 5 by recency-weighted quantity,12
SUNLITE AUTO AGENCIES,BRAKE PARTS,ZF043185987GM,W/C  ASSY(15.87)(K14/100),0.7776381909547738,Personal Repeat Purchase,Top 5 by recency-weighted quantity,13
SUNLITE AUTO AGENCIES,BRAKE PARTS,ZF043189017GM,W/C ASSY. RH(K23/40),0.6072026800670016,Personal Repeat Purchase,Top 5 by recency-weighted quantity,14
SUNLITE AUTO AGENCIES,BRAKE PARTS,ZF047138407GM,"W/C ASSLY RR, Ø 15.87MM",0.5862646566164154,Personal Repeat Purchase,Top 5 by recency-weighted quantity,15
Sai Ganesh Diesel Works,LUBES,ZF04N216677GM,EP - 90 Gear Fluid 26 ltr,0.938,Cross-State Trending,Majority-share in Rajasthan,1
Sai Ganesh Diesel Works,LUBES,ZF04N438637GM,ENGINE OIL BOTTLE 20W40 (4T),0.878,Cross-State Trending,Majority-share in Rajasthan,2
Sai Ganesh Diesel Works,LUBES,ZF04N445957GM,Engine Oil 2W 20W40 4T,0.852,Cross-State Trending,Majority-share in Rajasthan,3
Sai Ganesh Diesel Works,LUBES,ZF04N187507GM,EP - 90 Gear Fluid 500 ml,0.749,Cross-State Trending,Majority-share in Punjab,4
Sai Ganesh Diesel Works,AC GAS,ZF04N260123AC,R134A GAS CAN,0.602,Cross-State Trending,Majority-share in Haryana,5
Sai Ganesh Diesel Works,BRAKE PARTS,ZF047126167GM,CALIPER ASSEMBLY RH (H43/2),0.585,Cross-State Trending,Majority-share in Punjab,6
Sai Ganesh Diesel Works,BRAKE PARTS,ZF047126127GM,CALIPER ASSEMBLY LH (R)(H42/2),0.57,Cross-State Trending,Majority-share in Punjab,7
Sai Ganesh Diesel Works,BRAKE PARTS,ZF04L688207GM,"PAD KIT,  Frt",0.549,Cross-State Trending,Majority-share in Gujarat,8
Sai Ganesh Diesel Works,LUBES,ZF04N65848AST,2W ENGINE OIL BOTTLE 20W40 (4T) (900 ml),0.54,Cross-State Trending,Majority-share in Rajasthan,9
Sai Ganesh Diesel Works,EMS,ZF04N261775IC,IGNITION COIL,0.51,Cross-State Trending,Majority-share in Maharashtra,10
Sai Ganesh Diesel Works,BRAKE PARTS,ZF86AB73617GM,SHOE KIT  RH(A.A.),1.0,Personal Repeat Purchase,Top 5 by recency-weighted quantity,11
Sai Ganesh Diesel Works,BRAKE PARTS,ZF86AB73817GM,MINOR KIT W/C FR(J54/250),0.6666666666666666,Personal Repeat Purchase,Top 5 by recency-weighted quantity,12
Sai Ganesh Diesel Works,BRAKE PARTS,ZF86AB73837GM,MINOR KIT W/C FR(J56/250),0.6666666666666666,Personal Repeat Purchase,Top 5 by recency-weighted quantity,13
Sai Ganesh Diesel Works,BRAKE PARTS,ZF86AB77527GM,SHOE KIT,0.6666666666666666,Personal Repeat Purchase,Top 5 by recency-weighted quantity,14
Sai Ganesh Diesel Works,BRAKE PARTS,ZF86AB70557GM,MINOR KIT W/C(J29/250),0.6206896551724138,Personal Repeat Purchase,Top 5 by recency-weighted quantity,15
Sanjay Auto Parts,LUBES,ZF04N216677GM,EP - 90 Gear Fluid 26 ltr,0.938,Cross-State Trending,Majority-share in Rajasthan,1
Sanjay Auto Parts,LUBES,ZF04N438637GM,ENGINE OIL BOTTLE 20W40 (4T),0.878,Cross-State Trending,Majority-share in Rajasthan,2
Sanjay Auto Parts,LUBES,ZF04N445957GM,Engine Oil 2W 20W40 4T,0.852,Cross-State Trending,Majority-share in Rajasthan,3
Sanjay Auto Parts,LUBES,ZF04N187507GM,EP - 90 Gear Fluid 500 ml,0.749,Cross-State Trending,Majority-share in Punjab,4
Sanjay Auto Parts,AC GAS,ZF04N260123AC,R134A GAS CAN,0.602,Cross-State Trending,Majority-share in Haryana,5
Sanjay Auto Parts,BRAKE PARTS,ZF047126167GM,CALIPER ASSEMBLY RH (H43/2),0.585,Cross-State Trending,Majority-share in Punjab,6
Sanjay Auto Parts,BRAKE PARTS,ZF047126127GM,CALIPER ASSEMBLY LH (R)(H42/2),0.57,Cross-State Trending,Majority-share in Punjab,7
Sanjay Auto Parts,BRAKE PARTS,ZF04L688207GM,"PAD KIT,  Frt",0.549,Cross-State Trending,Majority-share in Gujarat,8
Sanjay Auto Parts,LUBES,ZF04N65848AST,2W ENGINE OIL BOTTLE 20W40 (4T) (900 ml),0.54,Cross-State Trending,Majority-share in Rajasthan,9
Sanjay Auto Parts,EMS,ZF04N261775IC,IGNITION COIL,0.51,Cross-State Trending,Majority-share in Maharashtra,10
Sanjay Auto Parts,BRAKE PARTS,ZF047143057GM,SPRING SHOE RETURN UPPER(G46/400),1.0,Personal Repeat Purchase,Top 5 by recency-weighted quantity,11
Sanjay Auto Parts,BRAKE PARTS,ZF86AB73837GM,MINOR KIT W/C FR(J56/250),0.9511627906976744,Personal Repeat Purchase,Top 5 by recency-weighted quantity,12
Sanjay Auto Parts,BRAKE PARTS,ZF86AB73567GM,MINOR KIT W/C FR.(J46/250),0.9441860465116279,Personal Repeat Purchase,Top 5 by recency-weighted quantity,13
Sanjay Auto Parts,BRAKE PARTS,ZF04L71189KIT,MINOR KIT BAL TMC IAM,0.9069767441860465,Personal Repeat Purchase,Top 5 by recency-weighted quantity,14
Sanjay Auto Parts,BRAKE PARTS,ZF04L82030KIT,MINOR KIT (Only Seals),0.9069767441860465,Personal Repeat Purchase,Top 5 by recency-weighted quantity,15
Shiv Shakti Enterprises,LUBES,ZF04N216677GM,EP - 90 Gear Fluid 26 ltr,0.938,Cross-State Trending,Majority-share in Rajasthan,1
Shiv Shakti Enterprises,LUBES,ZF04N438657GM,2W ENGINE OIL BOTTLE 10W30 (4T) (1LTR),0.923,Cross-State Trending,Majority-share in Rajasthan,2
Shiv Shakti Enterprises,LUBES,ZF04N438637GM,ENGINE OIL BOTTLE 20W40 (4T),0.878,Cross-State Trending,Majority-share in Rajasthan,3
Shiv Shakti Enterprises,OTHERS,ZF04L927687GM,SHOCK ABS OIL 350ml,0.657,Cross-State Trending,Majority-share in Kerala,4
Shiv Shakti Enterprises,BRAKE PARTS,ZF047167857GM,WC S/A PENGUINE RR(K51/100),0.652,Cross-State Trending,Majority-share in Kerala,5
Shiv Shakti Enterprises,AC GAS,ZF04N260123AC,R134A GAS CAN,0.602,Cross-State Trending,Majority-share in Haryana,6
Shiv Shakti Enterprises,BRAKE PARTS,ZF04N129287TG,ROTOR (MAX PASSENGER),0.586,Cross-State Trending,Majority-share in Telangana,7
Shiv Shakti Enterprises,LUBES,ZF04N65848AST,2W ENGINE OIL BOTTLE 20W40 (4T) (900 ml),0.54,Cross-State Trending,Majority-share in Rajasthan,8
Shiv Shakti Enterprises,BRAKE PARTS,ZF86AB71457GM,PAD WINGER NEW (NEW)(I31/8),0.515,Cross-State Trending,Majority-share in Assam,9
Shiv Shakti Enterprises,EMS,ZF04N261775IC,IGNITION COIL,0.51,Cross-State Trending,Majority-share in Maharashtra,10
Shiv Shakti Enterprises,BRAKE FLUID,ZF86AB70057GM,BRAKE FLUID 1/4 LTR DOT3 (Non Petroleum),1.0,Personal Repeat Purchase,Top 5 by recency-weighted quantity,11
Shiv Shakti Enterprises,BRAKE PARTS,ZF043185987GM,W/C  ASSY(15.87)(K14/100),0.8240495137046862,Personal Repeat Purchase,Top 5 by recency-weighted quantity,12
Shiv Shakti Enterprises,BRAKE PARTS,ZF047138407GM,"W/C ASSLY RR, Ø 15.87MM",0.7553050397877984,Personal Repeat Purchase,Top 5 by recency-weighted quantity,13
Shiv Shakti Enterprises,BRAKE FLUID,ZF86AB70097GM,BRAKE FLUID 1/4 Lt  DOT4 (Non Petroleum),0.5897435897435898,Personal Repeat Purchase,Top 5 by recency-weighted quantity,14
Shiv Shakti Enterprises,BRAKE PARTS,ZF86AB77527GM,SHOE KIT,0.5632183908045977,Personal Repeat Purchase,Top 5 by recency-weighted quantity,15
Shree  Spaires,LUBES,ZF04N216677GM,EP - 90 Gear Fluid 26 ltr,0.938,Cross-State Trending,Majority-share in Rajasthan,1
Shree  Spaires,LUBES,ZF04N438637GM,ENGINE OIL BOTTLE 20W40 (4T),0.878,Cross-State Trending,Majority-share in Rajasthan,2
Shree  Spaires,LUBES,ZF04N445957GM,Engine Oil 2W 20W40 4T,0.852,Cross-State Trending,Majority-share in Rajasthan,3
Shree  Spaires,BRAKE PARTS,ZF04L707227GM,Shoe Kit M_HAWK / Safari,0.605,Cross-State Trending,Majority-share in Assam,4
Shree  Spaires,AC GAS,ZF04N260123AC,R134A GAS CAN,0.602,Cross-State Trending,Majority-share in Haryana,5
Shree  Spaires,BRAKE PARTS,ZF047126167GM,CALIPER ASSEMBLY RH (H43/2),0.585,Cross-State Trending,Majority-share in Punjab,6
Shree  Spaires,BRAKE PARTS,ZF047126127GM,CALIPER ASSEMBLY LH (R)(H42/2),0.57,Cross-State Trending,Majority-share in Punjab,7
Shree  Spaires,BRAKE PARTS,ZF04L688207GM,"PAD KIT,  Frt",0.549,Cross-State Trending,Majority-share in Gujarat,8
Shree  Spaires,LUBES,ZF04N65848AST,2W ENGINE OIL BOTTLE 20W40 (4T) (900 ml),0.54,Cross-State Trending,Majority-share in Rajasthan,9
Shree  Spaires,EMS,ZF04N261775IC,IGNITION COIL,0.51,Cross-State Trending,Majority-share in Maharashtra,10
Shree  Spaires,BRAKE PARTS,ZF04N491707GM,SHOE KIT LH; IAM BAJAJ REGC,1.0,Personal Repeat Purchase,Top 5 by recency-weighted quantity,11
Shree  Spaires,BRAKE FLUID,ZF86AB70057GM,BRAKE FLUID 1/4 LTR DOT3 (Non Petroleum),0.6863905325443787,Personal Repeat Purchase,Top 5 by recency-weighted quantity,12
Shree  Spaires,BRAKE PARTS,ZF04N491717GM,SHOE KIT RH; IAM BAJAJ REGC,0.4658418504572351,Personal Repeat Purchase,Top 5 by recency-weighted quantity,13
Shree  Spaires,BRAKE PARTS,ZF86AB77527GM,SHOE KIT,0.35718128025820334,Personal Repeat Purchase,Top 5 by recency-weighted quantity,14
Shree  Spaires,BRAKE FLUID,ZF86AB70007GM,BRAKE FLUID 100ml DOT3 (Non Petroleum),0.2807961269499731,Personal Repeat Purchase,Top 5 by recency-weighted quantity,15
Sonal Auto Parts,LUBES,ZF04N216677GM,EP - 90 Gear Fluid 26 ltr,0.938,Cross-State Trending,Majority-share in Rajasthan,1
Sonal Auto Parts,LUBES,ZF04N438637GM,ENGINE OIL BOTTLE 20W40 (4T),0.878,Cross-State Trending,Majority-share in Rajasthan,2
Sonal Auto Parts,LUBES,ZF04N445957GM,Engine Oil 2W 20W40 4T,0.852,Cross-State Trending,Majority-share in Rajasthan,3
Sonal Auto Parts,LUBES,ZF04N187507GM,EP - 90 Gear Fluid 500 ml,0.749,Cross-State Trending,Majority-share in Punjab,4
Sonal Auto Parts,AC GAS,ZF04N260123AC,R134A GAS CAN,0.602,Cross-State Trending,Majority-share in Haryana,5
Sonal Auto Parts,BRAKE PARTS,ZF047126167GM,CALIPER ASSEMBLY RH (H43/2),0.585,Cross-State Trending,Majority-share in Punjab,6
Sonal Auto Parts,BRAKE PARTS,ZF047126127GM,CALIPER ASSEMBLY LH (R)(H42/2),0.57,Cross-State Trending,Majority-share in Punjab,7
Sonal Auto Parts,LUBES,ZF04N65848AST,2W ENGINE OIL BOTTLE 20W40 (4T) (900 ml),0.54,Cross-State Trending,Majority-share in Rajasthan,8
Sonal Auto Parts,BRAKE PARTS,ZF86AB71457GM,PAD WINGER NEW (NEW)(I31/8),0.515,Cross-State Trending,Majority-share in Assam,9
Sonal Auto Parts,EMS,ZF04N261775IC,IGNITION COIL,0.51,Cross-State Trending,Majority-share in Maharashtra,10
Sonal Auto Parts,BRAKE PARTS,ZF86AB75887GM,SHOE KIT(INCRIMENTAL ADJ.)15,1.0,Personal Repeat Purchase,Top 5 by recency-weighted quantity,11
Sonal Auto Parts,BRAKE PARTS,ZF86AB75897GM,SHOE KIT(12),0.78684322938915,Personal Repeat Purchase,Top 5 by recency-weighted quantity,12
Sonal Auto Parts,BRAKE PARTS,ZF04L688207GM,"PAD KIT,  Frt",0.7253310551046561,Personal Repeat Purchase,Top 5 by recency-weighted quantity,13
Sonal Auto Parts,BRAKE PARTS,ZF86AB75867GM,MINOR KIT W/C(J91/250),0.720632208457924,Personal Repeat Purchase,Top 5 by recency-weighted quantity,14
Sonal Auto Parts,BRAKE PARTS,ZF04L665887GM,SHOE KIT,0.6501495087569414,Personal Repeat Purchase,Top 5 by recency-weighted quantity,15
Stark Distribution Services,LUBES,ZF04N216677GM,EP - 90 Gear Fluid 26 ltr,0.938,Cross-State Trending,Majority-share in Rajasthan,1
Stark Distribution Services,LUBES,ZF04N438637GM,ENGINE OIL BOTTLE 20W40 (4T),0.878,Cross-State Trending,Majority-share in Rajasthan,2
Stark Distribution Services,LUBES,ZF04N445957GM,Engine Oil 2W 20W40 4T,0.852,Cross-State Trending,Majority-share in Rajasthan,3
Stark Distribution Services,BRAKE PARTS,ZF04L707227GM,Shoe Kit M_HAWK / Safari,0.605,Cross-State Trending,Majority-share in Assam,4
Stark Distribution Services,AC GAS,ZF04N260123AC,R134A GAS CAN,0.602,Cross-State Trending,Majority-share in Haryana,5
Stark Distribution Services,BRAKE PARTS,ZF047126167GM,CALIPER ASSEMBLY RH (H43/2),0.585,Cross-State Trending,Majority-share in Punjab,6
Stark Distribution Services,BRAKE PARTS,ZF047126127GM,CALIPER ASSEMBLY LH (R)(H42/2),0.57,Cross-State Trending,Majority-share in Punjab,7
Stark Distribution Services,LUBES,ZF04N65848AST,2W ENGINE OIL BOTTLE 20W40 (4T) (900 ml),0.54,Cross-State Trending,Majority-share in Rajasthan,8
Stark Distribution Services,BRAKE PARTS,ZF86AB71457GM,PAD WINGER NEW (NEW)(I31/8),0.515,Cross-State Trending,Majority-share in Assam,9
Stark Distribution Services,EMS,ZF04N261775IC,IGNITION COIL,0.51,Cross-State Trending,Majority-share in Maharashtra,10
Stark Distribution Services,LUBES,ZF04N65832AST,GREEN COOLANT BOTTLE (1 LTR),1.0,Personal Repeat Purchase,Top 5 by recency-weighted quantity,11
Stark Distribution Services,BRAKE FLUID,ZF86AB70097GM,BRAKE FLUID 1/4 Lt  DOT4 (Non Petroleum),0.6521739130434783,Personal Repeat Purchase,Top 5 by recency-weighted quantity,12
Stark Distribution Services,BRAKE FLUID,ZF86AB70087GM,BRAKE FLUID 1/2 Lt DOT4 (Non Petroleum),0.616191904047976,Personal Repeat Purchase,Top 5 by recency-weighted quantity,13
Stark Distribution Services,BRAKE FLUID,ZF86AB70047GM,BRAKE FLUID 1/2 Lt DOT3 (Non Petroleum),0.6086956521739131,Personal Repeat Purchase,Top 5 by recency-weighted quantity,14
Stark Distribution Services,BRAKE FLUID,ZF86AB70057GM,BRAKE FLUID 1/4 LTR DOT3 (Non Petroleum),0.6086956521739131,Personal Repeat Purchase,Top 5 by recency-weighted quantity,15
Sumit Enterprises,LUBES,ZF04N216677GM,EP - 90 Gear Fluid 26 ltr,0.938,Cross-State Trending,Majority-share in Rajasthan,1
Sumit Enterprises,LUBES,ZF04N438637GM,ENGINE OIL BOTTLE 20W40 (4T),0.878,Cross-State Trending,Majority-share in Rajasthan,2
Sumit Enterprises,LUBES,ZF04N445957GM,Engine Oil 2W 20W40 4T,0.852,Cross-State Trending,Majority-share in Rajasthan,3
Sumit Enterprises,LUBES,ZF04N187507GM,EP - 90 Gear Fluid 500 ml,0.749,Cross-State Trending,Majority-share in Punjab,4
Sumit Enterprises,BRAKE PARTS,ZF04L707227GM,Shoe Kit M_HAWK / Safari,0.605,Cross-State Trending,Majority-share in Assam,5
Sumit Enterprises,AC GAS,ZF04N260123AC,R134A GAS CAN,0.602,Cross-State Trending,Majority-share in Haryana,6
Sumit Enterprises,BRAKE PARTS,ZF047126167GM,CALIPER ASSEMBLY RH (H43/2),0.585,Cross-State Trending,Majority-share in Punjab,7
Sumit Enterprises,BRAKE PARTS,ZF047126127GM,CALIPER ASSEMBLY LH (R)(H42/2),0.57,Cross-State Trending,Majority-share in Punjab,8
Sumit Enterprises,LUBES,ZF04N65848AST,2W ENGINE OIL BOTTLE 20W40 (4T) (900 ml),0.54,Cross-State Trending,Majority-share in Rajasthan,9
Sumit Enterprises,BRAKE PARTS,ZF86AB71457GM,PAD WINGER NEW (NEW)(I31/8),0.515,Cross-State Trending,Majority-share in Assam,10
Sumit Enterprises,BRAKE FLUID,ZF86AB70057GM,BRAKE FLUID 1/4 LTR DOT3 (Non Petroleum),1.0,Personal Repeat Purchase,Top 5 by recency-weighted quantity,11
Sumit Enterprises,BRAKE FLUID,ZF86AB70007GM,BRAKE FLUID 100ml DOT3 (Non Petroleum),0.7808390732623669,Personal Repeat Purchase,Top 5 by recency-weighted quantity,12
Sumit Enterprises,BRAKE PARTS,ZF86AB73837GM,MINOR KIT W/C FR(J56/250),0.6875391358797746,Personal Repeat Purchase,Top 5 by recency-weighted quantity,13
Sumit Enterprises,BRAKE PARTS,ZF86AB73617GM,SHOE KIT  RH(A.A.),0.5458672510958046,Personal Repeat Purchase,Top 5 by recency-weighted quantity,14
Sumit Enterprises,BRAKE PARTS,ZF86AB77527GM,SHOE KIT,0.510644959298685,Personal Repeat Purchase,Top 5 by recency-weighted quantity,15
Suresh Auto Centre,LUBES,ZF04N216677GM,EP - 90 Gear Fluid 26 ltr,0.938,Cross-State Trending,Majority-share in Rajasthan,1
Suresh Auto Centre,LUBES,ZF04N438637GM,ENGINE OIL BOTTLE 20W40 (4T),0.878,Cross-State Trending,Majority-share in Rajasthan,2
Suresh Auto Centre,LUBES,ZF04N445957GM,Engine Oil 2W 20W40 4T,0.852,Cross-State Trending,Majority-share in Rajasthan,3
Suresh Auto Centre,LUBES,ZF04N187507GM,EP - 90 Gear Fluid 500 ml,0.749,Cross-State Trending,Majority-share in Punjab,4
Suresh Auto Centre,BRAKE PARTS,ZF04L707227GM,Shoe Kit M_HAWK / Safari,0.605,Cross-State Trending,Majority-share in Assam,5
Suresh Auto Centre,AC GAS,ZF04N260123AC,R134A GAS CAN,0.602,Cross-State Trending,Majority-share in Haryana,6
Suresh Auto Centre,BRAKE PARTS,ZF047126167GM,CALIPER ASSEMBLY RH (H43/2),0.585,Cross-State Trending,Majority-share in Punjab,7
Suresh Auto Centre,BRAKE PARTS,ZF047126127GM,CALIPER ASSEMBLY LH (R)(H42/2),0.57,Cross-State Trending,Majority-share in Punjab,8
Suresh Auto Centre,BRAKE PARTS,ZF04L688207GM,"PAD KIT,  Frt",0.549,Cross-State Trending,Majority-share in Gujarat,9
Suresh Auto Centre,LUBES,ZF04N65848AST,2W ENGINE OIL BOTTLE 20W40 (4T) (900 ml),0.54,Cross-State Trending,Majority-share in Rajasthan,10
Suresh Auto Centre,BRAKE PARTS,ZF86AB73837GM,MINOR KIT W/C FR(J56/250),1.0,Personal Repeat Purchase,Top 5 by recency-weighted quantity,11
Suresh Auto Centre,BRAKE PARTS,ZF04L71188KIT,MINOR KIT TMC PIAGGIO,0.9820689655172414,Personal Repeat Purchase,Top 5 by recency-weighted quantity,12
Suresh Auto Centre,BRAKE PARTS,ZF86AB73627GM,SHOE KIT LH (A.A.),0.8986206896551724,Personal Repeat Purchase,Top 5 by recency-weighted quantity,13
Suresh Auto Centre,BRAKE PARTS,ZF86AB73617GM,SHOE KIT  RH(A.A.),0.886896551724138,Personal Repeat Purchase,Top 5 by recency-weighted quantity,14
Suresh Auto Centre,BRAKE PARTS,ZF86AB73637GM,SHOE KIT FRONT (A.A.),0.7903448275862069,Personal Repeat Purchase,Top 5 by recency-weighted quantity,15
Swami Traders,LUBES,ZF04N216677GM,EP - 90 Gear Fluid 26 ltr,0.938,Cross-State Trending,Majority-share in Rajasthan,1
Swami Traders,LUBES,ZF04N438637GM,ENGINE OIL BOTTLE 20W40 (4T),0.878,Cross-State Trending,Majority-share in Rajasthan,2
Swami Traders,LUBES,ZF04N445957GM,Engine Oil 2W 20W40 4T,0.852,Cross-State Trending,Majority-share in Rajasthan,3
Swami Traders,LUBES,ZF04N187507GM,EP - 90 Gear Fluid 500 ml,0.749,Cross-State Trending,Majority-share in Punjab,4
Swami Traders,AC GAS,ZF04N260123AC,R134A GAS CAN,0.602,Cross-State Trending,Majority-share in Haryana,5
Swami Traders,BRAKE PARTS,ZF047126167GM,CALIPER ASSEMBLY RH (H43/2),0.585,Cross-State Trending,Majority-share in Punjab,6
Swami Traders,BRAKE PARTS,ZF047126127GM,CALIPER ASSEMBLY LH (R)(H42/2),0.57,Cross-State Trending,Majority-share in Punjab,7
Swami Traders,BRAKE PARTS,ZF04L688207GM,"PAD KIT,  Frt",0.549,Cross-State Trending,Majority-share in Gujarat,8
Swami Traders,LUBES,ZF04N65848AST,2W ENGINE OIL BOTTLE 20W40 (4T) (900 ml),0.54,Cross-State Trending,Majority-share in Rajasthan,9
Swami Traders,EMS,ZF04N261775IC,IGNITION COIL,0.51,Cross-State Trending,Majority-share in Maharashtra,10
Swami Traders,OTHERS,ZF04N260734RL,DUAL HEAD LAMP RELAY,1.0,Personal Repeat Purchase,Top 5 by recency-weighted quantity,11
Swami Traders,LUBES,ZF04N65832AST,GREEN COOLANT BOTTLE (1 LTR),0.87,Personal Repeat Purchase,Top 5 by recency-weighted quantity,12
Swami Traders,LUBES,ZF04N65833AST,RED COOLANT BOTTLE (1 LTR),0.87,Personal Repeat Purchase,Top 5 by recency-weighted quantity,13
Swami Traders,SUSPENSION,ZF04N330975SK,SHOCK ABSORBER FORTU_NER FR/FL,0.58,Personal Repeat Purchase,Top 5 by recency-weighted quantity,14
Swami Traders,LUBES,ZF04N65834AST,BLUE COOLANT BOTTLE (1 LTR),0.5625,Personal Repeat Purchase,Top 5 by recency-weighted quantity,15
TOMAR TRACTOR,LUBES,ZF04N216677GM,EP - 90 Gear Fluid 26 ltr,0.938,Cross-State Trending,Majority-share in Rajasthan,1
TOMAR TRACTOR,LUBES,ZF04N438637GM,ENGINE OIL BOTTLE 20W40 (4T),0.878,Cross-State Trending,Majority-share in Rajasthan,2
TOMAR TRACTOR,LUBES,ZF04N445957GM,Engine Oil 2W 20W40 4T,0.852,Cross-State Trending,Majority-share in Rajasthan,3
TOMAR TRACTOR,LUBES,ZF04N187507GM,EP - 90 Gear Fluid 500 ml,0.749,Cross-State Trending,Majority-share in Punjab,4
TOMAR TRACTOR,BRAKE PARTS,ZF04L707227GM,Shoe Kit M_HAWK / Safari,0.605,Cross-State Trending,Majority-share in Assam,5
TOMAR TRACTOR,AC GAS,ZF04N260123AC,R134A GAS CAN,0.602,Cross-State Trending,Majority-share in Haryana,6
TOMAR TRACTOR,BRAKE PARTS,ZF047126167GM,CALIPER ASSEMBLY RH (H43/2),0.585,Cross-State Trending,Majority-share in Punjab,7
TOMAR TRACTOR,BRAKE PARTS,ZF047126127GM,CALIPER ASSEMBLY LH (R)(H42/2),0.57,Cross-State Trending,Majority-share in Punjab,8
TOMAR TRACTOR,BRAKE PARTS,ZF04L688207GM,"PAD KIT,  Frt",0.549,Cross-State Trending,Majority-share in Gujarat,9
TOMAR TRACTOR,EMS,ZF04N261775IC,IGNITION COIL,0.51,Cross-State Trending,Majority-share in Maharashtra,10
TOMAR TRACTOR,BRAKE PARTS,ZF04L962077TW,PAD  KIT,1.0,Personal Repeat Purchase,Top 5 by recency-weighted quantity,11
TOMAR TRACTOR,BRAKE PARTS,ZF04N58826NIS,HONDA ACTIVA NEW (F&R),0.8181818181818182,Personal Repeat Purchase,Top 5 by recency-weighted quantity,12
TOMAR TRACTOR,BRAKE PARTS,ZF04L789077TW,FIXED CALIPER ASSEMBLY Ø30 2W VESPA,0.5454545454545454,Personal Repeat Purchase,Top 5 by recency-weighted quantity,13
TOMAR TRACTOR,BRAKE FLUID,ZF04L708617GM,BRAKE FLUID 100 ml  DOT4 (Non Petroleum),0.3515151515151515,Personal Repeat Purchase,Top 5 by recency-weighted quantity,14
TOMAR TRACTOR,OTHERS,ZF04L927677GM,SHOCK ABS OIl 175ml,0.3515151515151515,Personal Repeat Purchase,Top 5 by recency-weighted quantity,15
TVS SMART MOBILITY PRIVATE LIMITED,LUBES,ZF04N216677GM,EP - 90 Gear Fluid 26 ltr,0.938,Cross-State Trending,Majority-share in Rajasthan,1
TVS SMART MOBILITY PRIVATE LIMITED,BRAKE PARTS,ZF047144987GM,HOSE ASSY FRONT BRAKE (437mm),0.935,Cross-State Trending,Majority-share in Maharashtra,2
TVS SMART MOBILITY PRIVATE LIMITED,LUBES,ZF04N438657GM,2W ENGINE OIL BOTTLE 10W30 (4T) (1LTR),0.923,Cross-State Trending,Majority-share in Rajasthan,3
TVS SMART MOBILITY PRIVATE LIMITED,LUBES,ZF04N438637GM,ENGINE OIL BOTTLE 20W40 (4T),0.878,Cross-State Trending,Majority-share in Rajasthan,4
TVS SMART MOBILITY PRIVATE LIMITED,LUBES,ZF04N445957GM,Engine Oil 2W 20W40 4T,0.852,Cross-State Trending,Majority-share in Rajasthan,5
TVS SMART MOBILITY PRIVATE LIMITED,LUBES,ZF047979327GM,RADIATOR COOLANT 1 LTR. (Antifreeze),0.794,Cross-State Trending,Majority-share in Jammu and Kashmir,6
TVS SMART MOBILITY PRIVATE LIMITED,BRAKE PARTS,ZF04L906347TW,SHOE KIT 2W,0.728,Cross-State Trending,Majority-share in Gujarat,7
TVS SMART MOBILITY PRIVATE LIMITED,OTHERS,ZF04N139417GM,Power Steering Fluid 5L,0.545,Cross-State Trending,Majority-share in Chhattisgarh,8
TVS SMART MOBILITY PRIVATE LIMITED,LUBES,ZF04N65848AST,2W ENGINE OIL BOTTLE 20W40 (4T) (900 ml),0.54,Cross-State Trending,Majority-share in Rajasthan,9
TVS SMART MOBILITY PRIVATE LIMITED,SUSPENSION,ZF04N330985SK,SHOCK ABSORBER  FORTU_NER RR/ RL,0.516,Cross-State Trending,Majority-share in Maharashtra,10
TVS SMART MOBILITY PRIVATE LIMITED,BRAKE FLUID,ZF86AB70057GM,BRAKE FLUID 1/4 LTR DOT3 (Non Petroleum),1.0,Personal Repeat Purchase,Top 5 by recency-weighted quantity,11
TVS SMART MOBILITY PRIVATE LIMITED,BRAKE PARTS,ZF86AB70567GM,SHOE KIT  (1 LEADING- 1 TRAILING),0.5751154476389095,Personal Repeat Purchase,Top 5 by recency-weighted quantity,12
TVS SMART MOBILITY PRIVATE LIMITED,BRAKE FLUID,ZF86AB70007GM,BRAKE FLUID 100ml DOT3 (Non Petroleum),0.498510353046328,Personal Repeat Purchase,Top 5 by recency-weighted quantity,13
TVS SMART MOBILITY PRIVATE LIMITED,BRAKE PARTS,ZF043185987GM,W/C  ASSY(15.87)(K14/100),0.4474899448830627,Personal Repeat Purchase,Top 5 by recency-weighted quantity,14
TVS SMART MOBILITY PRIVATE LIMITED,BRAKE FLUID,ZF86AB70097GM,BRAKE FLUID 1/4 Lt  DOT4 (Non Petroleum),0.41747355876657233,Personal Repeat Purchase,Top 5 by recency-weighted quantity,15
Trikut Auto Agencies,LUBES,ZF04N216677GM,EP - 90 Gear Fluid 26 ltr,0.938,Cross-State Trending,Majority-share in Rajasthan,1
Trikut Auto Agencies,LUBES,ZF04N438637GM,ENGINE OIL BOTTLE 20W40 (4T),0.878,Cross-State Trending,Majority-share in Rajasthan,2
Trikut Auto Agencies,LUBES,ZF04N445957GM,Engine Oil 2W 20W40 4T,0.852,Cross-State Trending,Majority-share in Rajasthan,3
Trikut Auto Agencies,LUBES,ZF04N187507GM,EP - 90 Gear Fluid 500 ml,0.749,Cross-State Trending,Majority-share in Punjab,4
Trikut Auto Agencies,AC GAS,ZF04N260123AC,R134A GAS CAN,0.602,Cross-State Trending,Majority-share in Haryana,5
Trikut Auto Agencies,BRAKE PARTS,ZF047126167GM,CALIPER ASSEMBLY RH (H43/2),0.585,Cross-State Trending,Majority-share in Punjab,6
Trikut Auto Agencies,BRAKE PARTS,ZF047126127GM,CALIPER ASSEMBLY LH (R)(H42/2),0.57,Cross-State Trending,Majority-share in Punjab,7
Trikut Auto Agencies,LUBES,ZF04N65848AST,2W ENGINE OIL BOTTLE 20W40 (4T) (900 ml),0.54,Cross-State Trending,Majority-share in Rajasthan,8
Trikut Auto Agencies,BRAKE PARTS,ZF86AB71457GM,PAD WINGER NEW (NEW)(I31/8),0.515,Cross-State Trending,Majority-share in Assam,9
Trikut Auto Agencies,EMS,ZF04N261775IC,IGNITION COIL,0.51,Cross-State Trending,Majority-share in Maharashtra,10
Trikut Auto Agencies,BRAKE FLUID,ZF86AB70097GM,BRAKE FLUID 1/4 Lt  DOT4 (Non Petroleum),1.0,Personal Repeat Purchase,Top 5 by recency-weighted quantity,11
Trikut Auto Agencies,BRAKE PARTS,ZF047168007GM,W/C ALTO (K53/100),0.506872852233677,Personal Repeat Purchase,Top 5 by recency-weighted quantity,12
Trikut Auto Agencies,BRAKE PARTS,ZF043185987GM,W/C  ASSY(15.87)(K14/100),0.47852233676975947,Personal Repeat Purchase,Top 5 by recency-weighted quantity,13
Trikut Auto Agencies,BRAKE PARTS,ZF86AB73287GM,KBX  PAD KIT,0.47766323024054985,Personal Repeat Purchase,Top 5 by recency-weighted quantity,14
Trikut Auto Agencies,BRAKE PARTS,ZF04N102777GM,Wheel Cylinder Creta,0.4725085910652921,Personal Repeat Purchase,Top 5 by recency-weighted quantity,15
Twenty First Century Distributors P,LUBES,ZF04N216677GM,EP - 90 Gear Fluid 26 ltr,0.938,Cross-State Trending,Majority-share in Rajasthan,1
Twenty First Century Distributors P,LUBES,ZF04N438657GM,2W ENGINE OIL BOTTLE 10W30 (4T) (1LTR),0.923,Cross-State Trending,Majority-share in Rajasthan,2
Twenty First Century Distributors P,LUBES,ZF04N438637GM,ENGINE OIL BOTTLE 20W40 (4T),0.878,Cross-State Trending,Majority-share in Rajasthan,3
Twenty First Century Distributors P,LUBES,ZF04N445957GM,Engine Oil 2W 20W40 4T,0.852,Cross-State Trending,Majority-share in Rajasthan,4
Twenty First Century Distributors P,OTHERS,ZF04L927687GM,SHOCK ABS OIL 350ml,0.657,Cross-State Trending,Majority-share in Kerala,5
Twenty First Century Distributors P,BRAKE PARTS,ZF04L707227GM,Shoe Kit M_HAWK / Safari,0.605,Cross-State Trending,Majority-share in Assam,6
Twenty First Century Distributors P,AC GAS,ZF04N260123AC,R134A GAS CAN,0.602,Cross-State Trending,Majority-share in Haryana,7
Twenty First Century Distributors P,BRAKE PARTS,ZF04L688207GM,"PAD KIT,  Frt",0.549,Cross-State Trending,Majority-share in Gujarat,8
Twenty First Century Distributors P,LUBES,ZF04N65848AST,2W ENGINE OIL BOTTLE 20W40 (4T) (900 ml),0.54,Cross-State Trending,Majority-share in Rajasthan,9
Twenty First Century Distributors P,BRAKE PARTS,ZF86AB71457GM,PAD WINGER NEW (NEW)(I31/8),0.515,Cross-State Trending,Majority-share in Assam,10
Twenty First Century Distributors P,BRAKE FLUID,ZF86AB70097GM,BRAKE FLUID 1/4 Lt  DOT4 (Non Petroleum),1.0,Personal Repeat Purchase,Top 5 by recency-weighted quantity,11
Twenty First Century Distributors P,BRAKE FLUID,ZF86AB70057GM,BRAKE FLUID 1/4 LTR DOT3 (Non Petroleum),0.64,Personal Repeat Purchase,Top 5 by recency-weighted quantity,12
Twenty First Century Distributors P,BRAKE FLUID,ZF86AB70047GM,BRAKE FLUID 1/2 Lt DOT3 (Non Petroleum),0.623448275862069,Personal Repeat Purchase,Top 5 by recency-weighted quantity,13
Twenty First Century Distributors P,OTHERS,ZF04L952157GM,POWER STEERING OIL BOTTLE(500ml),0.5772413793103448,Personal Repeat Purchase,Top 5 by recency-weighted quantity,14
Twenty First Century Distributors P,OTHERS,ZF04L952167GM,POWER STEERING FLUID 1 Ltr,0.4189655172413793,Personal Repeat Purchase,Top 5 by recency-weighted quantity,15
VARDHMAN AUTO CENTRE,LUBES,ZF04N216677GM,EP - 90 Gear Fluid 26 ltr,0.938,Cross-State Trending,Majority-share in Rajasthan,1
VARDHMAN AUTO CENTRE,LUBES,ZF04N438657GM,2W ENGINE OIL BOTTLE 10W30 (4T) (1LTR),0.923,Cross-State Trending,Majority-share in Rajasthan,2
VARDHMAN AUTO CENTRE,LUBES,ZF04N438637GM,ENGINE OIL BOTTLE 20W40 (4T),0.878,Cross-State Trending,Majority-share in Rajasthan,3
VARDHMAN AUTO CENTRE,LUBES,ZF04N187507GM,EP - 90 Gear Fluid 500 ml,0.749,Cross-State Trending,Majority-share in Punjab,4
VARDHMAN AUTO CENTRE,BRAKE PARTS,ZF04L707227GM,Shoe Kit M_HAWK / Safari,0.605,Cross-State Trending,Majority-share in Assam,5
VARDHMAN AUTO CENTRE,AC GAS,ZF04N260123AC,R134A GAS CAN,0.602,Cross-State Trending,Majority-share in Haryana,6
VARDHMAN AUTO CENTRE,BRAKE PARTS,ZF047126167GM,CALIPER ASSEMBLY RH (H43/2),0.585,Cross-State Trending,Majority-share in Punjab,7
VARDHMAN AUTO CENTRE,BRAKE PARTS,ZF047126127GM,CALIPER ASSEMBLY LH (R)(H42/2),0.57,Cross-State Trending,Majority-share in Punjab,8
VARDHMAN AUTO CENTRE,BRAKE PARTS,ZF86AB71457GM,PAD WINGER NEW (NEW)(I31/8),0.515,Cross-State Trending,Majority-share in Assam,9
VARDHMAN AUTO CENTRE,EMS,ZF04N261775IC,IGNITION COIL,0.51,Cross-State Trending,Majority-share in Maharashtra,10
VARDHMAN AUTO CENTRE,OTHERS,ZF04L927677GM,SHOCK ABS OIl 175ml,1.0,Personal Repeat Purchase,Top 5 by recency-weighted quantity,11
VARDHMAN AUTO CENTRE,BRAKE FLUID,ZF86AB70057GM,BRAKE FLUID 1/4 LTR DOT3 (Non Petroleum),0.908411214953271,Personal Repeat Purchase,Top 5 by recency-weighted quantity,12
VARDHMAN AUTO CENTRE,BRAKE PARTS,ZF86AB73837GM,MINOR KIT W/C FR(J56/250),0.8299065420560747,Personal Repeat Purchase,Top 5 by recency-weighted quantity,13
VARDHMAN AUTO CENTRE,BRAKE FLUID,ZF86AB70097GM,BRAKE FLUID 1/4 Lt  DOT4 (Non Petroleum),0.6747663551401869,Personal Repeat Purchase,Top 5 by recency-weighted quantity,14
VARDHMAN AUTO CENTRE,BRAKE PARTS,ZF86AB70557GM,MINOR KIT W/C(J29/250),0.6542056074766355,Personal Repeat Purchase,Top 5 by recency-weighted quantity,15
VINAYAK ASSOCIATES,LUBES,ZF04N216677GM,EP - 90 Gear Fluid 26 ltr,0.938,Cross-State Trending,Majority-share in Rajasthan,1
VINAYAK ASSOCIATES,LUBES,ZF04N438637GM,ENGINE OIL BOTTLE 20W40 (4T),0.878,Cross-State Trending,Majority-share in Rajasthan,2
VINAYAK ASSOCIATES,LUBES,ZF04N445957GM,Engine Oil 2W 20W40 4T,0.852,Cross-State Trending,Majority-share in Rajasthan,3
VINAYAK ASSOCIATES,LUBES,ZF04N187507GM,EP - 90 Gear Fluid 500 ml,0.749,Cross-State Trending,Majority-share in Punjab,4
VINAYAK ASSOCIATES,AC GAS,ZF04N260123AC,R134A GAS CAN,0.602,Cross-State Trending,Majority-share in Haryana,5
VINAYAK ASSOCIATES,BRAKE PARTS,ZF047126167GM,CALIPER ASSEMBLY RH (H43/2),0.585,Cross-State Trending,Majority-share in Punjab,6
VINAYAK ASSOCIATES,BRAKE PARTS,ZF047126127GM,CALIPER ASSEMBLY LH (R)(H42/2),0.57,Cross-State Trending,Majority-share in Punjab,7
VINAYAK ASSOCIATES,LUBES,ZF04N65848AST,2W ENGINE OIL BOTTLE 20W40 (4T) (900 ml),0.54,Cross-State Trending,Majority-share in Rajasthan,8
VINAYAK ASSOCIATES,BRAKE PARTS,ZF86AB71457GM,PAD WINGER NEW (NEW)(I31/8),0.515,Cross-State Trending,Majority-share in Assam,9
VINAYAK ASSOCIATES,EMS,ZF04N261775IC,IGNITION COIL,0.51,Cross-State Trending,Majority-share in Maharashtra,10
VINAYAK ASSOCIATES,BRAKE PARTS,ZF04L71189KIT,MINOR KIT BAL TMC IAM,1.0,Personal Repeat Purchase,Top 5 by recency-weighted quantity,11
VINAYAK ASSOCIATES,BRAKE PARTS,ZF86AB73837GM,MINOR KIT W/C FR(J56/250),0.9010736196319018,Personal Repeat Purchase,Top 5 by recency-weighted quantity,12
VINAYAK ASSOCIATES,BRAKE PARTS,ZF86AB73617GM,SHOE KIT  RH(A.A.),0.8542944785276073,Personal Repeat Purchase,Top 5 by recency-weighted quantity,13
VINAYAK ASSOCIATES,BRAKE PARTS,ZF86AB77527GM,SHOE KIT,0.8282208588957055,Personal Repeat Purchase,Top 5 by recency-weighted quantity,14
VINAYAK ASSOCIATES,BRAKE PARTS,ZF86AB73627GM,SHOE KIT LH (A.A.),0.8029141104294478,Personal Repeat Purchase,Top 5 by recency-weighted quantity,15
VMK AUTO CENTRE,LUBES,ZF04N438637GM,ENGINE OIL BOTTLE 20W40 (4T),0.878,Cross-State Trending,Majority-share in Rajasthan,1
VMK AUTO CENTRE,LUBES,ZF04N445957GM,Engine Oil 2W 20W40 4T,0.852,Cross-State Trending,Majority-share in Rajasthan,2
VMK AUTO CENTRE,LUBES,ZF04N187507GM,EP - 90 Gear Fluid 500 ml,0.749,Cross-State Trending,Majority-share in Punjab,3
VMK AUTO CENTRE,BRAKE PARTS,ZF04L707227GM,Shoe Kit M_HAWK / Safari,0.605,Cross-State Trending,Majority-share in Assam,4
VMK AUTO CENTRE,AC GAS,ZF04N260123AC,R134A GAS CAN,0.602,Cross-State Trending,Majority-share in Haryana,5
VMK AUTO CENTRE,BRAKE PARTS,ZF047126167GM,CALIPER ASSEMBLY RH (H43/2),0.585,Cross-State Trending,Majority-share in Punjab,6
VMK AUTO CENTRE,BRAKE PARTS,ZF047126127GM,CALIPER ASSEMBLY LH (R)(H42/2),0.57,Cross-State Trending,Majority-share in Punjab,7
VMK AUTO CENTRE,BRAKE PARTS,ZF04L688207GM,"PAD KIT,  Frt",0.549,Cross-State Trending,Majority-share in Gujarat,8
VMK AUTO CENTRE,LUBES,ZF04N65848AST,2W ENGINE OIL BOTTLE 20W40 (4T) (900 ml),0.54,Cross-State Trending,Majority-share in Rajasthan,9
VMK AUTO CENTRE,EMS,ZF04N261775IC,IGNITION COIL,0.51,Cross-State Trending,Majority-share in Maharashtra,10
VMK AUTO CENTRE,BRAKE PARTS,ZF86AB70567GM,SHOE KIT  (1 LEADING- 1 TRAILING),1.0,Personal Repeat Purchase,Top 5 by recency-weighted quantity,11
VMK AUTO CENTRE,BRAKE PARTS,ZF86AB73617GM,SHOE KIT  RH(A.A.),0.9275678294573644,Personal Repeat Purchase,Top 5 by recency-weighted quantity,12
VMK AUTO CENTRE,BRAKE FLUID,ZF86AB70057GM,BRAKE FLUID 1/4 LTR DOT3 (Non Petroleum),0.9132751937984496,Personal Repeat Purchase,Top 5 by recency-weighted quantity,13
VMK AUTO CENTRE,BRAKE PARTS,ZF86AB73627GM,SHOE KIT LH (A.A.),0.8952277131782945,Personal Repeat Purchase,Top 5 by recency-weighted quantity,14
VMK AUTO CENTRE,BRAKE PARTS,ZF86AB73637GM,SHOE KIT FRONT (A.A.),0.7961482558139535,Personal Repeat Purchase,Top 5 by recency-weighted quantity,15
VOHRA DISTRIBUTORS,LUBES,ZF04N216677GM,EP - 90 Gear Fluid 26 ltr,0.938,Cross-State Trending,Majority-share in Rajasthan,1
VOHRA DISTRIBUTORS,LUBES,ZF04N438637GM,ENGINE OIL BOTTLE 20W40 (4T),0.878,Cross-State Trending,Majority-share in Rajasthan,2
VOHRA DISTRIBUTORS,LUBES,ZF04N445957GM,Engine Oil 2W 20W40 4T,0.852,Cross-State Trending,Majority-share in Rajasthan,3
VOHRA DISTRIBUTORS,BRAKE PARTS,ZF04L707227GM,Shoe Kit M_HAWK / Safari,0.605,Cross-State Trending,Majority-share in Assam,4
VOHRA DISTRIBUTORS,AC GAS,ZF04N260123AC,R134A GAS CAN,0.602,Cross-State Trending,Majority-share in Haryana,5
VOHRA DISTRIBUTORS,BRAKE PARTS,ZF047126167GM,CALIPER ASSEMBLY RH (H43/2),0.585,Cross-State Trending,Majority-share in Punjab,6
VOHRA DISTRIBUTORS,BRAKE PARTS,ZF047126127GM,CALIPER ASSEMBLY LH (R)(H42/2),0.57,Cross-State Trending,Majority-share in Punjab,7
VOHRA DISTRIBUTORS,BRAKE PARTS,ZF04L688207GM,"PAD KIT,  Frt",0.549,Cross-State Trending,Majority-share in Gujarat,8
VOHRA DISTRIBUTORS,BRAKE PARTS,ZF86AB71457GM,PAD WINGER NEW (NEW)(I31/8),0.515,Cross-State Trending,Majority-share in Assam,9
VOHRA DISTRIBUTORS,EMS,ZF04N261775IC,IGNITION COIL,0.51,Cross-State Trending,Majority-share in Maharashtra,10
VOHRA DISTRIBUTORS,BRAKE PARTS,ZF86AB73617GM,SHOE KIT  RH(A.A.),1.0,Personal Repeat Purchase,Top 5 by recency-weighted quantity,11
VOHRA DISTRIBUTORS,BRAKE PARTS,ZF86AB70567GM,SHOE KIT  (1 LEADING- 1 TRAILING),0.96575856035991,Personal Repeat Purchase,Top 5 by recency-weighted quantity,12
VOHRA DISTRIBUTORS,BRAKE PARTS,ZF86AB77527GM,SHOE KIT,0.9637590602349413,Personal Repeat Purchase,Top 5 by recency-weighted quantity,13
VOHRA DISTRIBUTORS,BRAKE PARTS,ZF86AB73837GM,MINOR KIT W/C FR(J56/250),0.9567608097975506,Personal Repeat Purchase,Top 5 by recency-weighted quantity,14
VOHRA DISTRIBUTORS,BRAKE PARTS,ZF86AB73627GM,SHOE KIT LH (A.A.),0.9137715571107223,Personal Repeat Purchase,Top 5 by recency-weighted quantity,15
Vardhman Agencies,LUBES,ZF04N216677GM,EP - 90 Gear Fluid 26 ltr,0.938,Cross-State Trending,Majority-share in Rajasthan,1
Vardhman Agencies,LUBES,ZF04N438657GM,2W ENGINE OIL BOTTLE 10W30 (4T) (1LTR),0.923,Cross-State Trending,Majority-share in Rajasthan,2
Vardhman Agencies,LUBES,ZF04N438637GM,ENGINE OIL BOTTLE 20W40 (4T),0.878,Cross-State Trending,Majority-share in Rajasthan,3
Vardhman Agencies,LUBES,ZF04N445957GM,Engine Oil 2W 20W40 4T,0.852,Cross-State Trending,Majority-share in Rajasthan,4
Vardhman Agencies,OTHERS,ZF04L927687GM,SHOCK ABS OIL 350ml,0.657,Cross-State Trending,Majority-share in Kerala,5
Vardhman Agencies,BRAKE PARTS,ZF047167857GM,WC S/A PENGUINE RR(K51/100),0.652,Cross-State Trending,Majority-share in Kerala,6
Vardhman Agencies,AC GAS,ZF04N260123AC,R134A GAS CAN,0.602,Cross-State Trending,Majority-share in Haryana,7
Vardhman Agencies,BRAKE PARTS,ZF04N129287TG,ROTOR (MAX PASSENGER),0.586,Cross-State Trending,Majority-share in Telangana,8
Vardhman Agencies,LUBES,ZF04N65848AST,2W ENGINE OIL BOTTLE 20W40 (4T) (900 ml),0.54,Cross-State Trending,Majority-share in Rajasthan,9
Vardhman Agencies,EMS,ZF04N261775IC,IGNITION COIL,0.51,Cross-State Trending,Majority-share in Maharashtra,10
Vardhman Agencies,BRAKE PARTS,ZF047126167GM,CALIPER ASSEMBLY RH (H43/2),1.0,Personal Repeat Purchase,Top 5 by recency-weighted quantity,11
Vardhman Agencies,BRAKE PARTS,ZF047126127GM,CALIPER ASSEMBLY LH (R)(H42/2),0.8662145499383477,Personal Repeat Purchase,Top 5 by recency-weighted quantity,12
Vardhman Agencies,BRAKE PARTS,ZF043185987GM,W/C  ASSY(15.87)(K14/100),0.7768187422934648,Personal Repeat Purchase,Top 5 by recency-weighted quantity,13
Vardhman Agencies,BRAKE PARTS,ZF04L699607GM,W/C ASSY. XYLO (Equlnt)(K62/25),0.7318125770653514,Personal Repeat Purchase,Top 5 by recency-weighted quantity,14
Vardhman Agencies,BRAKE PARTS,ZF86AB73407GM,KBX  PAD KIT,0.6356350184956844,Personal Repeat Purchase,Top 5 by recency-weighted quantity,15
Vinayak Associates,LUBES,ZF04N216677GM,EP - 90 Gear Fluid 26 ltr,0.938,Cross-State Trending,Majority-share in Rajasthan,1
Vinayak Associates,LUBES,ZF04N438657GM,2W ENGINE OIL BOTTLE 10W30 (4T) (1LTR),0.923,Cross-State Trending,Majority-share in Rajasthan,2
Vinayak Associates,LUBES,ZF04N438637GM,ENGINE OIL BOTTLE 20W40 (4T),0.878,Cross-State Trending,Majority-share in Rajasthan,3
Vinayak Associates,LUBES,ZF047979327GM,RADIATOR COOLANT 1 LTR. (Antifreeze),0.794,Cross-State Trending,Majority-share in Jammu and Kashmir,4
Vinayak Associates,BRAKE PARTS,ZF04N129287TG,ROTOR (MAX PASSENGER),0.586,Cross-State Trending,Majority-share in Telangana,5
Vinayak Associates,OTHERS,ZF04N139417GM,Power Steering Fluid 5L,0.545,Cross-State Trending,Majority-share in Chhattisgarh,6
Vinayak Associates,LUBES,ZF04N65848AST,2W ENGINE OIL BOTTLE 20W40 (4T) (900 ml),0.54,Cross-State Trending,Majority-share in Rajasthan,7
Vinayak Associates,SUSPENSION,ZF04N330985SK,SHOCK ABSORBER  FORTU_NER RR/ RL,0.516,Cross-State Trending,Majority-share in Maharashtra,8
Vinayak Associates,BRAKE PARTS,ZF86AB71457GM,PAD WINGER NEW (NEW)(I31/8),0.515,Cross-State Trending,Majority-share in Assam,9
Vinayak Associates,EMS,ZF04N261775IC,IGNITION COIL,0.51,Cross-State Trending,Majority-share in Maharashtra,10
Vinayak Associates,BRAKE FLUID,ZF86AB70057GM,BRAKE FLUID 1/4 LTR DOT3 (Non Petroleum),1.0,Personal Repeat Purchase,Top 5 by recency-weighted quantity,11
Vinayak Associates,BRAKE PARTS,ZF047143697GM,SHOE HOLD DOWN SPRING(A.A),0.6440886699507389,Personal Repeat Purchase,Top 5 by recency-weighted quantity,12
Vinayak Associates,BRAKE FLUID,ZF86AB70007GM,BRAKE FLUID 100ml DOT3 (Non Petroleum),0.6428571428571429,Personal Repeat Purchase,Top 5 by recency-weighted quantity,13
Vinayak Associates,BRAKE FLUID,ZF86AB70097GM,BRAKE FLUID 1/4 Lt  DOT4 (Non Petroleum),0.6428571428571429,Personal Repeat Purchase,Top 5 by recency-weighted quantity,14
Vinayak Associates,BRAKE PARTS,ZF86AB73837GM,MINOR KIT W/C FR(J56/250),0.6071428571428571,Personal Repeat Purchase,Top 5 by recency-weighted quantity,15
Vohra Auto Distributors Pvt Ltd,LUBES,ZF04N216677GM,EP - 90 Gear Fluid 26 ltr,0.938,Cross-State Trending,Majority-share in Rajasthan,1
Vohra Auto Distributors Pvt Ltd,LUBES,ZF04N438657GM,2W ENGINE OIL BOTTLE 10W30 (4T) (1LTR),0.923,Cross-State Trending,Majority-share in Rajasthan,2
Vohra Auto Distributors Pvt Ltd,LUBES,ZF04N438637GM,ENGINE OIL BOTTLE 20W40 (4T),0.878,Cross-State Trending,Majority-share in Rajasthan,3
Vohra Auto Distributors Pvt Ltd,LUBES,ZF04N445957GM,Engine Oil 2W 20W40 4T,0.852,Cross-State Trending,Majority-share in Rajasthan,4
Vohra Auto Distributors Pvt Ltd,LUBES,ZF04N187507GM,EP - 90 Gear Fluid 500 ml,0.749,Cross-State Trending,Majority-share in Punjab,5
Vohra Auto Distributors Pvt Ltd,OTHERS,ZF04L927687GM,SHOCK ABS OIL 350ml,0.657,Cross-State Trending,Majority-share in Kerala,6
Vohra Auto Distributors Pvt Ltd,BRAKE PARTS,ZF047126167GM,CALIPER ASSEMBLY RH (H43/2),0.585,Cross-State Trending,Majority-share in Punjab,7
Vohra Auto Distributors Pvt Ltd,BRAKE PARTS,ZF047126127GM,CALIPER ASSEMBLY LH (R)(H42/2),0.57,Cross-State Trending,Majority-share in Punjab,8
Vohra Auto Distributors Pvt Ltd,LUBES,ZF04N65848AST,2W ENGINE OIL BOTTLE 20W40 (4T) (900 ml),0.54,Cross-State Trending,Majority-share in Rajasthan,9
Vohra Auto Distributors Pvt Ltd,BRAKE PARTS,ZF86AB71457GM,PAD WINGER NEW (NEW)(I31/8),0.515,Cross-State Trending,Majority-share in Assam,10
Vohra Auto Distributors Pvt Ltd,BRAKE FLUID,ZF86AB70057GM,BRAKE FLUID 1/4 LTR DOT3 (Non Petroleum),1.0,Personal Repeat Purchase,Top 5 by recency-weighted quantity,11
Vohra Auto Distributors Pvt Ltd,BRAKE PARTS,ZF043185987GM,W/C  ASSY(15.87)(K14/100),0.9901477832512315,Personal Repeat Purchase,Top 5 by recency-weighted quantity,12
Vohra Auto Distributors Pvt Ltd,BRAKE PARTS,ZF86AB75887GM,SHOE KIT(INCRIMENTAL ADJ.)15,0.8784893267651889,Personal Repeat Purchase,Top 5 by recency-weighted quantity,13
Vohra Auto Distributors Pvt Ltd,BRAKE PARTS,ZF86AB77527GM,SHOE KIT,0.8364121510673235,Personal Repeat Purchase,Top 5 by recency-weighted quantity,14
Vohra Auto Distributors Pvt Ltd,OTHERS,ZF04L952157GM,POWER STEERING OIL BOTTLE(500ml),0.645320197044335,Personal Repeat Purchase,Top 5 by recency-weighted quantity,15
Walker Automotives (P) Ltd,LUBES,ZF04N216677GM,EP - 90 Gear Fluid 26 ltr,0.938,Cross-State Trending,Majority-share in Rajasthan,1
Walker Automotives (P) Ltd,LUBES,ZF04N438637GM,ENGINE OIL BOTTLE 20W40 (4T),0.878,Cross-State Trending,Majority-share in Rajasthan,2
Walker Automotives (P) Ltd,LUBES,ZF04N445957GM,Engine Oil 2W 20W40 4T,0.852,Cross-State Trending,Majority-share in Rajasthan,3
Walker Automotives (P) Ltd,LUBES,ZF04N187507GM,EP - 90 Gear Fluid 500 ml,0.749,Cross-State Trending,Majority-share in Punjab,4
Walker Automotives (P) Ltd,OTHERS,ZF04L927687GM,SHOCK ABS OIL 350ml,0.657,Cross-State Trending,Majority-share in Kerala,5
Walker Automotives (P) Ltd,BRAKE PARTS,ZF04L707227GM,Shoe Kit M_HAWK / Safari,0.605,Cross-State Trending,Majority-share in Assam,6
Walker Automotives (P) Ltd,BRAKE PARTS,ZF047126167GM,CALIPER ASSEMBLY RH (H43/2),0.585,Cross-State Trending,Majority-share in Punjab,7
Walker Automotives (P) Ltd,BRAKE PARTS,ZF047126127GM,CALIPER ASSEMBLY LH (R)(H42/2),0.57,Cross-State Trending,Majority-share in Punjab,8
Walker Automotives (P) Ltd,LUBES,ZF04N65848AST,2W ENGINE OIL BOTTLE 20W40 (4T) (900 ml),0.54,Cross-State Trending,Majority-share in Rajasthan,9
Walker Automotives (P) Ltd,BRAKE PARTS,ZF86AB71457GM,PAD WINGER NEW (NEW)(I31/8),0.515,Cross-State Trending,Majority-share in Assam,10
Walker Automotives (P) Ltd,LUBES,ZF04N65832AST,GREEN COOLANT BOTTLE (1 LTR),1.0,Personal Repeat Purchase,Top 5 by recency-weighted quantity,11
Walker Automotives (P) Ltd,BRAKE PARTS,ZF04L665887GM,SHOE KIT,0.3843390804597701,Personal Repeat Purchase,Top 5 by recency-weighted quantity,12
Walker Automotives (P) Ltd,BRAKE PARTS,ZF86AB75887GM,SHOE KIT(INCRIMENTAL ADJ.)15,0.2579022988505747,Personal Repeat Purchase,Top 5 by recency-weighted quantity,13
Walker Automotives (P) Ltd,BRAKE FLUID,ZF86AB70097GM,BRAKE FLUID 1/4 Lt  DOT4 (Non Petroleum),0.25,Personal Repeat Purchase,Top 5 by recency-weighted quantity,14
Walker Automotives (P) Ltd,BRAKE PARTS,ZF047742387GM,Service kit; Shoes New Swift,0.21551724137931033,Personal Repeat Purchase,Top 5 by recency-weighted quantity,15
Win Auto,LUBES,ZF04N216677GM,EP - 90 Gear Fluid 26 ltr,0.938,Cross-State Trending,Majority-share in Rajasthan,1
Win Auto,LUBES,ZF04N438637GM,ENGINE OIL BOTTLE 20W40 (4T),0.878,Cross-State Trending,Majority-share in Rajasthan,2
Win Auto,LUBES,ZF04N445957GM,Engine Oil 2W 20W40 4T,0.852,Cross-State Trending,Majority-share in Rajasthan,3
Win Auto,LUBES,ZF04N187507GM,EP - 90 Gear Fluid 500 ml,0.749,Cross-State Trending,Majority-share in Punjab,4
Win Auto,AC GAS,ZF04N260123AC,R134A GAS CAN,0.602,Cross-State Trending,Majority-share in Haryana,5
Win Auto,BRAKE PARTS,ZF047126167GM,CALIPER ASSEMBLY RH (H43/2),0.585,Cross-State Trending,Majority-share in Punjab,6
Win Auto,BRAKE PARTS,ZF047126127GM,CALIPER ASSEMBLY LH (R)(H42/2),0.57,Cross-State Trending,Majority-share in Punjab,7
Win Auto,BRAKE PARTS,ZF04L688207GM,"PAD KIT,  Frt",0.549,Cross-State Trending,Majority-share in Gujarat,8
Win Auto,LUBES,ZF04N65848AST,2W ENGINE OIL BOTTLE 20W40 (4T) (900 ml),0.54,Cross-State Trending,Majority-share in Rajasthan,9
Win Auto,EMS,ZF04N261775IC,IGNITION COIL,0.51,Cross-State Trending,Majority-share in Maharashtra,10
Win Auto,BRAKE PARTS,ZF86AB73637GM,SHOE KIT FRONT (A.A.),1.0,Personal Repeat Purchase,Top 5 by recency-weighted quantity,11
Win Auto,BRAKE FLUID,ZF86AB70007GM,BRAKE FLUID 100ml DOT3 (Non Petroleum),0.9346463742166518,Personal Repeat Purchase,Top 5 by recency-weighted quantity,12
Win Auto,BRAKE PARTS,ZF043186027GM,WC ASSLY PVPL RR(K17/40),0.7257961376135056,Personal Repeat Purchase,Top 5 by recency-weighted quantity,13
Win Auto,BRAKE FLUID,ZF86AB70057GM,BRAKE FLUID 1/4 LTR DOT3 (Non Petroleum),0.6230975828111012,Personal Repeat Purchase,Top 5 by recency-weighted quantity,14
Win Auto,BRAKE PARTS,ZF86AB73617GM,SHOE KIT  RH(A.A.),0.5950888860468091,Personal Repeat Purchase,Top 5 by recency-weighted quantity,15
