Product_A,Product_B,CoCount,Support,Confidence_A_to_B,Confidence_B_to_A,Lift
SHOE HOLD DOWN SPRING(A.A),SHOE RETURN SPRING(A.A),75,0.004407875404055245,0.31645569620253167,0.3588516746411483,25.763127611895094
SHOE KIT LH; IAM BAJAJ REGC,SHOE KIT RH; IAM BAJAJ REGC,51,0.0029973552747575667,0.24401913875598086,0.27717391304347827,22.56513938007073
SHOE RETURN SPRING(A.A),SPRING SHOE RETURN UPPER(G46/400),30,0.001763150161622098,0.14354066985645933,0.23809523809523808,19.383686488949646
SHOE HOLD DOWN SPRING(A.A),SPRING SHOE RETURN UPPER(G46/400),34,0.001998236849838378,0.14345991561181434,0.2698412698412698,19.372781461389057
SHOE KIT  RH(A.A.),SHOE KIT LH (A.A.),491,0.02885689097854834,0.6653116531165312,0.6680272108843538,15.401738473167043
POWER STEERING FLUID 1 Ltr,POWER STEERING OIL BOTTLE(500ml),165,0.00969732588892154,0.39759036144578314,0.3548387096774194,14.548387096774194
SHOE KIT  RH(A.A.),SHOE KIT FRONT (A.A.),356,0.020922715251248898,0.4823848238482385,0.5874587458745875,13.544187752108543
SHOE KIT FRONT (A.A.),SHOE KIT LH (A.A.),337,0.01980605348222157,0.5561056105610561,0.45850340136054424,12.873655732920229
BRAKE FLUID 1/2 Lt DOT3 (Non Petroleum),BRAKE FLUID 1/2 Lt DOT4 (Non Petroleum),49,0.002879811930649427,0.15605095541401273,0.23557692307692307,12.765418299853012
MINOR KIT W/C FR(J54/250),MINOR KIT W/C FR(J56/250),168,0.009873640905083749,0.45901639344262296,0.24489795918367346,11.385078621612578
W/C ASSY. LH(19.05 mm),W/C ASSY. RH(19.05 mm),40,0.0023508668821627977,0.1593625498007968,0.1556420233463035,10.550792937200615
W /C ASSY RH SANTRO,W/C ASSY LH SANTRO,182,0.010696444313840729,0.3333333333333333,0.3159722222222222,9.846643518518517
EP - 90 Gear Fluid 1   ltr,POWER STEERING FLUID 1 Ltr,63,0.003702615339406406,0.2342007434944238,0.15180722891566265,9.602230483271375
BRAKE FLUID 1/2 Lt DOT4 (Non Petroleum),BRAKE FLUID 100 ml  DOT4 (Non Petroleum),42,0.002468410226270937,0.20192307692307693,0.11602209944751381,9.490942413939651
MINOR KIT (Only Seals),MINOR KIT W/C FR.(J46/250),36,0.002115780193946518,0.11145510835913312,0.18,9.482043343653253
MINOR KIT (Only Seals),MINOR KIT TMC,86,0.005054363796650014,0.26625386996904027,0.17586912065439672,9.26443680475096
PAD FRICTION KING,"PAD KIT,  Frt",114,0.006699970614163973,0.2275449101796407,0.2727272727272727,9.26238432226456
MINOR KIT TMC PIAGGIO,MINOR KIT W/C FR.(J46/250),40,0.0023508668821627977,0.10752688172043011,0.2,9.147849462365592
"SERVICE KIT; SHOE KIT, ALTO CD,170",Service kit; Shoes New Swift,156,0.009168380840434911,0.2948960302457467,0.2826086956521739,9.089956439549603
MINOR KIT (Only Seals),MINOR KIT TMC PIAGGIO,64,0.003761387011460476,0.19814241486068113,0.17204301075268819,9.06288491627551
W/C ASSY. LH.omni (k26/40),W/C ASSY. RH(K23/40),160,0.009403467528651191,0.30592734225621415,0.2782608695652174,9.052789093025188
MINOR KIT TMC,MINOR KIT TMC PIAGGIO,95,0.005583308845136644,0.19427402862985685,0.2553763440860215,8.885947841766168
BONDED BRAKE SHOE KIT (KBX type),"SERVICE KIT; SHOE KIT, ALTO CD,170",117,0.006876285630326183,0.26773455377574373,0.22117202268431002,8.611537679573308
MINOR KIT W/C FR(J54/250),MINOR KIT W/C FR.(J46/250),37,0.002174551866000588,0.10109289617486339,0.185,8.600478142076504
"SERVICE KIT; SHOE KIT, ALTO CD,170","SHOE KIT WITH HBL, OMNI UPG.",115,0.006758742286218043,0.21739130434782608,0.2668213457076566,8.58216483405629
SHOE KIT  (1 LEADING- 1 TRAILING),SHOE KIT LH (A.A.),269,0.015809579782544814,0.36253369272237196,0.3659863945578231,8.392531675743074
SHOE KIT  (1 LEADING- 1 TRAILING),SHOE KIT  RH(A.A.),268,0.015750808110490743,0.3611859838274933,0.36314363143631434,8.327343516022761
BONDED BRAKE SHOE KIT (KBX type),"W/C ASSLY RR, Ø 15.87MM",113,0.006641198942109903,0.2585812356979405,0.20508166969147004,7.985044873685042
"W/C ASSLY RR, Ø 15.87MM",W/C ASSY. RR.(17.46 mm) YE2,84,0.004936820452541874,0.15245009074410162,0.25846153846153846,7.981348596956582
MINOR KIT W/C FR(J56/250),MINOR KIT W/C FR.(J46/250),64,0.003761387011460476,0.09329446064139942,0.32,7.937026239067055
MINOR KIT (Only Seals),MINOR KIT W/C FR(J54/250),54,0.0031736702909197765,0.16718266253869968,0.14754098360655737,7.772166675125615
SHOE KIT  (1 LEADING- 1 TRAILING),SHOE KIT FRONT (A.A.),205,0.012048192771084338,0.27628032345013476,0.33828382838283827,7.757276738455517
MINOR KIT TMC PIAGGIO,MINOR KIT W/C FR(J56/250),116,0.006817513958272113,0.3118279569892473,0.16909620991253643,7.7343333646822785
"PAD KIT,  Frt","SHOE KIT WITH HBL, OMNI UPG.",81,0.004760505436379665,0.1937799043062201,0.18793503480278423,7.650034969304721
PAD FRICTION KING,"SHOE KIT WITH HBL, OMNI UPG.",97,0.005700852189244784,0.1936127744510978,0.22505800464037123,7.643437023864105
MINOR KIT TMC,MINOR KIT W/C FR(J54/250),80,0.0047017337643255955,0.16359918200409,0.2185792349726776,7.605573993987954
MINOR KIT (Only Seals),MINOR KIT W/C FR(J56/250),99,0.005818395533352924,0.3065015479876161,0.14431486880466474,7.602221339663686
SHOE KIT FRONT (A.A.),Shoes Assy W/O Spring,41,0.0024096385542168677,0.06765676567656766,0.2679738562091503,7.524051424750318
MINOR KIT TMC PIAGGIO,MINOR KIT W/C FR(J54/250),60,0.003526300323244196,0.16129032258064516,0.16393442622950818,7.498237264234091
EP - 90 Gear Fluid 1   ltr,POWER STEERING OIL BOTTLE(500ml),54,0.0031736702909197765,0.20074349442379183,0.11612903225806452,7.3454850701522965
"W/C ASSLY RR, Ø 15.87MM",W/C ASSY. LH.omni (k26/40),124,0.007287687334704672,0.2250453720508167,0.23709369024856597,7.321504790525136
"SHOE KIT WITH HBL, OMNI UPG.",W/C ASSY. LH.omni (k26/40),96,0.005642080517190714,0.22273781902552203,0.1835564053537285,7.246432104625731
MINOR KIT TMC,MINOR KIT W/C(J29/250),38,0.002233323538054658,0.07770961145194274,0.20765027322404372,7.225295294288556
BRAKE FLUID 1/2 Lt DOT3 (Non Petroleum),BRAKE FLUID 100 ml  DOT4 (Non Petroleum),48,0.002821040258595357,0.15286624203821655,0.13259668508287292,7.185135658232747
"SERVICE KIT; SHOE KIT, ALTO CD,170","W/C ASSLY RR, Ø 15.87MM",122,0.007170143990596532,0.23062381852551986,0.22141560798548093,7.121713742670999
"PAD KIT,  Frt","SERVICE KIT; SHOE KIT, ALTO CD,170",92,0.005406993828974434,0.22009569377990432,0.17391304347826086,7.079259413355523
"SHOE KIT WITH HBL, OMNI UPG.",Service kit; Shoes New Swift,98,0.005759623861298854,0.2273781902552204,0.17753623188405798,7.008767947812636
W/C ASSY. LH.omni (k26/40),W/C ASSY. RR.(17.46 mm) YE2,70,0.004114017043784896,0.1338432122370937,0.2153846153846154,7.0072069421973815
MINOR KIT W/C FR(J54/250),MINOR KIT W/C(J29/250),27,0.0015868351454598883,0.07377049180327869,0.14754098360655737,6.859043267938726
W/C ASSY. RR. LH. CULTUS (17.46 mm),W/C ASSY. RR. RH.(17.46 mm),51,0.0029973552747575667,0.1559633027522936,0.13110539845758354,6.821890993136954
MINOR KIT BAL TMC IAM,MINOR KIT TMC PIAGGIO,34,0.001998236849838378,0.14847161572052403,0.0913978494623656,6.790979950227731
"SERVICE KIT; SHOE KIT, ALTO CD,170",SHOE KIT(12),189,0.011107846018219219,0.3572778827977316,0.21046770601336304,6.769580373945883
SHOE KIT(12),Service kit; Shoes New Swift,197,0.011578019394651778,0.21937639198218262,0.35688405797101447,6.762118314450793
BRAKE FLUID 1/2 Lt DOT3 (Non Petroleum),BRAKE FLUID 1/4 Lt  DOT4 (Non Petroleum),108,0.006347340581839553,0.34394904458598724,0.12442396313364056,6.742273034136605
"SHOE KIT WITH HBL, OMNI UPG.","W/C ASSLY RR, Ø 15.87MM",94,0.005524537173082574,0.21809744779582366,0.1705989110707804,6.734896686471759
BONDED BRAKE SHOE KIT (KBX type),"SHOE KIT WITH HBL, OMNI UPG.",74,0.004349103732001176,0.16933638443935928,0.1716937354988399,6.685054712843847
MINOR KIT TMC,MINOR KIT W/C FR(J56/250),131,0.007699089039083162,0.26789366053169733,0.19096209912536444,6.644621915374389
SHOE HOLD DOWN SPRING(A.A),SHOE KIT  RH(A.A.),68,0.003996473699676756,0.2869198312236287,0.0921409214092141,6.615096108766995
MINOR KIT TMC,MINOR KIT W/C FR.(J46/250),38,0.002233323538054658,0.07770961145194274,0.19,6.611145194274029
PAD FRICTION KING,"SERVICE KIT; SHOE KIT, ALTO CD,170",101,0.005935938877461064,0.20159680638722555,0.19092627599243855,6.484252666689306
MINOR KIT (Only Seals),MINOR KIT BAL TMC IAM,28,0.0016456068175139582,0.08668730650154799,0.1222707423580786,6.440980437222005
SHOE KIT  RH(A.A.),SPRING SHOE RETURN UPPER(G46/400),35,0.002057008521892448,0.04742547425474255,0.2777777777777778,6.404320987654322
MINOR KIT BAL TMC IAM,MINOR KIT W/C FR(J56/250),59,0.0034675286511901262,0.2576419213973799,0.08600583090379009,6.3903459075458
BONDED BRAKE SHOE KIT (KBX type),W/C ASSY. RR.(17.46 mm) YE2,53,0.0031148986188657066,0.12128146453089245,0.16307692307692306,6.349551135363492
"SERVICE KIT; SHOE KIT, ALTO CD,170",W/C ASSY. LH.omni (k26/40),103,0.006053482221569204,0.1947069943289225,0.19694072657743786,6.334492368081484
BONDED BRAKE SHOE KIT (KBX type),"PAD KIT,  Frt",68,0.003996473699676756,0.15560640732265446,0.16267942583732056,6.334074211949679
SPRING SHOE RETURN UPPER(G46/400),W/C ASSY. RH(19.05 mm),12,0.0007052600646488392,0.09523809523809523,0.04669260700389105,6.305354826755606
"PAD KIT,  Frt",Service kit; Shoes New Swift,85,0.004995592124595945,0.20334928229665072,0.1539855072463768,6.2680942722418695
SHOE KIT FRONT (A.A.),SPRING SHOE RETURN UPPER(G46/400),28,0.0016456068175139582,0.0462046204620462,0.2222222222222222,6.23945727906124
BONDED BRAKE SHOE KIT (KBX type),SHOE KIT(15),68,0.003996473699676756,0.15560640732265446,0.1588785046728972,6.186081823820015
BONDED BRAKE SHOE KIT (KBX type),Service kit; Shoes New Swift,87,0.005113135468704085,0.19908466819221968,0.15760869565217392,6.136640632772859
BONDED BRAKE SHOE KIT (KBX type),SHOE KIT(12),141,0.008286805759623862,0.32265446224256294,0.15701559020044542,6.1135475223354225
"W/C ASSLY RR, Ø 15.87MM",W/C ASSY LH SANTRO,113,0.006641198942109903,0.20508166969147004,0.19618055555555555,6.058098280903408
"PAD KIT,  Frt","W/C ASSLY RR, Ø 15.87MM",82,0.004819277108433735,0.19617224880382775,0.14882032667876588,6.057841766600961
"SERVICE KIT; SHOE KIT, ALTO CD,170",SHOE KIT(15),80,0.0047017337643255955,0.15122873345935728,0.18691588785046728,6.012048831334028
"PAD KIT,  Frt",W/C ASSY. RR.(17.46 mm) YE2,48,0.002821040258595357,0.11483253588516747,0.1476923076923077,6.011924917188074
MINOR KIT BAL TMC IAM,MINOR KIT W/C FR.(J46/250),16,0.000940346752865119,0.06986899563318777,0.08,5.94410480349345
SHOE HOLD DOWN SPRING(A.A),SHOE KIT FRONT (A.A.),50,0.0029385836027034967,0.2109704641350211,0.08250825082508251,5.923535391513834
BONDED BRAKE SHOE KIT (KBX type),PAD FRICTION KING,76,0.004466647076109316,0.17391304347826086,0.15169660678642716,5.906447973617983
"SHOE KIT WITH HBL, OMNI UPG.",W/C ASSY. RH(K23/40),86,0.005054363796650014,0.19953596287703015,0.14956521739130435,5.9045294058307265
Service kit; Shoes New Swift,W/C ASSY. LH.omni (k26/40),100,0.0058771672054069935,0.18115942028985507,0.19120458891013384,5.893742899104941
MINOR KIT BAL TMC IAM,MINOR KIT W/C FR(J54/250),29,0.0017043784895680281,0.12663755458515283,0.07923497267759563,5.887262271219606
BONDED BRAKE SHOE KIT (KBX type),W/C ASSY. LH.omni (k26/40),79,0.004642962092271525,0.18077803203661327,0.15105162523900573,5.881335019317352
"SERVICE KIT; SHOE KIT, ALTO CD,170",Shoe Kit,287,0.016867469879518072,0.5425330812854442,0.18268618714194781,5.87600278680575
PAD FRICTION KING,SHOE KIT(12),155,0.00910960916838084,0.3093812375249501,0.17260579064587972,5.862050953771744
W /C ASSY RH SANTRO,W/C ASSY. RH(K23/40),108,0.006347340581839553,0.1978021978021978,0.18782608695652173,5.853225035833731
PAD FRICTION KING,Service kit; Shoes New Swift,94,0.005524537173082574,0.18762475049900199,0.17028985507246377,5.783396974167607
MINOR KIT TMC PIAGGIO,MINOR KIT W/C(J29/250),23,0.0013517484572436085,0.06182795698924731,0.12568306010928962,5.748648569246136
MINOR KIT W/C FR(J56/250),MINOR KIT W/C(J29/250),42,0.002468410226270937,0.061224489795918366,0.22950819672131148,5.692539310806289
SHOE KIT RH RR APE CITY (I 11/20),SPRING SHOE RETURN UPPER(G46/400),9,0.0005289450484866295,0.04186046511627907,0.07142857142857142,5.6528239202657815
SHOE KIT  (1 LEADING- 1 TRAILING),SPRING SHOE RETURN UPPER(G46/400),31,0.001821921833676168,0.04177897574123989,0.24603174603174602,5.641819620930133
W /C ASSY RH SANTRO,W/C ASSY. RR. RH.(17.46 mm),70,0.004114017043784896,0.1282051282051282,0.17994858611825193,5.607738448355415
MINOR KIT W/C FR.(J46/250),MINOR KIT W/C(J29/250),12,0.0007052600646488392,0.06,0.06557377049180328,5.578688524590165
BRAKE FLUID 1/4 Lt  DOT4 (Non Petroleum),BRAKE FLUID 100 ml  DOT4 (Non Petroleum),103,0.006053482221569204,0.11866359447004608,0.2845303867403315,5.57751674007689
Service kit; Shoes New Swift,Shoe Kit,283,0.01663238319130179,0.5126811594202898,0.18014003819223426,5.552686141016061
W/C ASSY LH SANTRO,W/C ASSY. RH(K23/40),108,0.006347340581839553,0.1875,0.18782608695652173,5.54836956521739
Service kit; Shoes New Swift,"W/C ASSLY RR, Ø 15.87MM",99,0.005818395533352924,0.1793478260869565,0.17967332123411978,5.538299928982878
"W/C ASSLY RR, Ø 15.87MM",W/C ASSY. RH(K23/40),103,0.006053482221569204,0.1869328493647913,0.1791304347826087,5.531586838159868
"PAD KIT,  Frt",SHOE KIT(12),121,0.007111372318542463,0.2894736842105263,0.13474387527839643,5.484849372875395
MINOR KIT BAL TMC IAM,MINOR KIT TMC,36,0.002115780193946518,0.1572052401746725,0.0736196319018405,5.470035095239371
SHOE HOLD DOWN SPRING(A.A),SHOE KIT LH (A.A.),56,0.0032912136350279164,0.23628691983122363,0.0761904761904762,5.469961824392204
"SHOE KIT WITH HBL, OMNI UPG.",SHOE KIT(12),124,0.007287687334704672,0.2877030162412993,0.13808463251670378,5.451299355618828
SHOE KIT  RH(A.A.),Shoes Assy W/O Spring,36,0.002115780193946518,0.04878048780487805,0.23529411764705882,5.42483660130719
"PAD KIT,  Frt",Shoe Kit,209,0.012283279459300618,0.5,0.13303628262253342,5.415340547422024
SHOE KIT(12),"W/C ASSLY RR, Ø 15.87MM",157,0.00922715251248898,0.17483296213808464,0.2849364791288566,5.3988799469682585
SPRING SHOE RETURN UPPER(G46/400),W/C ASSY. LH(19.05 mm),10,0.0005877167205406994,0.07936507936507936,0.0398406374501992,5.380067033453488
"SHOE KIT WITH HBL, OMNI UPG.",W/C ASSY. RR.(17.46 mm) YE2,44,0.002585953570379077,0.10208816705336426,0.13538461538461538,5.3447081920399775
SHOE KIT LH (A.A.),SPRING SHOE RETURN UPPER(G46/400),29,0.0017043784895680281,0.03945578231292517,0.23015873015873015,5.328096317892236
BRAKE FLUID 1/4 LTR DOT3 (Non Petroleum),BRAKE FLUID 100ml DOT3 (Non Petroleum),696,0.04090508374963268,0.38116100766703176,0.5704918032786885,5.315946348733235
W/C ASSY LH SANTRO,W/C ASSY. LH.omni (k26/40),94,0.005524537173082574,0.16319444444444445,0.17973231357552583,5.309280061610367
SHOE HOLD DOWN SPRING(A.A),W/C ASSY. RH(19.05 mm),19,0.001116661769027329,0.08016877637130802,0.07392996108949416,5.307672101003136
SPRING SHOE RETURN UPPER(G46/400),Shoes Assy W/O Spring,6,0.0003526300323244196,0.047619047619047616,0.0392156862745098,5.29567382508559
"SERVICE KIT; SHOE KIT, ALTO CD,170",W/C ASSY. RH(K23/40),94,0.005524537173082574,0.1776937618147448,0.1634782608695652,5.25819018657023
SHOE HOLD DOWN SPRING(A.A),SHOE KIT  (1 LEADING- 1 TRAILING),54,0.0031736702909197765,0.22784810126582278,0.07277628032345014,5.2248456105633085
PAD FRICTION KING,"W/C ASSLY RR, Ø 15.87MM",83,0.004878048780487805,0.1656686626746507,0.15063520871143377,5.115884383682726
W /C ASSY RH SANTRO,"W/C ASSLY RR, Ø 15.87MM",90,0.005289450484866294,0.16483516483516483,0.16333938294010888,5.090145788875372
"PAD KIT,  Frt",W/C ASSY. LH.omni (k26/40),65,0.003820158683514546,0.15550239234449761,0.124282982791587,5.059030986121657
KBX  PAD KIT,"PAD KIT,  Frt",285,0.016749926535409933,0.12375162831089882,0.6818181818181818,5.037401807918526
BONDED BRAKE SHOE KIT (KBX type),Shoe Kit,203,0.011930649426976197,0.4645308924485126,0.12921705919796309,5.031185954813139
W/C  ASSY(15.87)(K14/100),"W/C ASSLY RR, Ø 15.87MM",135,0.007934175727299441,0.16206482593037214,0.24500907441016334,5.004597120154777
W/C ASSY LH SANTRO,W/C ASSY. RR.(17.46 mm) YE2,55,0.0032324419629738465,0.0954861111111111,0.16923076923076924,4.9990651709401694
SHOE KIT LH (A.A.),Shoes Assy W/O Spring,33,0.001939465177784308,0.044897959183673466,0.21568627450980393,4.993063892223556
"W/C ASSLY RR, Ø 15.87MM",W/C Model K cr3 (19.05)(K31/100),68,0.003996473699676756,0.12341197822141561,0.16113744075829384,4.975959264069637
KBX  PAD KIT,PAD FRICTION KING,337,0.01980605348222157,0.14633087277464177,0.6726546906187625,4.969700200120818
W /C ASSY RH SANTRO,W/C ASSY. LH.omni (k26/40),83,0.004878048780487805,0.152014652014652,0.1586998087954111,4.9455627228093775
PAD FRICTION KING,Shoe Kit,228,0.013399941228327945,0.4550898203592814,0.14513049013367282,4.9289327138212435
"SERVICE KIT; SHOE KIT, ALTO CD,170",W/C ASSY LH SANTRO,88,0.005171907140758154,0.166351606805293,0.1527777777777778,4.914014912833438
PAD FRICTION KING,W/C ASSY. RR.(17.46 mm) YE2,47,0.002762268586541287,0.09381237524950099,0.14461538461538462,4.911438661139259
MINOR KIT BAL TMC IAM,MINOR KIT W/C(J29/250),12,0.0007052600646488392,0.05240174672489083,0.06557377049180328,4.872217052043811
"SHOE KIT WITH HBL, OMNI UPG.",W /C ASSY RH SANTRO,67,0.003937702027622686,0.1554524361948956,0.1227106227106227,4.844364838564374
BONDED BRAKE SHOE KIT (KBX type),Shoes Assy W/O Spring,19,0.001116661769027329,0.043478260869565216,0.12418300653594772,4.835180448991191
SHOE KIT  (1 LEADING- 1 TRAILING),Shoes Assy W/O Spring,32,0.001880693505730238,0.0431266846361186,0.20915032679738563,4.796081954794497
W/C ASSY LH SANTRO,W/C ASSY. RR. RH.(17.46 mm),63,0.003702615339406406,0.109375,0.16195372750642673,4.784101863753213
Shoe Kit,W/C ASSY. RR.(17.46 mm) YE2,143,0.008404349103732,0.0910248249522597,0.44,4.765499681731381
SHOE RETURN SPRING(A.A),W/C ASSY. RR.(17.46 mm) YE2,19,0.001116661769027329,0.09090909090909091,0.05846153846153846,4.759440559440559
BONDED BRAKE SHOE KIT (KBX type),SHOE KIT  RH(A.A.),90,0.005289450484866294,0.20594965675057209,0.12195121951219512,4.748283752860412
BONDED BRAKE SHOE KIT (KBX type),W/C ASSY. RH(K23/40),70,0.004114017043784896,0.16018306636155608,0.12173913043478261,4.740025868072829
"SHOE KIT WITH HBL, OMNI UPG.",Shoe Kit,188,0.011049074346165148,0.4361948955916473,0.11966900063653724,4.724287809351927
W/C ASSY. RH(K23/40),W/C ASSY. RR. RH.(17.46 mm),62,0.003643843667352336,0.10782608695652174,0.15938303341902313,4.71635184978205
BRAKE FLUID 1/2 Lt DOT4 (Non Petroleum),BRAKE FLUID 1/4 Lt  DOT4 (Non Petroleum),50,0.0029385836027034967,0.2403846153846154,0.0576036866359447,4.7121477313009565
BONDED BRAKE SHOE KIT (KBX type),W/C ASSY LH SANTRO,69,0.004055245371730826,0.15789473684210525,0.11979166666666667,4.6641995614035086
"SERVICE KIT; SHOE KIT, ALTO CD,170",W /C ASSY RH SANTRO,79,0.004642962092271525,0.14933837429111532,0.1446886446886447,4.653832305061038
SHOE KIT LH (A.A.),SHOE RETURN SPRING(A.A),42,0.002468410226270937,0.05714285714285714,0.20095693779904306,4.652084757347914
SHOE KIT(12),W/C ASSY. LH.omni (k26/40),128,0.007522774022920952,0.14253897550111358,0.2447418738049713,4.637286172373705
SHOE KIT(12),W/C ASSY. RH(K23/40),140,0.008228034087569792,0.155902004454343,0.24347826086956523,4.613343662244602
SHOE KIT  (1 LEADING- 1 TRAILING),SHOE RETURN SPRING(A.A),42,0.002468410226270937,0.05660377358490566,0.20095693779904306,4.608197165297463
BONDED BRAKE SHOE KIT (KBX type),SHOE KIT(INCRIMENTAL ADJ.)15,98,0.005759623861298854,0.2242562929061785,0.11821471652593486,4.602799546198585
Shoe Kit,W/C ASSY. LH.omni (k26/40),221,0.012988539523949457,0.1406747294716741,0.4225621414913958,4.576635797247676
W/C ASSY. LH.omni (k26/40),W/C ASSY. RH(19.05 mm),36,0.002115780193946518,0.06883365200764818,0.14007782101167315,4.557216299261222
PAD FRICTION KING,W/C ASSY. RH(K23/40),77,0.004525418748163385,0.1536926147704591,0.13391304347826086,4.547964939685846
PAD FRICTION KING,W/C ASSY. LH.omni (k26/40),70,0.004114017043784896,0.13972055888223553,0.1338432122370937,4.545593325776745
"SERVICE KIT; SHOE KIT, ALTO CD,170",SHOE KIT,343,0.02015868351454599,0.6483931947069943,0.14103618421052633,4.536352881554074
SHOE KIT(12),Shoe Kit,374,0.021980605348222156,0.41648106904231624,0.2380649267982177,4.510773640837053
Service kit; Shoes New Swift,W/C ASSY. RH(K23/40),84,0.004936820452541874,0.15217391304347827,0.14608695652173914,4.503024574669187
"SERVICE KIT; SHOE KIT, ALTO CD,170",SHOE KIT(INCRIMENTAL ADJ.)15,116,0.006817513958272113,0.21928166351606806,0.1399276236429433,4.500696628137392
SHOE KIT,Service kit; Shoes New Swift,353,0.020746400235086688,0.14514802631578946,0.6394927536231884,4.474082731454996
Service kit; Shoes New Swift,W/C ASSY. RR.(17.46 mm) YE2,47,0.002762268586541287,0.08514492753623189,0.14461538461538462,4.457664437012263
"SERVICE KIT; SHOE KIT, ALTO CD,170",W/C ASSY. RR.(17.46 mm) YE2,45,0.002644725242433147,0.08506616257088846,0.13846153846153847,4.453540788134361
BONDED BRAKE SHOE KIT (KBX type),SHOE KIT LH (A.A.),84,0.004936820452541874,0.19221967963386727,0.11428571428571428,4.449820202680614
"SERVICE KIT; SHOE KIT, ALTO CD,170",SHOE KIT  (1 LEADING- 1 TRAILING),102,0.005994710549515133,0.19281663516068054,0.13746630727762804,4.4215297132870335
SHOE HOLD DOWN SPRING(A.A),W/C ASSY. RR.(17.46 mm) YE2,20,0.0011754334410813989,0.08438818565400844,0.06153846153846154,4.418046088932165
BONDED BRAKE SHOE KIT (KBX type),KBX  PAD KIT,261,0.015339406406112253,0.597254004576659,0.11333043855840208,4.412625656913528
SHOE KIT  RH(A.A.),SHOE RETURN SPRING(A.A),40,0.0023508668821627977,0.05420054200542006,0.19138755980861244,4.412546517809676
"SHOE KIT WITH HBL, OMNI UPG.",Shoes Assy W/O Spring,17,0.000999118424919189,0.03944315545243619,0.1111111111111111,4.386439804073214
"SHOE KIT WITH HBL, OMNI UPG.",W/C  ASSY(15.87)(K14/100),92,0.005406993828974434,0.21345707656612528,0.11044417767106843,4.360110633580578
SHOE HOLD DOWN SPRING(A.A),SHOE KIT RH RR APE CITY (I 11/20),13,0.0007640317367029092,0.05485232067510549,0.06046511627906977,4.3409871455205575
MINOR KIT (Only Seals),MINOR KIT W/C(J29/250),15,0.000881575080811049,0.04643962848297214,0.08196721311475409,4.317870375069786
KBX  PAD KIT,"SERVICE KIT; SHOE KIT, ALTO CD,170",309,0.018160446664707612,0.13417281806339557,0.5841209829867675,4.3155964070863435
W /C ASSY RH SANTRO,W/C ASSY. RR.(17.46 mm) YE2,45,0.002644725242433147,0.08241758241758242,0.13846153846153847,4.314877430262045
KBX  PAD KIT,Service kit; Shoes New Swift,321,0.01886570672935645,0.13938341293964393,0.5815217391304348,4.29639270139138
W/C ASSY. RH(K23/40),W/C ASSY. RR.(17.46 mm) YE2,47,0.002762268586541287,0.0817391304347826,0.14461538461538462,4.279357859531771
BRAKE FLUID 100 ml  DOT4 (Non Petroleum),BRAKE FLUID 100ml DOT3 (Non Petroleum),111,0.006523655598001763,0.30662983425414364,0.09098360655737706,4.276480844126438
BONDED BRAKE SHOE KIT (KBX type),SHOE KIT  (1 LEADING- 1 TRAILING),81,0.004760505436379665,0.1853546910755149,0.1091644204851752,4.250417882277474
"PAD KIT,  Frt",W/C ASSY. RH(K23/40),60,0.003526300323244196,0.14354066985645933,0.10434782608695652,4.247555648013313
SHOE KIT,SHOE KIT  RH(A.A.),448,0.02632970908022333,0.18421052631578946,0.6070460704607046,4.247076023391813
BONDED BRAKE SHOE KIT (KBX type),SHOE KIT,265,0.015574493094328533,0.6064073226544623,0.10896381578947369,4.242607152535228
SHOE KIT,SHOE KIT LH (A.A.),444,0.026094622392007053,0.1825657894736842,0.6040816326530613,4.226335929108485
"SERVICE KIT; SHOE KIT, ALTO CD,170",Shoes Assy W/O Spring,20,0.0011754334410813989,0.03780718336483932,0.13071895424836602,4.204504738253209
Shoe Kit,"W/C ASSLY RR, Ø 15.87MM",212,0.012459594475462826,0.1349458943348186,0.38475499092558985,4.167158606364679
BRAKE FLUID 1/2 Lt DOT3 (Non Petroleum),BRAKE FLUID 1/4 LTR DOT3 (Non Petroleum),140,0.008228034087569792,0.445859872611465,0.07667031763417305,4.154603358425015
SPRING SHOE RETURN UPPER(G46/400),W/C ASSY. LH.omni (k26/40),16,0.000940346752865119,0.12698412698412698,0.030592734225621414,4.131233117848796
KBX  PAD KIT,"SHOE KIT WITH HBL, OMNI UPG.",241,0.014163972965030856,0.1046461137646548,0.5591647331786543,4.131214908829702
SHOE RETURN SPRING(A.A),W/C ASSY. RH(19.05 mm),13,0.0007640317367029092,0.06220095693779904,0.05058365758754864,4.118090592593971
"PAD KIT,  Frt",SHOE KIT,246,0.014457831325301205,0.5885167464114832,0.10115131578947369,4.11743932573659
W/C  ASSY(15.87)(K14/100),W/C ASSY LH SANTRO,116,0.006817513958272113,0.13925570228091236,0.2013888888888889,4.11360377484327
PAD KIT,"PAD KIT,  Frt",266,0.015633264766382604,0.10098709187547457,0.6363636363636364,4.110754469524401
SHOE KIT,"SHOE KIT WITH HBL, OMNI UPG.",253,0.014869233029679694,0.1040296052631579,0.5870069605568445,4.106876411955061
SHOE KIT(15),W/C ASSY. LH.omni (k26/40),54,0.0031736702909197765,0.1261682242990654,0.10325047801147227,4.104688979825235
W /C ASSY RH SANTRO,W/C  ASSY(15.87)(K14/100),109,0.006406112253893623,0.19963369963369965,0.13085234093637454,4.077751979912844
PAD FRICTION KING,W/C ASSY LH SANTRO,69,0.004055245371730826,0.1377245508982036,0.11979166666666667,4.068373669328011
PAD FRICTION KING,SHOE KIT,291,0.01710255656773435,0.5808383233532934,0.1196546052631579,4.0637187795461704
"SHOE KIT WITH HBL, OMNI UPG.",W/C ASSY. RR. RH.(17.46 mm),40,0.0023508668821627977,0.09280742459396751,0.10282776349614396,4.059430152869814
"SHOE KIT WITH HBL, OMNI UPG.",SHOE KIT(15),44,0.002585953570379077,0.10208816705336426,0.102803738317757,4.058481687880825
"SHOE KIT WITH HBL, OMNI UPG.",SHOE KIT(INCRIMENTAL ADJ.)15,85,0.004995592124595945,0.19721577726218098,0.10253317249698432,4.047800301708093
"SHOE KIT WITH HBL, OMNI UPG.",W/C ASSY LH SANTRO,59,0.0034675286511901262,0.1368909512761021,0.10243055555555555,4.043749194379995
POWER STEERING OIL BOTTLE(500ml),SHOCK ABS OIl 175ml,14,0.0008228034087569791,0.030107526881720432,0.11023622047244094,4.033697400728134
SHOE KIT,SHOE KIT FRONT (A.A.),349,0.02051131354687041,0.1435032894736842,0.5759075907590759,4.02922189834115
BRAKE FLUID 1/4 LTR DOT3 (Non Petroleum),BRAKE FLUID 1/4 Lt  DOT4 (Non Petroleum),375,0.022039377020276227,0.20536692223439212,0.43202764976958524,4.0257121910347715
SHOE KIT(12),W/C ASSY. RR.(17.46 mm) YE2,69,0.004055245371730826,0.07683741648106904,0.2123076923076923,4.0227342813088915
BONDED BRAKE SHOE KIT (KBX type),W /C ASSY RH SANTRO,56,0.0032912136350279164,0.12814645308924486,0.10256410256410256,3.9934283870210643
KBX  PAD KIT,"W/C ASSLY RR, Ø 15.87MM",297,0.01745518660005877,0.1289622231871472,0.5390199637023594,3.9823815381657166
W/C ASSY. RR. RH.(17.46 mm),W/C ASSY. XYLO (Equlnt)(K62/25),40,0.0023508668821627977,0.10282776349614396,0.09070294784580499,3.9673795825099534
Service kit; Shoes New Swift,W /C ASSY RH SANTRO,70,0.004114017043784896,0.12681159420289856,0.1282051282051282,3.951830174656262
"PAD KIT,  Frt",W /C ASSY RH SANTRO,53,0.0031148986188657066,0.12679425837320574,0.09706959706959707,3.951289938132043
SHOE KIT,SHOE KIT  (1 LEADING- 1 TRAILING),419,0.024625330590655303,0.17228618421052633,0.5646900269541779,3.950740464072918
PAD FRICTION KING,SHOE KIT  (1 LEADING- 1 TRAILING),86,0.005054363796650014,0.17165668662674652,0.11590296495956873,3.936305287000124
W/C ASSY. RR.(17.46 mm) YE2,W/C ASSY. XYLO (Equlnt)(K62/25),33,0.001939465177784308,0.10153846153846154,0.07482993197278912,3.9176347462061742
"SERVICE KIT; SHOE KIT, ALTO CD,170",W/C  ASSY(15.87)(K14/100),101,0.005935938877461064,0.19092627599243855,0.1212484993997599,3.8998926602777217
SHOE KIT(12),SHOE KIT(15),88,0.005171907140758154,0.09799554565701558,0.205607476635514,3.895780862976916
"W/C ASSLY RR, Ø 15.87MM",W/C ASSY. RR. RH.(17.46 mm),49,0.002879811930649427,0.08892921960072596,0.12596401028277635,3.889796070710416
BONDED BRAKE SHOE KIT (KBX type),W/C Model K cr3 (19.05)(K31/100),42,0.002468410226270937,0.09610983981693363,0.0995260663507109,3.875139631481341
KBX  PAD KIT,W/C ASSY. LH.omni (k26/40),272,0.015985894798707025,0.11810681719496309,0.5200764818355641,3.8424235077864197
SHOE KIT  (1 LEADING- 1 TRAILING),"W/C ASSLY RR, Ø 15.87MM",92,0.005406993828974434,0.12398921832884097,0.16696914700544466,3.8288140650911604
SHOE KIT,SHOE KIT(12),491,0.02885689097854834,0.20189144736842105,0.5467706013363028,3.8253707984116745
KBX  PAD KIT,SHOE KIT(12),464,0.02727005583308845,0.20147633521493705,0.5167037861915368,3.8175053938554053
SHOE KIT(12),SHOE KIT(INCRIMENTAL ADJ.)15,167,0.00981486923302968,0.18596881959910913,0.2014475271411339,3.816959548225382
BONDED BRAKE SHOE KIT (KBX type),SHOE KIT FRONT (A.A.),59,0.0034675286511901262,0.13501144164759726,0.09735973597359736,3.790791550550936
SHOE KIT LH; IAM BAJAJ REGC,SHOE KIT RH RR APE CITY (I 11/20),10,0.0005877167205406994,0.04784688995215311,0.046511627906976744,3.7865806164459777
SHOE KIT,"W/C ASSLY RR, Ø 15.87MM",298,0.017513958272112842,0.1225328947368421,0.5408348457350273,3.7838424754035724
SHOE KIT(12),W/C ASSY LH SANTRO,115,0.006758742286218043,0.12806236080178174,0.1996527777777778,3.7829532448651317
W/C ASSY LH SANTRO,W/C Model K cr3 (19.05)(K31/100),54,0.0031736702909197765,0.09375,0.12796208530805686,3.7799911137440754
"SERVICE KIT; SHOE KIT, ALTO CD,170",SHOE KIT FRONT (A.A.),71,0.0041727887158389656,0.1342155009451796,0.11716171617161716,3.768443479508631
SHOE KIT  RH(A.A.),"W/C ASSLY RR, Ø 15.87MM",90,0.005289450484866294,0.12195121951219512,0.16333938294010888,3.765880217785844
W/C ASSY. RH(19.05 mm),W/C Model K cr3 (19.05)(K31/100),24,0.0014105201292976784,0.0933852140077821,0.05687203791469194,3.7652829771147216
SHOE KIT FRONT (A.A.),SHOE RETURN SPRING(A.A),28,0.0016456068175139582,0.0462046204620462,0.1339712918660287,3.7615866849842874
SHOE KIT LH (A.A.),"SHOE KIT WITH HBL, OMNI UPG.",70,0.004114017043784896,0.09523809523809523,0.16241299303944315,3.7598055463484696
SHOE KIT  RH(A.A.),"SHOE KIT WITH HBL, OMNI UPG.",70,0.004114017043784896,0.0948509485094851,0.16241299303944315,3.7445217839649394
SHOE RETURN SPRING(A.A),Shoes Assy W/O Spring,7,0.00041140170437848955,0.03349282296650718,0.0457516339869281,3.724708384151108
SHOE KIT(12),W /C ASSY RH SANTRO,107,0.0062885689097854835,0.11915367483296214,0.19597069597069597,3.713186405279947
W/C  ASSY(15.87)(K14/100),W/C ASSY. RR.(17.46 mm) YE2,59,0.0034675286511901262,0.07082833133253301,0.18153846153846154,3.708135561917074
SHOE KIT LH (A.A.),W/C ASSY. RH(19.05 mm),41,0.0024096385542168677,0.055782312925170066,0.15953307392996108,3.6931363985282832
BONDED BRAKE SHOE KIT (KBX type),W/C  ASSY(15.87)(K14/100),79,0.004642962092271525,0.18077803203661327,0.09483793517406963,3.692602899283284
SHOE KIT(15),SHOE KIT(INCRIMENTAL ADJ.)15,77,0.004525418748163385,0.17990654205607476,0.09288299155609167,3.6925329470254664
KBX  PAD KIT,Shoe Kit,782,0.04595944754628269,0.33955709943551887,0.49777211966900065,3.6776346574763554
Shoe Kit,W/C ASSY. RH(K23/40),195,0.011460476050543638,0.12412476129853596,0.3391304347826087,3.673013588686242
SHOE KIT  (1 LEADING- 1 TRAILING),"SHOE KIT WITH HBL, OMNI UPG.",69,0.004055245371730826,0.09299191374663072,0.16009280742459397,3.6711308872364774
PAD FRICTION KING,W/C ASSY. RR. RH.(17.46 mm),42,0.002468410226270937,0.08383233532934131,0.10796915167095116,3.6668565183258157
"PAD KIT,  Frt",W/C ASSY. RH(19.05 mm),23,0.0013517484572436085,0.05502392344497608,0.08949416342412451,3.642926293448513
Service kit; Shoes New Swift,W/C ASSY LH SANTRO,68,0.003996473699676756,0.12318840579710146,0.11805555555555555,3.638976952495974
Shoe Kit,W/C ASSY LH SANTRO,193,0.011342932706435499,0.12285168682367918,0.3350694444444444,3.6290302974043422
W/C ASSY. LH.omni (k26/40),W/C Model K cr3 (19.05)(K31/100),47,0.002762268586541287,0.08986615678776291,0.11137440758293839,3.6233949235634735
BONDED BRAKE SHOE KIT (KBX type),SHOE HOLD DOWN SPRING(A.A),22,0.0012929767851895385,0.05034324942791762,0.09282700421940929,3.614305438886153
SHOE KIT LH (A.A.),"W/C ASSLY RR, Ø 15.87MM",86,0.005054363796650014,0.11700680272108843,0.1560798548094374,3.6131955504524855
PAD FRICTION KING,PAD KIT,280,0.016456068175139584,0.5588822355289421,0.10630220197418375,3.6102434462888957
"PAD KIT,  Frt",W/C ASSY LH SANTRO,51,0.0029973552747575667,0.12200956937799043,0.08854166666666667,3.604154206539074
W/C  ASSY(15.87)(K14/100),W/C ASSY. RH(K23/40),101,0.005935938877461064,0.1212484993997599,0.17565217391304347,3.587901247455504
W/C  ASSY(15.87)(K14/100),W/C ASSY. LH.omni (k26/40),91,0.005348222156920364,0.1092436974789916,0.1739961759082218,3.5540755499140384
BRAKE FLUID 1/2 Lt DOT3 (Non Petroleum),BRAKE FLUID 100ml DOT3 (Non Petroleum),80,0.0047017337643255955,0.25477707006369427,0.06557377049180328,3.553304792732589
SHOE KIT LH (A.A.),SHOE KIT RH RR APE CITY (I 11/20),33,0.001939465177784308,0.044897959183673466,0.15348837209302327,3.553203607024205
W/C ASSY. RR. RH.(17.46 mm),W/C Model K cr3 (19.05)(K31/100),34,0.001998236849838378,0.08740359897172237,0.08056872037914692,3.5241048258385215
KBX  PAD KIT,W/C ASSY. RR.(17.46 mm) YE2,155,0.00910960916838084,0.06730351715154147,0.47692307692307695,3.5235979825645476
W/C ASSY. RR. LH. CULTUS (17.46 mm),W/C ASSY. RR.(17.46 mm) YE2,22,0.0012929767851895385,0.0672782874617737,0.06769230769230769,3.522277111267936
SHOE KIT(15),W/C ASSY LH SANTRO,51,0.0029973552747575667,0.1191588785046729,0.08854166666666667,3.519944996105919
W/C ASSY. LH(19.05 mm),W/C ASSY. LH.omni (k26/40),27,0.0015868351454598883,0.10756972111553785,0.05162523900573614,3.499615305508368
W /C ASSY RH SANTRO,W/C ASSY. LH(19.05 mm),28,0.0016456068175139582,0.05128205128205128,0.11155378486055777,3.4763510062314844
"PAD KIT,  Frt",W/C  ASSY(15.87)(K14/100),71,0.0041727887158389656,0.16985645933014354,0.08523409363745499,3.469516993400231
SHOE KIT,Shoe Kit,778,0.045724360858066415,0.3199013157894737,0.4952259707192871,3.4647491331367886
SHOE KIT FRONT (A.A.),"SHOE KIT WITH HBL, OMNI UPG.",53,0.0031148986188657066,0.08745874587458746,0.12296983758700696,3.4526927170675297
W/C ALTO (K53/100),W/C ASSY. RR. LH. CULTUS (17.46 mm),30,0.001763150161622098,0.06622516556291391,0.09174311926605505,3.445936367134496
PAD KIT,"SERVICE KIT; SHOE KIT, ALTO CD,170",282,0.016573611519247723,0.1070615034168565,0.5330812854442344,3.443575577765242
SHOE KIT RH RR APE CITY (I 11/20),WC ASSLY PVPL RR(K17/40),35,0.002057008521892448,0.16279069767441862,0.04337050805452292,3.4323218351056166
W/C ASSY. LH.omni (k26/40),W/C ASSY. RR. RH.(17.46 mm),41,0.0024096385542168677,0.07839388145315487,0.10539845758354756,3.42897658849725
PAD KIT,Service kit; Shoes New Swift,293,0.017220099911842493,0.11123766135155656,0.5307971014492754,3.4288203041607517
SHOE KIT,W/C ASSY. LH.omni (k26/40),256,0.015045548045841904,0.10526315789473684,0.4894837476099426,3.42457482137466
SHOE KIT(15),W /C ASSY RH SANTRO,47,0.002762268586541287,0.10981308411214953,0.08608058608058608,3.422105542432645
W/C ASSY. RR. LH. CULTUS (17.46 mm),W/C ASSY. XYLO (Equlnt)(K62/25),29,0.0017043784895680281,0.08868501529051988,0.06575963718820861,3.4217132316739125
KBX  PAD KIT,PAD KIT,1214,0.07134880987364091,0.5271385149804603,0.46089597570235386,3.4051867245226015
PAD FRICTION KING,SHOE KIT(INCRIMENTAL ADJ.)15,83,0.004878048780487805,0.1656686626746507,0.10012062726176116,3.4003043370436448
"SERVICE KIT; SHOE KIT, ALTO CD,170",W/C ASSY. RR. RH.(17.46 mm),41,0.0024096385542168677,0.07750472589792061,0.10539845758354756,3.390084604506733
SHOE KIT(INCRIMENTAL ADJ.)15,W /C ASSY RH SANTRO,90,0.005289450484866294,0.10856453558504221,0.16483516483516483,3.383197020108962
BRAKE FLUID 1/4 Lt  DOT4 (Non Petroleum),BRAKE FLUID 100ml DOT3 (Non Petroleum),208,0.012224507787246547,0.23963133640552994,0.17049180327868851,3.3420714663443376
SHOE KIT(15),Shoe Kit,132,0.007757860711137232,0.308411214953271,0.08402291534054743,3.3403035152322764
"PAD KIT,  Frt",SHOE KIT(INCRIMENTAL ADJ.)15,68,0.003996473699676756,0.16267942583732056,0.08202653799758745,3.3389510622702168
SHOE KIT  (1 LEADING- 1 TRAILING),W/C ASSY. LH.omni (k26/40),76,0.004466647076109316,0.10242587601078167,0.14531548757170173,3.332268222415775
SHOE KIT,SPRING SHOE RETURN UPPER(G46/400),60,0.003526300323244196,0.024671052631578948,0.47619047619047616,3.3315711152882206
BONDED BRAKE SHOE KIT (KBX type),PAD KIT,225,0.013223626212165737,0.5148741418764302,0.08542141230068337,3.325961854224548
SPRING SHOE RETURN UPPER(G46/400),W/C ASSY. RR.(17.46 mm) YE2,8,0.0004701733764325595,0.06349206349206349,0.024615384615384615,3.3240537240537242
W /C ASSY RH SANTRO,W/C Model K cr3 (19.05)(K31/100),45,0.002644725242433147,0.08241758241758242,0.1066350710900474,3.323069110983803
PAD FRICTION KING,SHOE KIT  RH(A.A.),72,0.004231560387893036,0.1437125748502994,0.0975609756097561,3.3133732534930145
SHOE KIT FRONT (A.A.),"W/C ASSLY RR, Ø 15.87MM",65,0.003820158683514546,0.10726072607260725,0.11796733212341198,3.3122345809898595
SHOE KIT(INCRIMENTAL ADJ.)15,Service kit; Shoes New Swift,89,0.0052306788128122245,0.10735826296743065,0.161231884057971,3.3092406601283195
BONDED BRAKE SHOE KIT (KBX type),W/C ASSY. RR. RH.(17.46 mm),33,0.001939465177784308,0.07551487414187644,0.08483290488431877,3.3030477725553404
SHOE KIT(12),W/C  ASSY(15.87)(K14/100),145,0.008521892447840141,0.16146993318485522,0.17406962785114047,3.2982123807206625
PAD FRICTION KING,W /C ASSY RH SANTRO,53,0.0031148986188657066,0.10578842315369262,0.09706959706959707,3.2966850182419045
Service kit; Shoes New Swift,W/C  ASSY(15.87)(K14/100),89,0.0052306788128122245,0.161231884057971,0.10684273709483794,3.2933499486751225
SHOE KIT  (1 LEADING- 1 TRAILING),Service kit; Shoes New Swift,79,0.004642962092271525,0.10646900269541779,0.1431159420289855,3.281829856635025
PAD FRICTION KING,SHOE KIT LH (A.A.),71,0.0041727887158389656,0.14171656686626746,0.09659863945578231,3.2806903200401916
SHOE RETURN SPRING(A.A),W/C ASSY. LH.omni (k26/40),21,0.0012342051131354686,0.10047846889952153,0.040152963671128104,3.2689123294939937
PAD KIT,Shoe Kit,793,0.04660593593887746,0.30106302201974183,0.5047740292807129,3.260717580945835
Shoe Kit,W /C ASSY RH SANTRO,164,0.00963855421686747,0.10439210693825589,0.30036630036630035,3.2531716109055386
SHOE KIT(15),"W/C ASSLY RR, Ø 15.87MM",45,0.002644725242433147,0.10514018691588785,0.08166969147005444,3.246751870006954
W /C ASSY RH SANTRO,W/C ASSY. RR. LH. CULTUS (17.46 mm),34,0.001998236849838378,0.06227106227106227,0.10397553516819572,3.2401899833092496
SHOE HOLD DOWN SPRING(A.A),W/C Model K cr3 (19.05)(K31/100),19,0.001116661769027329,0.08016877637130802,0.045023696682464455,3.2323974643549906
SHOE KIT,W/C ASSY. RR.(17.46 mm) YE2,150,0.00881575080811049,0.061677631578947366,0.46153846153846156,3.2290612348178134
KBX  PAD KIT,W/C ASSY. RH(K23/40),249,0.014634146341463415,0.10811984368215372,0.4330434782608696,3.1994072004379923
SPRING SHOE RETURN UPPER(G46/400),"W/C ASSLY RR, Ø 15.87MM",13,0.0007640317367029092,0.10317460317460317,0.023593466424682397,3.1860542159997696
SHOE KIT(15),W/C ASSY. RR.(17.46 mm) YE2,26,0.0015280634734058183,0.06074766355140187,0.08,3.1803738317757007
Service kit; Shoes New Swift,W/C ASSY. RR. RH.(17.46 mm),40,0.0023508668821627977,0.07246376811594203,0.10282776349614396,3.169591296896539
SHOE KIT(15),Service kit; Shoes New Swift,44,0.002585953570379077,0.102803738317757,0.07971014492753623,3.1688507381823103
SHOE KIT(INCRIMENTAL ADJ.)15,"W/C ASSLY RR, Ø 15.87MM",85,0.004995592124595945,0.10253317249698432,0.1542649727767695,3.1662466969803784
SHOE KIT FRONT (A.A.),SHOE KIT(12),101,0.005935938877461064,0.16666666666666666,0.11247216035634744,3.157943578322197
SHOE HOLD DOWN SPRING(A.A),W/C ASSY. LH.omni (k26/40),23,0.0013517484572436085,0.0970464135021097,0.04397705544933078,3.157255689748368
SHOE KIT RH RR APE CITY (I 11/20),"TMC ASSLY WITH RESERVOIR, PVPL APE501",33,0.001939465177784308,0.15348837209302327,0.039806996381182146,3.1503071787247174
"SHOE KIT WITH HBL, OMNI UPG.",W/C ASSY. LH(19.05 mm),20,0.0011754334410813989,0.04640371229698376,0.0796812749003984,3.145654042761668
SHOE KIT FRONT (A.A.),SHOE KIT RH RR APE CITY (I 11/20),24,0.0014105201292976784,0.039603960396039604,0.11162790697674418,3.1342390052958784
"PAD KIT,  Frt",SHOE KIT  (1 LEADING- 1 TRAILING),57,0.0033499853070819863,0.13636363636363635,0.07681940700808626,3.1269909335947075
"SERVICE KIT; SHOE KIT, ALTO CD,170",W/C Model K cr3 (19.05)(K31/100),41,0.0024096385542168677,0.07750472589792061,0.0971563981042654,3.1249832017846426
"SERVICE KIT; SHOE KIT, ALTO CD,170",SHOE HOLD DOWN SPRING(A.A),23,0.0013517484572436085,0.043478260869565216,0.0970464135021097,3.1214456063107683
PAD KIT,"SHOE KIT WITH HBL, OMNI UPG.",208,0.012224507787246547,0.07896735003796507,0.48259860788863107,3.117469746858412
BRAKE FLUID 1/4 LTR DOT3 (Non Petroleum),BRAKE FLUID 100 ml  DOT4 (Non Petroleum),121,0.007111372318542463,0.06626506024096386,0.3342541436464088,3.1146408839779007
SHOE KIT  RH(A.A.),SHOE KIT RH RR APE CITY (I 11/20),29,0.0017043784895680281,0.03929539295392954,0.13488372093023257,3.1098191214470283
PAD FRICTION KING,Shoes Assy W/O Spring,14,0.0008228034087569791,0.027944111776447105,0.0915032679738562,3.1076409272957357
W/C ASSY LH SANTRO,W/C ASSY. RH(19.05 mm),27,0.0015868351454598883,0.046875,0.10505836575875487,3.1034168287937742
SHOE KIT(INCRIMENTAL ADJ.)15,W/C ASSY. RR.(17.46 mm) YE2,49,0.002879811930649427,0.05910735826296743,0.15076923076923077,3.094497541059664
BONDED BRAKE SHOE KIT (KBX type),SPRING SHOE RETURN UPPER(G46/400),10,0.0005877167205406994,0.02288329519450801,0.07936507936507936,3.090152918528205
W/C ASSY. RH(K23/40),W/C Model K cr3 (19.05)(K31/100),44,0.002585953570379077,0.07652173913043478,0.10426540284360189,3.0853492684937147
SHOE KIT(INCRIMENTAL ADJ.)15,W/C  ASSY(15.87)(K14/100),125,0.0073464590067587425,0.15078407720144751,0.15006002400960383,3.079941264805078
PAD KIT,SHOE KIT(12),427,0.025095503967087863,0.16211085801063022,0.4755011135857461,3.071621658185827
SHOE KIT  (1 LEADING- 1 TRAILING),W/C ASSY LH SANTRO,77,0.004525418748163385,0.10377358490566038,0.13368055555555555,3.0654644916142555
"SERVICE KIT; SHOE KIT, ALTO CD,170",SHOE KIT LH (A.A.),70,0.004114017043784896,0.1323251417769376,0.09523809523809523,3.063282023584481
"SERVICE KIT; SHOE KIT, ALTO CD,170",SPRING SHOE RETURN UPPER(G46/400),12,0.0007052600646488392,0.022684310018903593,0.09523809523809523,3.0632820235844807
SHOE KIT FRONT (A.A.),W/C ASSY. RH(19.05 mm),28,0.0016456068175139582,0.0462046204620462,0.10894941634241245,3.059033529812125
SPRING SHOE RETURN UPPER(G46/400),W/C ASSY. RH(K23/40),13,0.0007640317367029092,0.10317460317460317,0.022608695652173914,3.053071083505866
SHOE KIT FRONT (A.A.),Service kit; Shoes New Swift,60,0.003526300323244196,0.09900990099009901,0.10869565217391304,3.0519084517147363
KBX  PAD KIT,SHOE KIT,1003,0.05894798707023215,0.4355188884064264,0.41241776315789475,3.0470205124322964
SHOE KIT LH (A.A.),WC ASSLY PVPL RR(K17/40),106,0.006229797237731413,0.14421768707482993,0.13135068153655513,3.040723600468688
W/C ASSY. RH(19.05 mm),W/C ASSY. RR. LH. CULTUS (17.46 mm),15,0.000881575080811049,0.058365758754863814,0.045871559633027525,3.0369828294006354
SHOE KIT RH RR APE CITY (I 11/20),SHOE RETURN SPRING(A.A),8,0.0004701733764325595,0.037209302325581395,0.03827751196172249,3.029264493156782
Shoes Assy W/O Spring,W/C ASSY. RH(19.05 mm),7,0.00041140170437848955,0.0457516339869281,0.027237354085603113,3.029043005010046
Shoes Assy W/O Spring,"W/C ASSLY RR, Ø 15.87MM",15,0.000881575080811049,0.09803921568627451,0.02722323049001815,3.0274723319454826
PAD KIT,W/C ASSY. RR.(17.46 mm) YE2,152,0.008933294152218631,0.05770690964312832,0.4676923076923077,3.021178669470241
SHOE KIT  (1 LEADING- 1 TRAILING),SHOE KIT(12),118,0.0069350573023802525,0.15902964959568733,0.13140311804008908,3.0132399642211807
SHOE HOLD DOWN SPRING(A.A),SHOE KIT,102,0.005994710549515133,0.43037974683544306,0.04194078947368421,3.011065539640239
Shoe Kit,W/C ASSY. RR. RH.(17.46 mm),108,0.006347340581839553,0.06874602164226608,0.2776349614395887,3.0069757281315095
SHOE HOLD DOWN SPRING(A.A),"W/C ASSLY RR, Ø 15.87MM",23,0.0013517484572436085,0.0970464135021097,0.041742286751361164,2.9968143842802113
"PAD KIT,  Frt",W/C Model K cr3 (19.05)(K31/100),31,0.001821921833676168,0.07416267942583732,0.07345971563981042,2.9902322048119006
EP - 90 Gear Fluid 1   ltr,SHOCK ABS OIl 175ml,6,0.0003526300323244196,0.022304832713754646,0.047244094488188976,2.988320697830986
SHOE KIT LH (A.A.),Service kit; Shoes New Swift,71,0.0041727887158389656,0.09659863945578231,0.1286231884057971,2.977583062210391
W/C ASSY. RR.(17.46 mm) YE2,W/C Model K cr3 (19.05)(K31/100),24,0.0014105201292976784,0.07384615384615385,0.05687203791469194,2.977469923441487
SHOE KIT,Shoes Assy W/O Spring,65,0.003820158683514546,0.026726973684210526,0.42483660130718953,2.9722840342277257
SPRING SHOE RETURN UPPER(G46/400),W /C ASSY RH SANTRO,12,0.0007052600646488392,0.09523809523809523,0.02197802197802198,2.9679051107622536
SHOE KIT LH (A.A.),W/C ASSY. LH.omni (k26/40),67,0.003937702027622686,0.09115646258503401,0.12810707456978968,2.965635202455743
PAD FRICTION KING,SPRING SHOE RETURN UPPER(G46/400),11,0.0006464883925947693,0.021956087824351298,0.0873015873015873,2.964943129613788
"SERVICE KIT; SHOE KIT, ALTO CD,170",SHOE KIT  RH(A.A.),68,0.003996473699676756,0.1285444234404537,0.0921409214092141,2.9636630959882377
SHOE KIT  RH(A.A.),W/C ASSY. RH(19.05 mm),33,0.001939465177784308,0.044715447154471545,0.12840466926070038,2.9604409857328147
SHOE KIT FRONT (A.A.),WC ASSLY PVPL RR(K17/40),85,0.004995592124595945,0.14026402640264027,0.10532837670384139,2.9573635802241935
SHOE KIT  RH(A.A.),SHOE KIT(12),115,0.006758742286218043,0.15582655826558264,0.12806236080178174,2.9525488740410792
W/C ASSY. LH(19.05 mm),W/C ASSY. RH(K23/40),25,0.0014692918013517484,0.099601593625498,0.043478260869565216,2.9473410705006056
SHOE KIT LH (A.A.),SHOE KIT(12),114,0.006699970614163973,0.15510204081632653,0.12694877505567928,2.9388209626835144
SPRING SHOE RETURN UPPER(G46/400),Service kit; Shoes New Swift,12,0.0007052600646488392,0.09523809523809523,0.021739130434782608,2.9356452726017945
PAD FRICTION KING,W/C  ASSY(15.87)(K14/100),72,0.004231560387893036,0.1437125748502994,0.08643457382953182,2.9354975523143394
"PAD KIT,  Frt",SHOE RETURN SPRING(A.A),15,0.000881575080811049,0.03588516746411483,0.07177033492822966,2.9214647100570037
SHOE KIT,W/C ASSY. RH(K23/40),240,0.014105201292976785,0.09868421052631579,0.41739130434782606,2.9201945080091525
"PAD KIT,  Frt",SHOE HOLD DOWN SPRING(A.A),17,0.000999118424919189,0.04066985645933014,0.07172995780590717,2.919821129348111
PAD FRICTION KING,SHOE KIT FRONT (A.A.),52,0.0030561269468116366,0.10379241516966067,0.0858085808580858,2.9142375315375846
SHOE KIT(15),W/C ASSY. RH(K23/40),42,0.002468410226270937,0.09813084112149532,0.07304347826086957,2.903819585534335
W/C ASSY. LH.omni (k26/40),WC ASSLY PVPL RR(K17/40),72,0.004231560387893036,0.13766730401529637,0.08921933085501858,2.902613603246924
SHOE RETURN SPRING(A.A),W/C Model K cr3 (19.05)(K31/100),15,0.000881575080811049,0.07177033492822966,0.035545023696682464,2.8937731014308716
PAD KIT,"W/C ASSLY RR, Ø 15.87MM",246,0.014457831325301205,0.09339407744874716,0.44646098003629764,2.8840294515252864
SPRING SHOE RETURN UPPER(G46/400),W/C Model K cr3 (19.05)(K31/100),9,0.0005289450484866295,0.07142857142857142,0.02132701421800948,2.8799932295192963
SHOE KIT  (1 LEADING- 1 TRAILING),SHOE KIT RH RR APE CITY (I 11/20),27,0.0015868351454598883,0.03638814016172507,0.12558139534883722,2.8797404876825676
SHOE HOLD DOWN SPRING(A.A),Shoe Kit,63,0.003702615339406406,0.26582278481012656,0.04010184595798854,2.8790418100218353
KBX  PAD KIT,W/C ASSY LH SANTRO,224,0.013164854540111666,0.0972644376899696,0.3888888888888889,2.8731847348868627
SHOE HOLD DOWN SPRING(A.A),W/C ASSY LH SANTRO,23,0.0013517484572436085,0.0970464135021097,0.03993055555555555,2.866744315518049
PAD KIT,W/C ASSY. LH.omni (k26/40),232,0.013635027916544225,0.08807896735003796,0.4435946462715105,2.8655136318563974
PAD FRICTION KING,SHOE KIT(15),36,0.002115780193946518,0.0718562874251497,0.08411214953271028,2.8566232021937434
SHOE KIT,W/C ASSY LH SANTRO,235,0.013811342932706435,0.09662828947368421,0.4079861111111111,2.8543929607547507
W/C ASSY. RH(19.05 mm),W/C ASSY. RR.(17.46 mm) YE2,14,0.0008228034087569791,0.054474708171206226,0.043076923076923075,2.851960490870997
SHOE KIT FRONT (A.A.),W/C ASSY. RR.(17.46 mm) YE2,33,0.001939465177784308,0.054455445544554455,0.10153846153846154,2.8509520182787504
SHOE KIT LH; IAM BAJAJ REGC,"TMC ASSLY WITH RESERVOIR, PVPL APE501",29,0.0017043784895680281,0.13875598086124402,0.03498190591073583,2.8479288472304787
PAD KIT,W/C ASSY. RH(K23/40),253,0.014869233029679694,0.09605163249810175,0.44,2.842293090356871
SHOE KIT(INCRIMENTAL ADJ.)15,W/C ASSY. LH.omni (k26/40),72,0.004231560387893036,0.08685162846803378,0.13766730401529637,2.8255840504466443
BRAKE FLUID 1/2 Lt DOT4 (Non Petroleum),BRAKE FLUID 1/4 LTR DOT3 (Non Petroleum),63,0.003702615339406406,0.30288461538461536,0.03450164293537788,2.8223339160839163
SHOE KIT  (1 LEADING- 1 TRAILING),W/C ASSY. RR.(17.46 mm) YE2,40,0.0023508668821627977,0.05390835579514825,0.12307692307692308,2.822309765705992
KBX  PAD KIT,W /C ASSY RH SANTRO,208,0.012224507787246547,0.09031697785497178,0.38095238095238093,2.8145483117259062
SPRING SHOE RETURN UPPER(G46/400),W/C ASSY LH SANTRO,12,0.0007052600646488392,0.09523809523809523,0.020833333333333332,2.813326719576719
W/C ALTO (K53/100),W/C ASSY. XYLO (Equlnt)(K62/25),33,0.001939465177784308,0.0728476821192053,0.07482993197278912,2.8106651048940545
"W/C ASSLY RR, Ø 15.87MM",W/C ASSY. XYLO (Equlnt)(K62/25),40,0.0023508668821627977,0.07259528130671507,0.09070294784580499,2.800926783296501
SHOE HOLD DOWN SPRING(A.A),SHOE KIT(12),35,0.002057008521892448,0.14767932489451477,0.03897550111358575,2.798177854209542
Shoe Kit,W/C Model K cr3 (19.05)(K31/100),109,0.006406112253893623,0.06938255887969447,0.25829383886255924,2.797498197483415
W/C ASSY. LH(19.05 mm),W/C ASSY. RR. RH.(17.46 mm),16,0.000940346752865119,0.06374501992031872,0.04113110539845758,2.7882301129671543
SHOE KIT LH (A.A.),W/C ASSY. RR.(17.46 mm) YE2,39,0.002292095210108728,0.053061224489795916,0.12,2.7779591836734694
SHOE KIT  RH(A.A.),W/C ASSY. LH.omni (k26/40),63,0.003702615339406406,0.08536585365853659,0.12045889101338432,2.7772466539196943
SPRING SHOE RETURN UPPER(G46/400),W/C ASSY. RR. RH.(17.46 mm),8,0.0004701733764325595,0.06349206349206349,0.02056555269922879,2.7771657077569674
Service kit; Shoes New Swift,W/C Model K cr3 (19.05)(K31/100),38,0.002233323538054658,0.06884057971014493,0.09004739336492891,2.7756456487396113
PAD FRICTION KING,W/C ASSY. RH(19.05 mm),21,0.0012342051131354686,0.041916167664670656,0.08171206225680934,2.775111256087048
SHOE KIT  RH(A.A.),W/C ASSY. RR.(17.46 mm) YE2,39,0.002292095210108728,0.052845528455284556,0.12,2.766666666666667
Shoes Assy W/O Spring,WC ASSLY PVPL RR(K17/40),20,0.0011754334410813989,0.13071895424836602,0.024783147459727387,2.7561127714200095
"PAD KIT,  Frt",SHOE KIT FRONT (A.A.),41,0.0024096385542168677,0.09808612440191387,0.06765676567656766,2.754018822934925
SHOE KIT(INCRIMENTAL ADJ.)15,W/C ASSY LH SANTRO,77,0.004525418748163385,0.09288299155609167,0.13368055555555555,2.743757120359201
SHOE RETURN SPRING(A.A),W/C ASSY. RR. LH. CULTUS (17.46 mm),11,0.0006464883925947693,0.05263157894736842,0.03363914373088685,2.7386125865121516
SHOE HOLD DOWN SPRING(A.A),SHOE KIT RH; IAM BAJAJ REGC,7,0.00041140170437848955,0.029535864978902954,0.03804347826086957,2.7312649055219227
SHOE HOLD DOWN SPRING(A.A),Service kit; Shoes New Swift,21,0.0012342051131354686,0.08860759493670886,0.03804347826086957,2.7312649055219222
SHOE KIT(12),W/C ASSY. RH(19.05 mm),37,0.002174551866000588,0.04120267260579064,0.14396887159533073,2.7278734411966066
SHOE KIT(12),Shoes Assy W/O Spring,22,0.0012929767851895385,0.024498886414253896,0.1437908496732026,2.724500342081895
"PAD KIT,  Frt",W/C ASSY. RR. RH.(17.46 mm),26,0.0015280634734058183,0.06220095693779904,0.06683804627249357,2.720692242407842
SHOE KIT(15),W/C  ASSY(15.87)(K14/100),57,0.0033499853070819863,0.13317757009345793,0.06842737094837935,2.7203077492679317
W/C ASSY. RR. LH. CULTUS (17.46 mm),W/C Model K cr3 (19.05)(K31/100),22,0.0012929767851895385,0.0672782874617737,0.052132701421800945,2.7126541733698564
SHOE KIT(12),SPRING SHOE RETURN UPPER(G46/400),18,0.001057890096973259,0.0200445434298441,0.14285714285714285,2.7068087814190265
SHOE KIT,SHOE KIT(15),165,0.00969732588892154,0.0678453947368421,0.3855140186915888,2.6971714753443186
Shoe Kit,W/C ASSY. RH(19.05 mm),64,0.003761387011460476,0.04073838319541693,0.2490272373540856,2.6971345917121368
KBX  PAD KIT,W/C ASSY. RR. RH.(17.46 mm),142,0.008345577431677931,0.061658706035605734,0.36503856041131105,2.6969739927913405
SHOE KIT  RH(A.A.),WC ASSLY PVPL RR(K17/40),94,0.005524537173082574,0.12737127371273713,0.11648079306071871,2.68552939556657
SHOE KIT(12),W/C ASSY. RR. RH.(17.46 mm),55,0.0032324419629738465,0.061247216035634745,0.14138817480719795,2.6789752720985223
SHOE KIT,SHOE RETURN SPRING(A.A),80,0.0047017337643255955,0.03289473684210526,0.3827751196172249,2.6780093175522537
SHOE KIT  (1 LEADING- 1 TRAILING),W/C ASSY. RH(K23/40),67,0.003937702027622686,0.09029649595687332,0.11652173913043479,2.671991093402086
SHOE HOLD DOWN SPRING(A.A),"SHOE KIT WITH HBL, OMNI UPG.",16,0.000940346752865119,0.06751054852320675,0.037122969837587005,2.665178615133092
SPRING SHOE RETURN UPPER(G46/400),Shoe Kit,31,0.001821921833676168,0.24603174603174602,0.019732654360280075,2.664691380477504
"PAD KIT,  Frt",Shoes Assy W/O Spring,10,0.0005877167205406994,0.023923444976076555,0.06535947712418301,2.6605059886793634
SHOE KIT,W /C ASSY RH SANTRO,207,0.012165736115192477,0.08511513157894737,0.3791208791208791,2.6524431571717755
SHOE KIT(12),W/C Model K cr3 (19.05)(K31/100),59,0.0034675286511901262,0.06570155902004454,0.13981042654028436,2.6490806320522697
SHOE KIT(INCRIMENTAL ADJ.)15,W/C ASSY. RH(K23/40),74,0.004349103732001176,0.08926417370325694,0.12869565217391304,2.64144333141029
SHOE KIT  RH(A.A.),Service kit; Shoes New Swift,63,0.003702615339406406,0.08536585365853659,0.11413043478260869,2.631340579710145
"SERVICE KIT; SHOE KIT, ALTO CD,170",W/C ASSY. RH(19.05 mm),21,0.0012342051131354686,0.03969754253308128,0.08171206225680934,2.62822445992365
W/C  ASSY(15.87)(K14/100),W/C ASSY. RR. RH.(17.46 mm),50,0.0029385836027034967,0.060024009603841535,0.12853470437017994,2.6254717825433516
SHOE RETURN SPRING(A.A),WC ASSLY PVPL RR(K17/40),26,0.0015280634734058183,0.12440191387559808,0.0322180916976456,2.622922632705454
W/C ASSY LH SANTRO,W/C ASSY. RR. LH. CULTUS (17.46 mm),29,0.0017043784895680281,0.050347222222222224,0.08868501529051988,2.6197491930003394
Service kit; Shoes New Swift,Shoes Assy W/O Spring,13,0.0007640317367029092,0.02355072463768116,0.08496732026143791,2.6190560765368947
W/C ASSY. RH(K23/40),W/C ASSY. XYLO (Equlnt)(K62/25),39,0.002292095210108728,0.06782608695652174,0.08843537414965986,2.616918071576457
W/C  ASSY(15.87)(K14/100),W/C ASSY. LH(19.05 mm),32,0.001880693505730238,0.03841536614645858,0.12749003984063745,2.6041332867808475
SHOE KIT(15),Shoes Assy W/O Spring,10,0.0005877167205406994,0.02336448598130841,0.06535947712418301,2.5983446338036775
SPRING SHOE RETURN UPPER(G46/400),W/C  ASSY(15.87)(K14/100),16,0.000940346752865119,0.12698412698412698,0.01920768307322929,2.5937994245317175
SHOE KIT  (1 LEADING- 1 TRAILING),W/C ASSY. RH(19.05 mm),29,0.0017043784895680281,0.03908355795148248,0.11284046692607004,2.587574858149706
Service kit; Shoes New Swift,W/C ASSY. XYLO (Equlnt)(K62/25),37,0.002174551866000588,0.06702898550724638,0.08390022675736962,2.5861636925301528
POWER STEERING FLUID 1 Ltr,SHOCK ABS OIl 175ml,8,0.0004701733764325595,0.01927710843373494,0.06299212598425197,2.5826771653543306
SHOE KIT RH RR APE CITY (I 11/20),SHOE KIT RH; IAM BAJAJ REGC,6,0.0003526300323244196,0.027906976744186046,0.03260869565217391,2.5806370070778564
KBX  PAD KIT,SPRING SHOE RETURN UPPER(G46/400),44,0.002585953570379077,0.01910551454624403,0.3492063492063492,2.5800026190820806
SHOE KIT RH; IAM BAJAJ REGC,W/C ASSY. LH(19.05 mm),7,0.00041140170437848955,0.03804347826086957,0.027888446215139442,2.5789234366880303
"PAD KIT,  Frt",SHOE KIT(15),27,0.0015868351454598883,0.0645933014354067,0.0630841121495327,2.5678855699145906
SHOE KIT  RH(A.A.),W/C ASSY LH SANTRO,64,0.003761387011460476,0.08672086720867209,0.1111111111111111,2.5617283950617282
W/C ASSY. RR. RH.(17.46 mm),W/C ASSY. RR.(17.46 mm) YE2,19,0.001116661769027329,0.04884318766066838,0.05846153846153846,2.557128732450069
SHOE KIT(15),W/C ASSY. RR. RH.(17.46 mm),25,0.0014692918013517484,0.05841121495327103,0.06426735218508997,2.554927564087163
BRAKE FLUID 1/2 Lt DOT4 (Non Petroleum),BRAKE FLUID 100ml DOT3 (Non Petroleum),38,0.002233323538054658,0.18269230769230768,0.03114754098360656,2.547958701134931
SHOE RETURN SPRING(A.A),W/C ASSY LH SANTRO,18,0.001057890096973259,0.0861244019138756,0.03125,2.544108851674641
KBX  PAD KIT,SHOE KIT(15),147,0.00863943579194828,0.06382978723404255,0.34345794392523366,2.5375323125869955
SHOE KIT,W/C ASSY. RH(19.05 mm),93,0.005465765501028504,0.038240131578947366,0.36186770428015563,2.5317347813843947
SHOE KIT(15),SPRING SHOE RETURN UPPER(G46/400),8,0.0004701733764325595,0.018691588785046728,0.06349206349206349,2.5241062156950007
Service kit; Shoes New Swift,W/C ASSY. RH(19.05 mm),21,0.0012342051131354686,0.03804347826086957,0.08171206225680934,2.5187151074268312
SHOE KIT RH; IAM BAJAJ REGC,W/C ASSY. RH(19.05 mm),7,0.00041140170437848955,0.03804347826086957,0.027237354085603113,2.5187151074268312
PAD KIT,SHOE KIT,948,0.055715545107258305,0.35990888382687924,0.38980263157894735,2.5180302871358347
SHOE RETURN SPRING(A.A),"W/C ASSLY RR, Ø 15.87MM",17,0.000999118424919189,0.08133971291866028,0.030852994555353903,2.511788049566252
Shoe Kit,W/C  ASSY(15.87)(K14/100),193,0.011342932706435499,0.12285168682367918,0.23169267707082833,2.5093894973648276
"SHOE KIT WITH HBL, OMNI UPG.",SPRING SHOE RETURN UPPER(G46/400),8,0.0004701733764325595,0.018561484918793503,0.06349206349206349,2.5065370308989796
"SHOE KIT WITH HBL, OMNI UPG.",W/C ASSY. XYLO (Equlnt)(K62/25),28,0.0016456068175139582,0.06496519721577726,0.06349206349206349,2.5065370308989796
PAD FRICTION KING,W/C Model K cr3 (19.05)(K31/100),31,0.001821921833676168,0.06187624750499002,0.07345971563981042,2.494844434354041
"PAD KIT,  Frt",SHOE KIT LH (A.A.),45,0.002644725242433147,0.1076555023923445,0.061224489795918366,2.492188262864954
SHOE HOLD DOWN SPRING(A.A),WC ASSLY PVPL RR(K17/40),28,0.0016456068175139582,0.11814345991561181,0.03469640644361834,2.4909677453087173
KBX  PAD KIT,W/C Model K cr3 (19.05)(K31/100),142,0.008345577431677931,0.061658706035605734,0.33649289099526064,2.4860731829285108
W/C ASSY LH SANTRO,W/C ASSY. LH(19.05 mm),21,0.0012342051131354686,0.036458333333333336,0.08366533864541832,2.4714682934926953
W/C ASSY. LH(19.05 mm),W/C ASSY. XYLO (Equlnt)(K62/25),16,0.000940346752865119,0.06374501992031872,0.036281179138321996,2.459459215293023
Service kit; Shoes New Swift,W/C ASSY. LH(19.05 mm),20,0.0011754334410813989,0.036231884057971016,0.0796812749003984,2.4561175587505053
"W/C ASSLY RR, Ø 15.87MM",W/C ASSY. RR. LH. CULTUS (17.46 mm),26,0.0015280634734058183,0.047186932849364795,0.07951070336391437,2.4553078361833087
SHOE KIT  (1 LEADING- 1 TRAILING),Shoe Kit,168,0.009873640905083749,0.22641509433962265,0.10693825588796944,2.4522296818514824
KBX  PAD KIT,W/C  ASSY(15.87)(K14/100),273,0.016044666470761092,0.11854103343465046,0.3277310924369748,2.4213393564112575
W/C ASSY. RH(19.05 mm),W/C ASSY. RH(K23/40),21,0.0012342051131354686,0.08171206225680934,0.036521739130434785,2.4179665031297577
SHOE KIT FRONT (A.A.),W/C ASSY. LH.omni (k26/40),45,0.002644725242433147,0.07425742574257425,0.08604206500956023,2.4158510497321237
SHOE HOLD DOWN SPRING(A.A),W/C ASSY. RR. LH. CULTUS (17.46 mm),11,0.0006464883925947693,0.046413502109704644,0.03363914373088685,2.415063420173163
W/C  ASSY(15.87)(K14/100),W/C ASSY. XYLO (Equlnt)(K62/25),52,0.0030561269468116366,0.062424969987995196,0.11791383219954649,2.408528037065166
"PAD KIT,  Frt",W/C ASSY. XYLO (Equlnt)(K62/25),26,0.0015280634734058183,0.06220095693779904,0.05895691609977324,2.3998849938699562
SHOE HOLD DOWN SPRING(A.A),W/C ASSY. RR. RH.(17.46 mm),13,0.0007640317367029092,0.05485232067510549,0.033419023136246784,2.399260247524215
"SERVICE KIT; SHOE KIT, ALTO CD,170",WC ASSLY PVPL RR(K17/40),60,0.003526300323244196,0.11342155009451796,0.07434944237918216,2.391409758188628
W/C ALTO (K53/100),W/C ASSY. LH.omni (k26/40),33,0.001939465177784308,0.0728476821192053,0.06309751434034416,2.3699872108188877
KBX  PAD KIT,SHOE KIT  (1 LEADING- 1 TRAILING),237,0.013928886276814576,0.10290924880590534,0.3194070080862534,2.359839445326792
SHOE KIT  (1 LEADING- 1 TRAILING),W /C ASSY RH SANTRO,56,0.0032912136350279164,0.07547169811320754,0.10256410256410256,2.3519248047549937
SHOE KIT RH; IAM BAJAJ REGC,"TMC ASSLY WITH RESERVOIR, PVPL APE501",21,0.0012342051131354686,0.11413043478260869,0.025331724969843185,2.3424961976189227
SHOE KIT(12),W/C ASSY. LH(19.05 mm),31,0.001821921833676168,0.034521158129175944,0.12350597609561753,2.340149424573421
W /C ASSY RH SANTRO,W/C ASSY. XYLO (Equlnt)(K62/25),33,0.001939465177784308,0.06043956043956044,0.07482993197278912,2.331925444170342
SHOE HOLD DOWN SPRING(A.A),W/C  ASSY(15.87)(K14/100),27,0.0015868351454598883,0.11392405063291139,0.03241296518607443,2.327032078654246
SHOE KIT(INCRIMENTAL ADJ.)15,W/C ASSY. RH(19.05 mm),29,0.0017043784895680281,0.03498190591073583,0.11284046692607004,2.31601995747537
PAD FRICTION KING,W/C ASSY. XYLO (Equlnt)(K62/25),30,0.001763150161622098,0.059880239520958084,0.06802721088435375,2.310345295802952
W/C  ASSY(15.87)(K14/100),W/C ASSY. RH(19.05 mm),29,0.0017043784895680281,0.03481392557022809,0.11284046692607004,2.304898613141755
SHOE KIT,W/C  ASSY(15.87)(K14/100),274,0.016103438142815164,0.11266447368421052,0.3289315726290516,2.3013037451822833
KBX  PAD KIT,W/C ASSY. RH(19.05 mm),80,0.0047017337643255955,0.03473729917498915,0.311284046692607,2.299825468725449
PAD KIT,W/C ASSY LH SANTRO,205,0.012048192771084338,0.07782839787395596,0.3559027777777778,2.2990454684468067
W/C Model K cr3 (19.05)(K31/100),WC ASSLY PVPL RR(K17/40),46,0.002703496914487217,0.10900473933649289,0.057001239157372985,2.2982845598642214
KBX  PAD KIT,SHOE KIT LH (A.A.),228,0.013399941228327945,0.09900130264871906,0.31020408163265306,2.2918464824053806
PAD KIT,SHOE KIT(15),151,0.00887452248016456,0.057327258921791954,0.352803738317757,2.2790264265287146
W/C ASSY LH SANTRO,W/C ASSY. XYLO (Equlnt)(K62/25),34,0.001998236849838378,0.059027777777777776,0.07709750566893424,2.277454963466868
KBX  PAD KIT,SHOE HOLD DOWN SPRING(A.A),73,0.0042903320599471054,0.0316977854971776,0.3080168776371308,2.2756870052087628
"PAD KIT,  Frt",SPRING SHOE RETURN UPPER(G46/400),7,0.00041140170437848955,0.01674641148325359,0.05555555555555555,2.2614300903774587
"SERVICE KIT; SHOE KIT, ALTO CD,170",W/C ASSY. XYLO (Equlnt)(K62/25),31,0.001821921833676168,0.05860113421550094,0.07029478458049887,2.26099387455045
SHOE KIT(INCRIMENTAL ADJ.)15,Shoe Kit,173,0.0101674992653541,0.20868516284680338,0.11012094207511139,2.260202448019325
SHOE KIT LH (A.A.),W/C ASSY. RH(K23/40),56,0.0032912136350279164,0.0761904761904762,0.09739130434782609,2.254575569358178
W/C  ASSY(15.87)(K14/100),W/C ASSY. RR. LH. CULTUS (17.46 mm),36,0.002115780193946518,0.04321728691476591,0.11009174311926606,2.248752712094012
SHOE RETURN SPRING(A.A),W/C  ASSY(15.87)(K14/100),23,0.0013517484572436085,0.11004784688995216,0.027611044417767107,2.2478560802311356
SHOE HOLD DOWN SPRING(A.A),W/C ASSY. RH(K23/40),18,0.001057890096973259,0.0759493670886076,0.03130434782608696,2.2474408365437535
"SHOE KIT WITH HBL, OMNI UPG.",W/C Model K cr3 (19.05)(K31/100),24,0.0014105201292976784,0.05568445475638051,0.05687203791469194,2.2451919376298917
"PAD KIT,  Frt",W/C ASSY. RR. LH. CULTUS (17.46 mm),18,0.001057890096973259,0.0430622009569378,0.05504587155963303,2.2406830253281242
BONDED BRAKE SHOE KIT (KBX type),SHOE RETURN SPRING(A.A),12,0.0007052600646488392,0.02745995423340961,0.05741626794258373,2.2355556042175335
SHOE KIT  (1 LEADING- 1 TRAILING),W/C Model K cr3 (19.05)(K31/100),41,0.0024096385542168677,0.05525606469002695,0.0971563981042654,2.2279192907602106
PAD KIT,W/C ASSY. RR. RH.(17.46 mm),134,0.007875404055245372,0.05087319665907365,0.3444730077120823,2.2252119309875016
W/C ALTO (K53/100),W/C Model K cr3 (19.05)(K31/100),25,0.0014692918013517484,0.05518763796909492,0.05924170616113744,2.225160331858176
PAD KIT,W /C ASSY RH SANTRO,188,0.011049074346165148,0.07137433561123765,0.3443223443223443,2.224238682097452
SHOE KIT,W/C Model K cr3 (19.05)(K31/100),134,0.007875404055245372,0.055098684210526314,0.3175355450236967,2.2215737247443252
SHOE KIT  (1 LEADING- 1 TRAILING),WC ASSLY PVPL RR(K17/40),78,0.004584190420217456,0.10512129380053908,0.09665427509293681,2.2164049739977356
Shoes Assy W/O Spring,W/C ASSY. LH(19.05 mm),5,0.0002938583602703497,0.032679738562091505,0.0199203187250996,2.2153217196573185
SHOE KIT  (1 LEADING- 1 TRAILING),SHOE KIT(INCRIMENTAL ADJ.)15,80,0.0047017337643255955,0.1078167115902965,0.09650180940892641,2.2129087427127807
SHOE KIT,W/C ASSY. RR. RH.(17.46 mm),123,0.007228915662650603,0.05057565789473684,0.3161953727506427,2.2121974783520493
SHOE KIT  (1 LEADING- 1 TRAILING),SHOE KIT(15),41,0.0024096385542168677,0.05525606469002695,0.09579439252336448,2.1966867773383383
SHOE KIT FRONT (A.A.),W/C ASSY LH SANTRO,45,0.002644725242433147,0.07425742574257425,0.078125,2.193559199669967
KBX  PAD KIT,SHOE KIT  RH(A.A.),219,0.012870996179841316,0.09509335649153278,0.2967479674796748,2.192430163554784
"W/C ASSLY RR, Ø 15.87MM",WC ASSLY PVPL RR(K17/40),57,0.0033499853070819863,0.10344827586206896,0.07063197026022305,2.181130624278939
SHOE KIT RH RR APE CITY (I 11/20),W/C ASSY. RR. LH. CULTUS (17.46 mm),9,0.0005289450484866295,0.04186046511627907,0.027522935779816515,2.1781523362492
W/C ASSY. RH(K23/40),W/C ASSY. RR. LH. CULTUS (17.46 mm),24,0.0014105201292976784,0.04173913043478261,0.07339449541284404,2.1718388512165934
SHOE KIT,SHOE KIT(INCRIMENTAL ADJ.)15,255,0.014986776373787834,0.10485197368421052,0.30759951749095293,2.1520583018538506
"SHOE KIT WITH HBL, OMNI UPG.",W/C ASSY. RH(19.05 mm),14,0.0008228034087569791,0.03248259860788863,0.054474708171206226,2.1505502541370625
PAD FRICTION KING,SHOE HOLD DOWN SPRING(A.A),15,0.000881575080811049,0.029940119760479042,0.06329113924050633,2.149498471411607
W/C ASSY. LH.omni (k26/40),W/C ASSY. XYLO (Equlnt)(K62/25),29,0.0017043784895680281,0.055449330783938815,0.06575963718820861,2.139388578885984
SHOE RETURN SPRING(A.A),Shoe Kit,41,0.0024096385542168677,0.19617224880382775,0.026098026734563972,2.1246790664526602
W /C ASSY RH SANTRO,WC ASSLY PVPL RR(K17/40),55,0.0032324419629738465,0.10073260073260074,0.06815365551425032,2.1238726164376724
BONDED BRAKE SHOE KIT (KBX type),WC ASSLY PVPL RR(K17/40),44,0.002585953570379077,0.10068649885583524,0.05452292441140025,2.1229005923569226
KBX  PAD KIT,SHOE KIT(INCRIMENTAL ADJ.)15,238,0.013987657948868646,0.1033434650455927,0.2870928829915561,2.1210965714725694
BONDED BRAKE SHOE KIT (KBX type),W/C ASSY. RH(19.05 mm),14,0.0008228034087569791,0.032036613272311214,0.054474708171206226,2.121023248359437
BONDED BRAKE SHOE KIT (KBX type),W/C ASSY. XYLO (Equlnt)(K62/25),24,0.0014105201292976784,0.05491990846681922,0.05442176870748299,2.118962001276483
SHOE KIT  RH(A.A.),SHOE KIT(15),39,0.002292095210108728,0.052845528455284556,0.0911214953271028,2.100856697819315
"PAD KIT,  Frt",SHOE KIT  RH(A.A.),38,0.002233323538054658,0.09090909090909091,0.051490514905149054,2.095959595959596
W/C ASSY. LH.omni (k26/40),W/C ASSY. RR. LH. CULTUS (17.46 mm),21,0.0012342051131354686,0.040152963671128104,0.06422018348623854,2.089304822214815
SHOE KIT(12),SHOE RETURN SPRING(A.A),23,0.0013517484572436085,0.025612472160356347,0.11004784688995216,2.0851493483658525
W/C  ASSY(15.87)(K14/100),W/C Model K cr3 (19.05)(K31/100),43,0.002527181898325007,0.05162064825930372,0.1018957345971564,2.0813396448626844
Service kit; Shoes New Swift,W/C ASSY. RR. LH. CULTUS (17.46 mm),22,0.0012929767851895385,0.03985507246376811,0.0672782874617737,2.0738044586269555
KBX  PAD KIT,SHOE KIT FRONT (A.A.),170,0.00999118424919189,0.07381676074685194,0.28052805280528054,2.0725943632140025
SHOE KIT RH; IAM BAJAJ REGC,WC ASSLY PVPL RR(K17/40),18,0.001057890096973259,0.09782608695652174,0.022304832713754646,2.0625909164376925
SHOE KIT(15),W/C ASSY. LH(19.05 mm),13,0.0007640317367029092,0.030373831775700934,0.05179282868525897,2.0590069628029934
"SHOE KIT WITH HBL, OMNI UPG.",W/C ASSY. RR. LH. CULTUS (17.46 mm),17,0.000999118424919189,0.03944315545243619,0.05198776758409786,2.0523709175021465
SHOE KIT FRONT (A.A.),W/C ASSY. RH(K23/40),42,0.002468410226270937,0.06930693069306931,0.07304347826086957,2.050882479552303
"W/C ASSLY RR, Ø 15.87MM",W/C ASSY. RH(19.05 mm),17,0.000999118424919189,0.030852994555353903,0.06614785992217899,2.042660320464384
PAD KIT,W/C Model K cr3 (19.05)(K31/100),133,0.007816632383191302,0.050493545937737284,0.31516587677725116,2.035894986091469
SHOE KIT FRONT (A.A.),Shoe Kit,113,0.006641198942109903,0.18646864686468648,0.07192870782940802,2.0195824483785105
SHOE HOLD DOWN SPRING(A.A),SHOE KIT(15),12,0.0007052600646488392,0.05063291139240506,0.028037383177570093,2.012894830237785
SHOE KIT LH (A.A.),W/C ASSY LH SANTRO,50,0.0029385836027034967,0.06802721088435375,0.08680555555555555,2.009519085411942
SPRING SHOE RETURN UPPER(G46/400),WC ASSLY PVPL RR(K17/40),12,0.0007052600646488392,0.09523809523809523,0.01486988847583643,2.0080250191774356
SHOE KIT  RH(A.A.),W/C ASSY. RH(K23/40),50,0.0029385836027034967,0.06775067750677506,0.08695652173913043,2.004830917874396
SHOE HOLD DOWN SPRING(A.A),W/C ASSY. LH(19.05 mm),7,0.00041140170437848955,0.029535864978902954,0.027888446215139442,2.0022021618168675
SHOE KIT LH; IAM BAJAJ REGC,W/C ASSY. RR. LH. CULTUS (17.46 mm),8,0.0004701733764325595,0.03827751196172249,0.024464831804281346,1.9917182447361104
SHOE KIT  (1 LEADING- 1 TRAILING),W/C  ASSY(15.87)(K14/100),72,0.004231560387893036,0.09703504043126684,0.08643457382953182,1.9820542772365015
SHOE KIT(15),W/C Model K cr3 (19.05)(K31/100),21,0.0012342051131354686,0.04906542056074766,0.04976303317535545,1.9783131062585817
PAD KIT,W/C  ASSY(15.87)(K14/100),255,0.014986776373787834,0.09681093394077449,0.30612244897959184,1.9774766398586767
PAD FRICTION KING,W/C ASSY. RR. LH. CULTUS (17.46 mm),19,0.001116661769027329,0.03792415169660679,0.0581039755351682,1.9733316242133474
SHOE KIT FRONT (A.A.),SHOE KIT(15),30,0.001763150161622098,0.04950495049504951,0.07009345794392523,1.9680531137225872
W/C ALTO (K53/100),W/C ASSY. RR.(17.46 mm) YE2,17,0.000999118424919189,0.037527593818984545,0.052307692307692305,1.9647138733231448
SHOE KIT LH (A.A.),W /C ASSY RH SANTRO,46,0.002703496914487217,0.06258503401360545,0.08424908424908426,1.950337644215195
SHOE KIT LH; IAM BAJAJ REGC,SHOE RETURN SPRING(A.A),5,0.0002938583602703497,0.023923444976076555,0.023923444976076555,1.9476431400380025
SHOE KIT LH; IAM BAJAJ REGC,W/C ASSY. LH(19.05 mm),6,0.0003526300323244196,0.028708133971291867,0.02390438247011952,1.9460912331535103
KBX  PAD KIT,SHOE RETURN SPRING(A.A),55,0.0032324419629738465,0.023881893182805036,0.2631578947368421,1.944260346915922
Shoe Kit,W/C ASSY. XYLO (Equlnt)(K62/25),79,0.004642962092271525,0.05028644175684278,0.17913832199546487,1.940190037398367
W /C ASSY RH SANTRO,W/C ASSY. RH(19.05 mm),16,0.000940346752865119,0.029304029304029304,0.0622568093385214,1.9401091774632633
SHOE KIT LH (A.A.),W/C ASSY. LH(19.05 mm),21,0.0012342051131354686,0.02857142857142857,0.08366533864541832,1.9368241320432553
PAD KIT,W/C ASSY. RH(19.05 mm),77,0.004525418748163385,0.029233105542900532,0.29961089494163423,1.935413582927831
Shoes Assy W/O Spring,W/C ASSY. RH(K23/40),10,0.0005877167205406994,0.06535947712418301,0.017391304347826087,1.9340721795964764
KBX  PAD KIT,Shoes Assy W/O Spring,40,0.0023508668821627977,0.017368649587494574,0.26143790849673204,1.9315527629491516
SHOE KIT LH (A.A.),Shoe Kit,131,0.007699089039083162,0.1782312925170068,0.08338637810311904,1.9303662903735648
Shoe Kit,W/C ASSY. RR. LH. CULTUS (17.46 mm),58,0.0034087569791360563,0.036919159770846595,0.17737003058103976,1.9210382370059778
KBX  PAD KIT,W/C ASSY. RR. LH. CULTUS (17.46 mm),85,0.004995592124595945,0.03690838037342597,0.2599388379204893,1.9204773457304063
SHOE KIT LH (A.A.),W/C  ASSY(15.87)(K14/100),69,0.004055245371730826,0.09387755102040816,0.08283313325330131,1.9175588602788054
SHOE KIT LH; IAM BAJAJ REGC,WC ASSLY PVPL RR(K17/40),19,0.001116661769027329,0.09090909090909091,0.023543990086741014,1.9167511546693703
Shoes Assy W/O Spring,W/C ASSY. LH.omni (k26/40),9,0.0005289450484866295,0.058823529411764705,0.017208413001912046,1.9137329884152514
"SHOE KIT WITH HBL, OMNI UPG.",WC ASSLY PVPL RR(K17/40),39,0.002292095210108728,0.09048723897911833,0.048327137546468404,1.9078567177567516
SHOE HOLD DOWN SPRING(A.A),"TMC ASSLY WITH RESERVOIR, PVPL APE501",22,0.0012929767851895385,0.09282700421940929,0.026537997587454766,1.905249067301868
SHOE KIT LH (A.A.),SHOE KIT(INCRIMENTAL ADJ.)15,68,0.003996473699676756,0.09251700680272108,0.08202653799758745,1.8988864544611572
SHOE KIT(15),W/C ASSY. XYLO (Equlnt)(K62/25),21,0.0012342051131354686,0.04906542056074766,0.047619047619047616,1.8930796617712504
SHOE KIT RH RR APE CITY (I 11/20),W/C Model K cr3 (19.05)(K31/100),10,0.0005877167205406994,0.046511627906976744,0.023696682464454975,1.875344428524193
W/C ASSY. RH(19.05 mm),W/C ASSY. RR. RH.(17.46 mm),11,0.0006464883925947693,0.042801556420233464,0.028277634961439587,1.8721554819801345
PAD KIT,SHOE KIT(INCRIMENTAL ADJ.)15,240,0.014105201292976785,0.09111617312072894,0.28950542822677927,1.8701347233404133
Shoes Assy W/O Spring,W/C  ASSY(15.87)(K14/100),14,0.0008228034087569791,0.0915032679738562,0.01680672268907563,1.8690613500302082
W/C ASSY LH SANTRO,WC ASSLY PVPL RR(K17/40),51,0.0029973552747575667,0.08854166666666667,0.06319702602230483,1.8668357600165217
SHOE KIT RH RR APE CITY (I 11/20),Service kit; Shoes New Swift,13,0.0007640317367029092,0.06046511627906977,0.02355072463768116,1.8637933940006741
SHOE KIT  RH(A.A.),W/C  ASSY(15.87)(K14/100),67,0.003937702027622686,0.09078590785907859,0.08043217286914765,1.8544084300386823
W/C  ASSY(15.87)(K14/100),W/C ALTO (K53/100),41,0.0024096385542168677,0.04921968787515006,0.09050772626931568,1.8487262454650737
SHOE HOLD DOWN SPRING(A.A),W /C ASSY RH SANTRO,14,0.0008228034087569791,0.05907172995780591,0.02564102564102564,1.8408525370550686
Shoe Kit,Shoes Assy W/O Spring,26,0.0015280634734058183,0.016549968173138127,0.16993464052287582,1.8405078984702303
SHOE KIT,W/C ASSY. LH(19.05 mm),66,0.003878930355568616,0.027138157894736843,0.26294820717131473,1.8396643688404275
SHOE KIT  RH(A.A.),W/C ASSY. LH(19.05 mm),20,0.0011754334410813989,0.02710027100271003,0.0796812749003984,1.8370960602036301
W/C ASSY. RH(K23/40),WC ASSLY PVPL RR(K17/40),50,0.0029385836027034967,0.08695652173913043,0.061957868649318466,1.8334141479446149
"TMC ASSLY WITH RESERVOIR, PVPL APE501",WC ASSLY PVPL RR(K17/40),72,0.004231560387893036,0.08685162846803378,0.08921933085501858,1.831202550661208
SHOE KIT,WC ASSLY PVPL RR(K17/40),210,0.012342051131354687,0.08634868421052631,0.26022304832713755,1.8205983418117784
Shoe Kit,W/C ASSY. LH(19.05 mm),42,0.002468410226270937,0.02673456397199236,0.16733067729083664,1.8123052031213147
SHOE KIT  RH(A.A.),Shoe Kit,123,0.007228915662650603,0.16666666666666666,0.07829408020369191,1.8051135158073415
SHOE KIT(INCRIMENTAL ADJ.)15,SPRING SHOE RETURN UPPER(G46/400),11,0.0006464883925947693,0.013268998793727383,0.0873015873015873,1.7918413847243762
SHOE RETURN SPRING(A.A),W /C ASSY RH SANTRO,12,0.0007052600646488392,0.05741626794258373,0.02197802197802198,1.7892633682107364
SHOE KIT LH (A.A.),SHOE KIT(15),33,0.001939465177784308,0.044897959183673466,0.07710280373831775,1.7849036810986074
SHOE KIT  RH(A.A.),W /C ASSY RH SANTRO,42,0.002468410226270937,0.056910569105691054,0.07692307692307693,1.7735042735042734
"SERVICE KIT; SHOE KIT, ALTO CD,170",W/C ASSY. RR. LH. CULTUS (17.46 mm),18,0.001057890096973259,0.034026465028355386,0.05504587155963303,1.770520802622223
W/C ASSY. LH(19.05 mm),WC ASSLY PVPL RR(K17/40),21,0.0012342051131354686,0.08366533864541832,0.026022304832713755,1.7640219789985039
SHOE KIT(INCRIMENTAL ADJ.)15,Shoes Assy W/O Spring,13,0.0007640317367029092,0.015681544028950542,0.08496732026143791,1.7439311872718526
PAD KIT,SPRING SHOE RETURN UPPER(G46/400),34,0.001998236849838378,0.012908124525436599,0.2698412698412698,1.7431090380976486
SHOE KIT(INCRIMENTAL ADJ.)15,W/C ASSY. RR. RH.(17.46 mm),33,0.001939465177784308,0.039806996381182146,0.08483290488431877,1.7411723481383397
W/C ALTO (K53/100),W/C ASSY. RR. RH.(17.46 mm),18,0.001057890096973259,0.039735099337748346,0.04627249357326478,1.738027545583003
Shoes Assy W/O Spring,W/C ASSY LH SANTRO,9,0.0005289450484866295,0.058823529411764705,0.015625,1.7376429738562091
W/C ASSY. XYLO (Equlnt)(K62/25),W/C Model K cr3 (19.05)(K31/100),19,0.001116661769027329,0.04308390022675737,0.045023696682464455,1.7371387733608454
SHOE HOLD DOWN SPRING(A.A),SHOE KIT(INCRIMENTAL ADJ.)15,20,0.0011754334410813989,0.08438818565400844,0.024125452352231604,1.7320446066380621
SHOE KIT  RH(A.A.),SHOE KIT(INCRIMENTAL ADJ.)15,62,0.003643843667352336,0.08401084010840108,0.07478890229191798,1.7242996917303308
SHOE HOLD DOWN SPRING(A.A),SHOE KIT LH; IAM BAJAJ REGC,5,0.0002938583602703497,0.02109704641350211,0.023923444976076555,1.7175418407930065
SHOE KIT  (1 LEADING- 1 TRAILING),W/C ASSY. RR. RH.(17.46 mm),29,0.0017043784895680281,0.03908355795148248,0.07455012853470437,1.7095288908598314
SHOE KIT FRONT (A.A.),W /C ASSY RH SANTRO,33,0.001939465177784308,0.054455445544554455,0.06043956043956044,1.6969952489754472
SHOE KIT  RH(A.A.),W/C Model K cr3 (19.05)(K31/100),31,0.001821921833676168,0.04200542005420054,0.07345971563981042,1.6936545550289626
SHOE KIT,W/C ASSY. RR. LH. CULTUS (17.46 mm),79,0.004642962092271525,0.03248355263157895,0.2415902140672783,1.6902374557379687
W/C ASSY. RR.(17.46 mm) YE2,WC ASSLY PVPL RR(K17/40),26,0.0015280634734058183,0.08,0.0322180916976456,1.6867410161090457
SHOE KIT(12),W/C ASSY. RR. LH. CULTUS (17.46 mm),29,0.0017043784895680281,0.03229398663697105,0.08868501529051988,1.6803736471806188
KBX  PAD KIT,W/C ASSY. LH(19.05 mm),57,0.0033499853070819863,0.024750325662179766,0.22709163346613545,1.6777959806453735
"SERVICE KIT; SHOE KIT, ALTO CD,170",W/C ASSY. LH(19.05 mm),13,0.0007640317367029092,0.024574669187145556,0.05179282868525897,1.6658884311525166
"PAD KIT,  Frt",WC ASSLY PVPL RR(K17/40),33,0.001939465177784308,0.07894736842105263,0.040892193308550186,1.6645470553707686
SHOE KIT RH; IAM BAJAJ REGC,W/C ASSY. RR. RH.(17.46 mm),7,0.00041140170437848955,0.03804347826086957,0.017994858611825194,1.6640354308706826
SHOE KIT FRONT (A.A.),W/C Model K cr3 (19.05)(K31/100),25,0.0014692918013517484,0.041254125412541254,0.05924170616113744,1.6633624262900222
SHOE KIT FRONT (A.A.),SHOE KIT(INCRIMENTAL ADJ.)15,49,0.002879811930649427,0.08085808580858085,0.05910735826296743,1.6595902654197867
PAD KIT,W/C ASSY. XYLO (Equlnt)(K62/25),113,0.006641198942109903,0.04290053151100987,0.2562358276643991,1.6552211874372627
SHOE KIT FRONT (A.A.),W/C  ASSY(15.87)(K14/100),49,0.002879811930649427,0.08085808580858085,0.058823529411764705,1.6516210444573869
KBX  PAD KIT,W/C ASSY. XYLO (Equlnt)(K62/25),98,0.005759623861298854,0.0425531914893617,0.2222222222222222,1.6418198485067785
W/C ALTO (K53/100),"W/C ASSLY RR, Ø 15.87MM",24,0.0014105201292976784,0.052980132450331126,0.043557168784029036,1.6360380283890819
SHOE KIT(INCRIMENTAL ADJ.)15,W/C ASSY. LH(19.05 mm),20,0.0011754334410813989,0.024125452352231604,0.0796812749003984,1.6354365409291665
BONDED BRAKE SHOE KIT (KBX type),SHOE KIT RH RR APE CITY (I 11/20),9,0.0005289450484866295,0.020594965675057208,0.04186046511627907,1.6298760044702254
SHOE KIT(12),WC ASSLY PVPL RR(K17/40),69,0.004055245371730826,0.07683741648106904,0.08550185873605948,1.620060274380904
PAD KIT,SHOE KIT  (1 LEADING- 1 TRAILING),186,0.010931531002057009,0.07061503416856492,0.25067385444743934,1.619292191884275
W/C ASSY. LH(19.05 mm),W/C Model K cr3 (19.05)(K31/100),10,0.0005877167205406994,0.0398406374501992,0.023696682464454975,1.6063707256282926
Service kit; Shoes New Swift,WC ASSLY PVPL RR(K17/40),42,0.002468410226270937,0.07608695652173914,0.05204460966542751,1.604237379451538
SHOE KIT LH (A.A.),W/C Model K cr3 (19.05)(K31/100),29,0.0017043784895680281,0.03945578231292517,0.06872037914691943,1.5908534029725634
SHOE KIT LH; IAM BAJAJ REGC,W/C ASSY. RH(19.05 mm),5,0.0002938583602703497,0.023923444976076555,0.019455252918287938,1.5838809971515275
SHOE KIT RH RR APE CITY (I 11/20),W/C ALTO (K53/100),9,0.0005289450484866295,0.04186046511627907,0.019867549668874173,1.572308640073926
W/C ASSY. RR. RH.(17.46 mm),WC ASSLY PVPL RR(K17/40),29,0.0017043784895680281,0.07455012853470437,0.03593556381660471,1.5718344944460902
SHOE RETURN SPRING(A.A),"TMC ASSLY WITH RESERVOIR, PVPL APE501",16,0.000940346752865119,0.07655502392344497,0.019300361881785282,1.5712710881271605
SHOE RETURN SPRING(A.A),W/C ASSY. RH(K23/40),11,0.0006464883925947693,0.05263157894736842,0.019130434782608695,1.5574370709382148
PAD KIT,SHOE HOLD DOWN SPRING(A.A),57,0.0033499853070819863,0.02164009111617312,0.24050632911392406,1.5536124486990952
SHOE KIT LH (A.A.),SHOE KIT LH; IAM BAJAJ REGC,14,0.0008228034087569791,0.01904761904761905,0.06698564593301436,1.5506949191159713
SHOE KIT(15),W/C ASSY. RH(19.05 mm),10,0.0005877167205406994,0.02336448598130841,0.038910505836575876,1.5468744317975203
SHOE KIT LH; IAM BAJAJ REGC,TMC Assy Compact,8,0.0004701733764325595,0.03827751196172249,0.018912529550827423,1.5396970828101844
"SERVICE KIT; SHOE KIT, ALTO CD,170",SHOE RETURN SPRING(A.A),10,0.0005877167205406994,0.01890359168241966,0.04784688995215311,1.5389694376859835
SHOE KIT RH; IAM BAJAJ REGC,TMC Assy Compact,7,0.00041140170437848955,0.03804347826086957,0.016548463356973995,1.5302831740158291
SHOE KIT,W/C ASSY. XYLO (Equlnt)(K62/25),96,0.005642080517190714,0.039473684210526314,0.21768707482993196,1.5230039384174718
PAD KIT,W/C ASSY. RR. LH. CULTUS (17.46 mm),77,0.004525418748163385,0.029233105542900532,0.23547400611620795,1.5211048648698855
"SERVICE KIT; SHOE KIT, ALTO CD,170",SHOE KIT RH RR APE CITY (I 11/20),10,0.0005877167205406994,0.01890359168241966,0.046511627906976744,1.4960214533784677
PAD FRICTION KING,W/C ASSY. LH(19.05 mm),11,0.0006464883925947693,0.021956087824351298,0.043824701195219126,1.4883778260212641
SHOE KIT RH RR APE CITY (I 11/20),SHOE KIT(15),8,0.0004701733764325595,0.037209302325581395,0.018691588785046728,1.4792436426863724
W/C ASSY. RH(19.05 mm),WC ASSLY PVPL RR(K17/40),18,0.001057890096973259,0.07003891050583658,0.022304832713754646,1.4767187884223165
SHOE KIT(INCRIMENTAL ADJ.)15,SHOE RETURN SPRING(A.A),15,0.000881575080811049,0.018094089264173704,0.07177033492822966,1.4730666451192131
Shoes Assy W/O Spring,W/C ALTO (K53/100),6,0.0003526300323244196,0.0392156862745098,0.013245033112582781,1.4729688785006276
SHOE KIT RH RR APE CITY (I 11/20),"SHOE KIT WITH HBL, OMNI UPG.",8,0.0004701733764325595,0.037209302325581395,0.018561484918793503,1.4689472832245183
PAD KIT,W/C ASSY. LH(19.05 mm),57,0.0033499853070819863,0.02164009111617312,0.22709163346613545,1.4669567742696636
SHOE RETURN SPRING(A.A),W/C ASSY. RR. RH.(17.46 mm),7,0.00041140170437848955,0.03349282296650718,0.017994858611825194,1.4649881305272994
SHOE KIT  (1 LEADING- 1 TRAILING),W/C ASSY. LH(19.05 mm),16,0.000940346752865119,0.0215633423180593,0.06374501992031872,1.4617540619194382
W/C ASSY. LH(19.05 mm),W/C ASSY. RR.(17.46 mm) YE2,7,0.00041140170437848955,0.027888446215139442,0.021538461538461538,1.4600674226172232
PAD KIT,SHOE KIT LH (A.A.),166,0.00975609756097561,0.0630220197418375,0.22585034013605443,1.4589383209624014
SHOE KIT FRONT (A.A.),W/C ASSY. LH(19.05 mm),13,0.0007640317367029092,0.02145214521452145,0.05179282868525897,1.4542161387453485
PAD KIT,SHOE RETURN SPRING(A.A),47,0.002762268586541287,0.017843583902809414,0.22488038277511962,1.45267263208757
W/C ASSY. LH(19.05 mm),W/C ASSY. RR. LH. CULTUS (17.46 mm),7,0.00041140170437848955,0.027888446215139442,0.021406727828746176,1.4511373466379132
TMC Assy Compact,W/C ASSY. RR. RH.(17.46 mm),14,0.0008228034087569791,0.03309692671394799,0.03598971722365039,1.4476714859584188
SHOE KIT(INCRIMENTAL ADJ.)15,W/C ASSY. RR. LH. CULTUS (17.46 mm),23,0.0013517484572436085,0.027744270205066344,0.07033639143730887,1.4436353441565866
SHOE KIT RH; IAM BAJAJ REGC,W/C  ASSY(15.87)(K14/100),13,0.0007640317367029092,0.07065217391304347,0.015606242496998799,1.44315334829584
KBX  PAD KIT,WC ASSLY PVPL RR(K17/40),157,0.00922715251248898,0.06817194963091619,0.19454770755885997,1.4373552948823285
Shoes Assy W/O Spring,W /C ASSY RH SANTRO,7,0.00041140170437848955,0.0457516339869281,0.01282051282051282,1.4257583375230434
W/C ASSY. RR. LH. CULTUS (17.46 mm),WC ASSLY PVPL RR(K17/40),22,0.0012929767851895385,0.0672782874617737,0.027261462205700124,1.4185130869418578
W/C  ASSY(15.87)(K14/100),WC ASSLY PVPL RR(K17/40),56,0.0032912136350279164,0.06722689075630252,0.06939281288723669,1.4174294253017192
BONDED BRAKE SHOE KIT (KBX type),W/C ASSY. LH(19.05 mm),9,0.0005289450484866295,0.020594965675057208,0.035856573705179286,1.3961089281318664
SHOE KIT(12),W/C ASSY. XYLO (Equlnt)(K62/25),32,0.001880693505730238,0.035634743875278395,0.07256235827664399,1.3748870000858546
SHOE KIT LH; IAM BAJAJ REGC,W/C  ASSY(15.87)(K14/100),14,0.0008228034087569791,0.06698564593301436,0.01680672268907563,1.3682602227493867
SHOE KIT RH RR APE CITY (I 11/20),W/C ASSY. LH.omni (k26/40),9,0.0005289450484866295,0.04186046511627907,0.017208413001912046,1.3618658010582954
SHOE KIT(INCRIMENTAL ADJ.)15,W/C ALTO (K53/100),30,0.001763150161622098,0.03618817852834741,0.06622516556291391,1.3592535489179494
SHOE HOLD DOWN SPRING(A.A),TMC Assy Compact,8,0.0004701733764325595,0.03375527426160337,0.018912529550827423,1.357791942225015
"W/C ASSLY RR, Ø 15.87MM",W/C ASSY. LH(19.05 mm),11,0.0006464883925947693,0.019963702359346643,0.043824701195219126,1.3533163173079008
SHOE KIT LH; IAM BAJAJ REGC,W/C Model K cr3 (19.05)(K31/100),7,0.00041140170437848955,0.03349282296650718,0.016587677725118485,1.3504274473344067
SHOE KIT FRONT (A.A.),SHOE KIT LH; IAM BAJAJ REGC,10,0.0005877167205406994,0.0165016501650165,0.04784688995215311,1.3434238160658172
SHOE KIT,SHOE KIT RH RR APE CITY (I 11/20),41,0.0024096385542168677,0.016858552631578948,0.19069767441860466,1.3341780140758874
PAD KIT,SHOE KIT FRONT (A.A.),124,0.007287687334704672,0.047076689445709946,0.20462046204620463,1.3217984668626315
SHOE KIT  (1 LEADING- 1 TRAILING),SHOE KIT LH; IAM BAJAJ REGC,12,0.0007052600646488392,0.016172506738544475,0.05741626794258373,1.3166277615135609
SHOE KIT RH; IAM BAJAJ REGC,W/C Model K cr3 (19.05)(K31/100),6,0.0003526300323244196,0.03260869565217391,0.014218009478672985,1.3147795178240262
SHOE KIT(INCRIMENTAL ADJ.)15,W/C Model K cr3 (19.05)(K31/100),27,0.0015868351454598883,0.032569360675512665,0.06398104265402843,1.3131935352934787
PAD KIT,SHOE KIT  RH(A.A.),150,0.00881575080811049,0.05694760820045558,0.2032520325203252,1.3129587446216147
BONDED BRAKE SHOE KIT (KBX type),W/C ASSY. RR. LH. CULTUS (17.46 mm),11,0.0006464883925947693,0.02517162471395881,0.03363914373088685,1.309771237027551
SHOE KIT RH RR APE CITY (I 11/20),TMC Assy Compact,7,0.00041140170437848955,0.03255813953488372,0.016548463356973995,1.3096376931112208
SHOE KIT LH (A.A.),W/C ASSY. RR. RH.(17.46 mm),22,0.0012929767851895385,0.029931972789115645,0.056555269922879174,1.3092352622282843
SHOE KIT  RH(A.A.),TMC Assy Compact,24,0.0014105201292976784,0.032520325203252036,0.05673758865248227,1.3081166272655633
"SHOE KIT WITH HBL, OMNI UPG.",W/C ALTO (K53/100),15,0.000881575080811049,0.03480278422273782,0.033112582781456956,1.3072171601542695
PAD FRICTION KING,WC ASSLY PVPL RR(K17/40),31,0.001821921833676168,0.06187624750499002,0.03841387856257745,1.304615057369771
SHOE KIT RH RR APE CITY (I 11/20),W /C ASSY RH SANTRO,9,0.0005289450484866295,0.04186046511627907,0.016483516483516484,1.3044978277536419
W/C ALTO (K53/100),W/C ASSY LH SANTRO,20,0.0011754334410813989,0.04415011037527594,0.034722222222222224,1.304191194505764
"PAD KIT,  Frt",W/C ASSY. LH(19.05 mm),8,0.0004701733764325595,0.019138755980861243,0.03187250996015936,1.2973941554356736
Service kit; Shoes New Swift,W/C ALTO (K53/100),19,0.001116661769027329,0.034420289855072464,0.04194260485651214,1.292850401510062
SHOE KIT LH; IAM BAJAJ REGC,W/C ASSY. XYLO (Equlnt)(K62/25),7,0.00041140170437848955,0.03349282296650718,0.015873015873015872,1.2922457659299764
Shoe Kit,WC ASSLY PVPL RR(K17/40),96,0.005642080517190714,0.061107574793125397,0.11895910780669144,1.2884081599814479
"SERVICE KIT; SHOE KIT, ALTO CD,170",W/C ALTO (K53/100),18,0.001057890096973259,0.034026465028355386,0.039735099337748346,1.2780580628200156
SHOE KIT LH; IAM BAJAJ REGC,W/C ASSY. LH.omni (k26/40),8,0.0004701733764325595,0.03827751196172249,0.015296367112810707,1.245299935045331
W/C ASSY. XYLO (Equlnt)(K62/25),WC ASSLY PVPL RR(K17/40),26,0.0015280634734058183,0.05895691609977324,0.0322180916976456,1.243063107109841
SHOE KIT RH RR APE CITY (I 11/20),W/C  ASSY(15.87)(K14/100),13,0.0007640317367029092,0.06046511627906977,0.015606242496998799,1.2350707724950445
SHOE KIT RH RR APE CITY (I 11/20),SHOE KIT(12),14,0.0008228034087569791,0.06511627906976744,0.015590200445434299,1.2338012119956492
SHOE KIT RH RR APE CITY (I 11/20),W/C ASSY. RR. RH.(17.46 mm),6,0.0003526300323244196,0.027906976744186046,0.015424164524421594,1.2206612064327136
SHOE KIT RH RR APE CITY (I 11/20),W/C ASSY. RR.(17.46 mm) YE2,5,0.0002938583602703497,0.023255813953488372,0.015384615384615385,1.217531305903399
SHOE KIT  RH(A.A.),SHOE KIT LH; IAM BAJAJ REGC,11,0.0006464883925947693,0.014905149051490514,0.05263157894736842,1.2134502923976607
BONDED BRAKE SHOE KIT (KBX type),W/C ALTO (K53/100),14,0.0008228034087569791,0.032036613272311214,0.03090507726269316,1.2033178252282017
SHOE KIT  RH(A.A.),W/C ASSY. RR. RH.(17.46 mm),20,0.0011754334410813989,0.02710027100271003,0.05141388174807198,1.1853756069694374
SHOE RETURN SPRING(A.A),Service kit; Shoes New Swift,8,0.0004701733764325595,0.03827751196172249,0.014492753623188406,1.1798765688925872
"PAD KIT,  Frt",W/C ALTO (K53/100),13,0.0007640317367029092,0.03110047846889952,0.02869757174392936,1.16815594072478
SHOE RETURN SPRING(A.A),TMC Assy Compact,6,0.0003526300323244196,0.028708133971291867,0.014184397163120567,1.1547728121076382
SHOE KIT LH (A.A.),TMC Assy Compact,21,0.0012342051131354686,0.02857142857142857,0.04964539007092199,1.1492738939547447
SHOE KIT(INCRIMENTAL ADJ.)15,"TMC ASSLY WITH RESERVOIR, PVPL APE501",46,0.002703496914487217,0.05548854041013269,0.05548854041013269,1.1388872316989236
SHOE KIT FRONT (A.A.),TMC Assy Compact,17,0.000999118424919189,0.028052805280528052,0.04018912529550828,1.1284124866387348
SHOE KIT  (1 LEADING- 1 TRAILING),SHOE KIT RH; IAM BAJAJ REGC,9,0.0005289450484866295,0.012129380053908356,0.04891304347826087,1.121638052267667
SHOE KIT(INCRIMENTAL ADJ.)15,W/C ASSY. XYLO (Equlnt)(K62/25),24,0.0014105201292976784,0.028950542822677925,0.05442176870748299,1.1169920320359747
W/C ALTO (K53/100),W/C ASSY. RH(K23/40),17,0.000999118424919189,0.037527593818984545,0.029565217391304348,1.110490450139169
KBX  PAD KIT,W/C ALTO (K53/100),68,0.003996473699676756,0.029526704298740773,0.15011037527593818,1.1090438711767645
SHOE KIT RH RR APE CITY (I 11/20),W/C ASSY. RH(K23/40),8,0.0004701733764325595,0.037209302325581395,0.01391304347826087,1.101071789686552
W /C ASSY RH SANTRO,W/C ALTO (K53/100),16,0.000940346752865119,0.029304029304029304,0.03532008830022075,1.100680041077392
PAD KIT,WC ASSLY PVPL RR(K17/40),137,0.008051719071407582,0.05201214882308276,0.1697645600991326,1.0966378094482692
SHOE KIT(15),W/C ASSY. RR. LH. CULTUS (17.46 mm),9,0.0005289450484866295,0.02102803738317757,0.027522935779816515,1.0941653090971448
SHOE KIT(INCRIMENTAL ADJ.)15,WC ASSLY PVPL RR(K17/40),43,0.002527181898325007,0.05186972255729795,0.05328376703841388,1.093634856644888
"TMC ASSLY WITH RESERVOIR, PVPL APE501",W /C ASSY RH SANTRO,29,0.0017043784895680281,0.03498190591073583,0.05311355311355311,1.09014126203511
SHOE KIT FRONT (A.A.),SHOE KIT RH; IAM BAJAJ REGC,7,0.00041140170437848955,0.01155115511551155,0.03804347826086957,1.068167958100158
W/C ASSY. RH(19.05 mm),W/C ASSY. XYLO (Equlnt)(K62/25),7,0.00041140170437848955,0.027237354085603113,0.015873015873015872,1.0508924711259342
SHOE KIT RH RR APE CITY (I 11/20),SHOE KIT(INCRIMENTAL ADJ.)15,11,0.0006464883925947693,0.05116279069767442,0.013268998793727383,1.0501023929082391
TMC Assy Compact,WC ASSLY PVPL RR(K17/40),21,0.0012342051131354686,0.04964539007092199,0.026022304832713755,1.0467364461669608
SHOE KIT LH; IAM BAJAJ REGC,W/C ASSY. RR. RH.(17.46 mm),5,0.0002938583602703497,0.023923444976076555,0.012853470437017995,1.0464200932337855
W/C ALTO (K53/100),W/C ASSY. RH(19.05 mm),7,0.00041140170437848955,0.01545253863134658,0.027237354085603113,1.0230542599702803
SHOE KIT RH; IAM BAJAJ REGC,W /C ASSY RH SANTRO,6,0.0003526300323244196,0.03260869565217391,0.01098901098901099,1.0161849020544673
PAD KIT,Shoes Assy W/O Spring,24,0.0014105201292976784,0.009111617312072893,0.1568627450980392,1.0132952193785638
SHOE KIT RH; IAM BAJAJ REGC,"W/C ASSLY RR, Ø 15.87MM",6,0.0003526300323244196,0.03260869565217391,0.010889292196007259,1.0069636234514323
TMC Assy Compact,W/C ASSY. RR. LH. CULTUS (17.46 mm),8,0.0004701733764325595,0.018912529550827423,0.024464831804281346,0.9840877379429008
PAD FRICTION KING,W/C ALTO (K53/100),13,0.0007640317367029092,0.02594810379241517,0.02869757174392936,0.9746291082294573
SHOE KIT RH; IAM BAJAJ REGC,W/C ASSY LH SANTRO,6,0.0003526300323244196,0.03260869565217391,0.010416666666666666,0.9632586050724637
KBX  PAD KIT,SHOE KIT RH RR APE CITY (I 11/20),28,0.0016456068175139582,0.0121580547112462,0.13023255813953488,0.9621827949388564
SHOE KIT LH (A.A.),"TMC ASSLY WITH RESERVOIR, PVPL APE501",34,0.001998236849838378,0.04625850340136054,0.04101326899879373,0.9494432272305786
"PAD KIT,  Frt",SHOE KIT RH RR APE CITY (I 11/20),5,0.0002938583602703497,0.011961722488038277,0.023255813953488372,0.9466451541114944
"SHOE KIT WITH HBL, OMNI UPG.",SHOE RETURN SPRING(A.A),5,0.0002938583602703497,0.01160092807424594,0.023923444976076555,0.9444487616425582
W/C ALTO (K53/100),WC ASSLY PVPL RR(K17/40),20,0.0011754334410813989,0.04415011037527594,0.024783147459727387,0.9308725254464935
PAD FRICTION KING,SHOE KIT RH; IAM BAJAJ REGC,5,0.0002938583602703497,0.00998003992015968,0.02717391304347826,0.9228824958778098
SHOE KIT  (1 LEADING- 1 TRAILING),TMC Assy Compact,17,0.000999118424919189,0.022911051212938006,0.04018912529550828,0.9215875564731446
SHOE KIT(12),W/C ALTO (K53/100),22,0.0012929767851895385,0.024498886414253896,0.04856512141280353,0.9201954797760046
"TMC ASSLY WITH RESERVOIR, PVPL APE501",W/C ALTO (K53/100),20,0.0011754334410813989,0.024125452352231604,0.04415011037527594,0.9061690326119664
W/C ALTO (K53/100),W/C ASSY. LH(19.05 mm),6,0.0003526300323244196,0.013245033112582781,0.02390438247011952,0.8978654916756814
SHOE KIT FRONT (A.A.),W/C ASSY. XYLO (Equlnt)(K62/25),14,0.0008228034087569791,0.0231023102310231,0.031746031746031744,0.8913510398658913
TMC Assy Compact,W/C ALTO (K53/100),10,0.0005877167205406994,0.02364066193853428,0.02207505518763797,0.8879599622166905
SHOE KIT LH; IAM BAJAJ REGC,"W/C ASSLY RR, Ø 15.87MM",6,0.0003526300323244196,0.028708133971291867,0.010889292196007259,0.886513429258677
SHOE KIT  (1 LEADING- 1 TRAILING),"TMC ASSLY WITH RESERVOIR, PVPL APE501",32,0.001880693505730238,0.0431266846361186,0.038600723763570564,0.8851634970851122
"TMC ASSLY WITH RESERVOIR, PVPL APE501",W/C ASSY. RR.(17.46 mm) YE2,14,0.0008228034087569791,0.016887816646562123,0.043076923076923075,0.8841421545884754
SHOE KIT LH; IAM BAJAJ REGC,SHOE KIT(INCRIMENTAL ADJ.)15,9,0.0005289450484866295,0.0430622009569378,0.010856453558504222,0.8838399870715279
"TMC ASSLY WITH RESERVOIR, PVPL APE501",W/C ASSY. RR. LH. CULTUS (17.46 mm),14,0.0008228034087569791,0.016887816646562123,0.04281345565749235,0.8787345573127049
SHOE KIT  RH(A.A.),SHOE KIT RH; IAM BAJAJ REGC,7,0.00041140170437848955,0.009485094850948509,0.03804347826086957,0.8771135265700483
Service kit; Shoes New Swift,TMC Assy Compact,12,0.0007052600646488392,0.021739130434782608,0.028368794326241134,0.8744475280090451
SHOE KIT FRONT (A.A.),W/C ASSY. RR. RH.(17.46 mm),12,0.0007052600646488392,0.019801980198019802,0.030848329048843187,0.8661457405380639
SHOE KIT,W/C ALTO (K53/100),56,0.0032912136350279164,0.023026315789473683,0.12362030905077263,0.8648846868827698
SHOE KIT RH RR APE CITY (I 11/20),"W/C ASSLY RR, Ø 15.87MM",6,0.0003526300323244196,0.027906976744186046,0.010889292196007259,0.8617735196049465
SHOE KIT RH RR APE CITY (I 11/20),Shoe Kit,17,0.000999118424919189,0.07906976744186046,0.010821133036282623,0.8563794354062737
PAD KIT,W/C ALTO (K53/100),60,0.003526300323244196,0.022779043280182234,0.13245033112582782,0.8555969567600457
SHOE KIT LH; IAM BAJAJ REGC,W/C ASSY. RH(K23/40),6,0.0003526300323244196,0.028708133971291867,0.010434782608695653,0.8495111296026626
SHOE KIT LH; IAM BAJAJ REGC,W/C ASSY LH SANTRO,6,0.0003526300323244196,0.028708133971291867,0.010416666666666666,0.8480362838915468
SHOE KIT(15),WC ASSLY PVPL RR(K17/40),17,0.000999118424919189,0.0397196261682243,0.021065675340768277,0.8374590325307762
"TMC ASSLY WITH RESERVOIR, PVPL APE501",W/C Model K cr3 (19.05)(K31/100),17,0.000999118424919189,0.020506634499396863,0.04028436018957346,0.8268255592588571
PAD FRICTION KING,SHOE RETURN SPRING(A.A),5,0.0002938583602703497,0.00998003992015968,0.023923444976076555,0.8124898528302248
SHOE KIT RH; IAM BAJAJ REGC,W/C ASSY. RH(K23/40),5,0.0002938583602703497,0.02717391304347826,0.008695652173913044,0.8041115311909264
PAD FRICTION KING,SHOE KIT RH RR APE CITY (I 11/20),5,0.0002938583602703497,0.00998003992015968,0.023255813953488372,0.7898157174024046
PAD KIT,SHOE KIT RH RR APE CITY (I 11/20),26,0.0015280634734058183,0.009870918754745633,0.12093023255813953,0.7811799191255672
SHOE KIT RH; IAM BAJAJ REGC,SHOE KIT(INCRIMENTAL ADJ.)15,7,0.00041140170437848955,0.03804347826086957,0.008443908323281062,0.7808320658729743
SHOE KIT  (1 LEADING- 1 TRAILING),W/C ASSY. XYLO (Equlnt)(K62/25),15,0.000881575080811049,0.02021563342318059,0.034013605442176874,0.7799750628014008
SHOE KIT  RH(A.A.),"TMC ASSLY WITH RESERVOIR, PVPL APE501",28,0.0016456068175139582,0.037940379403794036,0.033775633293124246,0.7787159898136978
Shoe Kit,W/C ALTO (K53/100),32,0.001880693505730238,0.020369191597708464,0.0706401766004415,0.7650812252428467
TMC Assy Compact,W/C Model K cr3 (19.05)(K31/100),8,0.0004701733764325595,0.018912529550827423,0.018957345971563982,0.7625513988325322
SHOE KIT LH (A.A.),SHOE KIT RH; IAM BAJAJ REGC,6,0.0003526300323244196,0.00816326530612245,0.03260869565217391,0.754880212954747
KBX  PAD KIT,SHOE KIT LH; IAM BAJAJ REGC,21,0.0012342051131354686,0.00911854103343465,0.10047846889952153,0.7423539506406248
"TMC ASSLY WITH RESERVOIR, PVPL APE501",TMC Assy Compact,15,0.000881575080811049,0.018094089264173704,0.03546099290780142,0.727827254917058
SHOE KIT  RH(A.A.),W/C ALTO (K53/100),14,0.0008228034087569791,0.018970189701897018,0.03090507726269316,0.712533725778759
SHOE KIT FRONT (A.A.),"TMC ASSLY WITH RESERVOIR, PVPL APE501",21,0.0012342051131354686,0.034653465346534656,0.025331724969843185,0.7112529708941943
SHOE KIT  (1 LEADING- 1 TRAILING),W/C ALTO (K53/100),14,0.0008228034087569791,0.018867924528301886,0.03090507726269316,0.7086925736182266
SHOE KIT LH (A.A.),W/C ASSY. RR. LH. CULTUS (17.46 mm),10,0.0005877167205406994,0.013605442176870748,0.03058103975535168,0.707940668622189
SHOE KIT,SHOE KIT LH; IAM BAJAJ REGC,21,0.0012342051131354686,0.008634868421052632,0.10047846889952153,0.7029774458574665
SHOE KIT(15),W/C ALTO (K53/100),8,0.0004701733764325595,0.018691588785046728,0.017660044150110375,0.7020692785376823
SHOE KIT RH RR APE CITY (I 11/20),W/C ASSY LH SANTRO,5,0.0002938583602703497,0.023255813953488372,0.008680555555555556,0.6869751291989664
"PAD KIT,  Frt",TMC Assy Compact,7,0.00041140170437848955,0.01674641148325359,0.016548463356973995,0.6736174737294557
Shoes Assy W/O Spring,"TMC ASSLY WITH RESERVOIR, PVPL APE501",5,0.0002938583602703497,0.032679738562091505,0.006031363088057901,0.6707427643353281
SHOE KIT RH; IAM BAJAJ REGC,Shoe Kit,11,0.0006464883925947693,0.059782608695652176,0.007001909611712286,0.6474863698004594
PAD FRICTION KING,TMC Assy Compact,8,0.0004701733764325595,0.015968063872255488,0.018912529550827423,0.6423087630884803
"TMC ASSLY WITH RESERVOIR, PVPL APE501",W/C ASSY. RR. RH.(17.46 mm),12,0.0007052600646488392,0.014475271411338963,0.030848329048843187,0.6331535811412143
SHOE KIT,TMC Assy Compact,38,0.002233323538054658,0.015625,0.08983451536643026,0.6285091607565011
SHOE KIT LH; IAM BAJAJ REGC,Shoe Kit,12,0.0007052600646488392,0.05741626794258373,0.0076384468491406746,0.6218572877422419
SHOE KIT FRONT (A.A.),W/C ALTO (K53/100),10,0.0005877167205406994,0.0165016501650165,0.02207505518763797,0.6198136369928384
SHOE KIT RH; IAM BAJAJ REGC,SHOE KIT(12),6,0.0003526300323244196,0.03260869565217391,0.0066815144766146995,0.6178585261934734
TMC Assy Compact,W /C ASSY RH SANTRO,8,0.0004701733764325595,0.018912529550827423,0.014652014652014652,0.5893712276691
KBX  PAD KIT,SHOE KIT RH; IAM BAJAJ REGC,14,0.0008228034087569791,0.0060790273556231,0.07608695652173914,0.5621448394343862
SHOE KIT LH (A.A.),W/C ALTO (K53/100),11,0.0006464883925947693,0.014965986394557823,0.024282560706401765,0.5621330209788109
SHOE KIT  (1 LEADING- 1 TRAILING),W/C ASSY. RR. LH. CULTUS (17.46 mm),8,0.0004701733764325595,0.01078167115902965,0.024464831804281346,0.5610095864553195
KBX  PAD KIT,TMC Assy Compact,31,0.001821921833676168,0.013460703430308293,0.07328605200945626,0.5414512266352143
KBX  PAD KIT,"TMC ASSLY WITH RESERVOIR, PVPL APE501",59,0.0034675286511901262,0.025618758141554496,0.07117008443908324,0.5258180576339563
SHOE KIT(12),"TMC ASSLY WITH RESERVOIR, PVPL APE501",23,0.0013517484572436085,0.025612472160356347,0.027744270205066344,0.5256890395759508
SHOE KIT LH (A.A.),W/C ASSY. XYLO (Equlnt)(K62/25),10,0.0005877167205406994,0.013605442176870748,0.022675736961451247,0.5249355978218953
"TMC ASSLY WITH RESERVOIR, PVPL APE501",W/C  ASSY(15.87)(K14/100),21,0.0012342051131354686,0.025331724969843185,0.025210084033613446,0.517430132487253
SHOE KIT FRONT (A.A.),W/C ASSY. RR. LH. CULTUS (17.46 mm),6,0.0003526300323244196,0.009900990099009901,0.01834862385321101,0.5151845459775335
SHOE KIT,"TMC ASSLY WITH RESERVOIR, PVPL APE501",61,0.003585071995298266,0.025082236842105265,0.0735826296743064,0.514806103580725
"TMC ASSLY WITH RESERVOIR, PVPL APE501",W/C ASSY LH SANTRO,14,0.0008228034087569791,0.016887816646562123,0.024305555555555556,0.49886493097440016
SHOE KIT  RH(A.A.),W/C ASSY. RR. LH. CULTUS (17.46 mm),7,0.00041140170437848955,0.009485094850948509,0.021406727828746176,0.4935440027183146
"TMC ASSLY WITH RESERVOIR, PVPL APE501",W/C ASSY. LH(19.05 mm),6,0.0003526300323244196,0.007237635705669481,0.02390438247011952,0.49063096227874986
TMC Assy Compact,W/C ASSY LH SANTRO,7,0.00041140170437848955,0.016548463356973995,0.012152777777777778,0.4888404583661675
Service kit; Shoes New Swift,"TMC ASSLY WITH RESERVOIR, PVPL APE501",13,0.0007640317367029092,0.02355072463768116,0.015681544028950542,0.4833722312546983
SHOE KIT(15),"TMC ASSLY WITH RESERVOIR, PVPL APE501",10,0.0005877167205406994,0.02336448598130841,0.012062726176115802,0.4795497333799308
"TMC ASSLY WITH RESERVOIR, PVPL APE501",W/C ASSY. RH(19.05 mm),6,0.0003526300323244196,0.007237635705669481,0.023346303501945526,0.47917654292593864
SHOE KIT  RH(A.A.),W/C ASSY. XYLO (Equlnt)(K62/25),9,0.0005289450484866295,0.012195121951219513,0.02040816326530612,0.4705215419501134
"TMC ASSLY WITH RESERVOIR, PVPL APE501",W/C ASSY. RH(K23/40),13,0.0007640317367029092,0.015681544028950542,0.022608695652173914,0.46403734200451036
PAD KIT,SHOE KIT LH; IAM BAJAJ REGC,15,0.000881575080811049,0.0056947608200455585,0.07177033492822966,0.4636189251343309
SHOE KIT,SHOE KIT RH; IAM BAJAJ REGC,12,0.0007052600646488392,0.004934210526315789,0.06521739130434782,0.45628039187643016
"SERVICE KIT; SHOE KIT, ALTO CD,170",TMC Assy Compact,6,0.0003526300323244196,0.011342155009451797,0.014184397163120567,0.4562334928742844
SHOE KIT LH; IAM BAJAJ REGC,SHOE KIT(12),5,0.0002938583602703497,0.023923444976076555,0.005567928730512249,0.45329333660127236
"PAD KIT,  Frt","TMC ASSLY WITH RESERVOIR, PVPL APE501",9,0.0005289450484866295,0.0215311004784689,0.010856453558504222,0.44191999353576394
SHOE KIT(INCRIMENTAL ADJ.)15,TMC Assy Compact,9,0.0005289450484866295,0.010856453558504222,0.02127659574468085,0.43669635295023485
"TMC ASSLY WITH RESERVOIR, PVPL APE501",W/C ASSY. LH.omni (k26/40),11,0.0006464883925947693,0.013268998793727383,0.021032504780114723,0.4316864521515706
"SHOE KIT WITH HBL, OMNI UPG.","TMC ASSLY WITH RESERVOIR, PVPL APE501",9,0.0005289450484866295,0.02088167053364269,0.010856453558504222,0.4285906201808569
"SERVICE KIT; SHOE KIT, ALTO CD,170","TMC ASSLY WITH RESERVOIR, PVPL APE501",11,0.0006464883925947693,0.020793950850661626,0.013268998793727383,0.42679019749578717
BONDED BRAKE SHOE KIT (KBX type),"TMC ASSLY WITH RESERVOIR, PVPL APE501",9,0.0005289450484866295,0.020594965675057208,0.010856453558504222,0.4227060807733395
PAD KIT,SHOE KIT RH; IAM BAJAJ REGC,12,0.0007052600646488392,0.004555808656036446,0.06521739130434782,0.4212885015351094
PAD KIT,"TMC ASSLY WITH RESERVOIR, PVPL APE501",54,0.0031736702909197765,0.02050113895216401,0.06513872135102533,0.420780312751593
TMC Assy Compact,W/C ASSY. RH(K23/40),6,0.0003526300323244196,0.014184397163120567,0.010434782608695653,0.4197348134443416
"TMC ASSLY WITH RESERVOIR, PVPL APE501","W/C ASSLY RR, Ø 15.87MM",11,0.0006464883925947693,0.013268998793727383,0.019963702359346643,0.40974957255040184
Shoe Kit,TMC Assy Compact,15,0.000881575080811049,0.009548058561425843,0.03546099290780142,0.38406670549092364
"TMC ASSLY WITH RESERVOIR, PVPL APE501",W/C ASSY. XYLO (Equlnt)(K62/25),8,0.0004701733764325595,0.009650180940892641,0.018140589569160998,0.37233067734532493
SHOE KIT(12),TMC Assy Compact,8,0.0004701733764325595,0.008908685968819599,0.018912529550827423,0.3583482074691855
Shoe Kit,"TMC ASSLY WITH RESERVOIR, PVPL APE501",24,0.0014105201292976784,0.015276893698281349,0.028950542822677925,0.3135540968350508
PAD KIT,TMC Assy Compact,20,0.0011754334410813989,0.007593014426727411,0.04728132387706856,0.3054258639970849
PAD FRICTION KING,"TMC ASSLY WITH RESERVOIR, PVPL APE501",7,0.00041140170437848955,0.013972055888223553,0.008443908323281062,0.2867726549313917
